DEBUG:root:studio.py: config file is ./config/PhysiCell_settings_microtissue.xml
DEBUG:root:studio.py: open_as_cb():  filePath is valid
DEBUG:root:len(config_file) = 43
DEBUG:root:done with args.config
DEBUG:root:exec pgm is follicle
DEBUG:root:self.current_dir = /home/joseph/projects/follicle_fork
DEBUG:root:cell_def_tab.py: ------- fill_substrates_comboboxes
DEBUG:root: --> NaCl
DEBUG:root: --> EG
DEBUG:root:cell_def_tab.py: ------- fill_substrate_colormap_comboboxes
DEBUG:root:=======================  microenv populate_tree  ======================= 
DEBUG:root:dc_ic_units =  fmol/um^3
DEBUG:root:dc_bc_units = fmol/um^3
DEBUG:root:bv = <Element 'boundary_value' at 0x76269197bc90>
DEBUG:root:   -------- NaCl:  dirichlet_xmin = 0
DEBUG:root:bv = <Element 'boundary_value' at 0x76269197bce0>
DEBUG:root:bv = <Element 'boundary_value' at 0x76269197bd30>
DEBUG:root:bv = <Element 'boundary_value' at 0x76269197bd80>
DEBUG:root:bv = <Element 'boundary_value' at 0x76269197bdd0>
DEBUG:root:bv = <Element 'boundary_value' at 0x76269197be20>
DEBUG:root:dc_ic_units =  fmol/um^3
DEBUG:root:dc_bc_units = fmol/um^3
DEBUG:root:bv = <Element 'boundary_value' at 0x7626919ac0e0>
DEBUG:root:   -------- EG:  dirichlet_xmin = 0
DEBUG:root:bv = <Element 'boundary_value' at 0x7626919ac130>
DEBUG:root:bv = <Element 'boundary_value' at 0x7626919ac180>
DEBUG:root:bv = <Element 'boundary_value' at 0x7626919ac1d0>
DEBUG:root:bv = <Element 'boundary_value' at 0x7626919ac220>
DEBUG:root:bv = <Element 'boundary_value' at 0x7626919ac270>
DEBUG:root:------- options: <Element 'calculate_gradients' at 0x7626919ac310>
DEBUG:root:------- options: <Element 'track_internalized_substrates_in_each_agent' at 0x7626919ac3b0>
DEBUG:root:------- options: <Element 'initial_condition' at 0x7626919ac400>
DEBUG:root:------- options: <Element 'dirichlet_nodes' at 0x7626919ac4a0>
DEBUG:root:

=======================  leaving microenv populate_tree  =====================
DEBUG:root:studio.py: first_cell_def_name= oocyte
DEBUG:root:cell_def_tab.py: ------- fill_substrates_comboboxes
DEBUG:root: --> NaCl
DEBUG:root:------ motility_substrate_changed_cb(): idx = 0
DEBUG:root:       motility_substrate_changed_cb(): self.current_cell_def = None
DEBUG:root:------ motility2_substrate_changed_cb(): idx = 0
DEBUG:root:   text (subname) = NaCl
DEBUG:root: --> EG
DEBUG:root:=======================  populate_tree_cell_defs(): ======================= 
DEBUG:root:    cell_def_tab.param_d = {}
DEBUG:root:

=======================  validate_cell_defs(): ======================= 
DEBUG:root:Checking oocyte
DEBUG:root:Checking granulosa
DEBUG:root:Checking matrix
DEBUG:root:=======================  end validate_cell_defs(): =======================


DEBUG:root:----- cell_def.tag= cell_definition
DEBUG:root:
--------new_interaction_params(): cdname_new= oocyte, reset_mapping= False
DEBUG:root:
--------new_intracellular_params(): cdname_new= oocyte
DEBUG:root:------- new_custom_data_params() -----
DEBUG:root:
===== populate_tree():  cycle
DEBUG:root: >> cycle_path= .//cell_definition[1]//phenotype//cycle
DEBUG:root:   cycle code= 6
DEBUG:root:<Element 'rate' at 0x7626919ac770>
DEBUG:root:<Element 'rate' at 0x7626919ac810>
DEBUG:root:<Element 'rate' at 0x7626919ac8b0>
DEBUG:root:<Element 'rate' at 0x7626919ac950>
DEBUG:root:---- asymmetric_division_probabilities_path = .//cell_definition[1]//phenotype//cycle//standard_asymmetric_division
DEBUG:root:
===== populate_tree():  death
DEBUG:root:death_uep=<Element 'death' at 0x7626919acc70>
DEBUG:root:-------- parsing apoptosis!
DEBUG:root: >> pd_uep =<Element 'phase_durations' at 0x7626919ace00>
DEBUG:root:phase_duration= <Element 'duration' at 0x7626919acea0>
DEBUG:root:index= 0
DEBUG:root:-------- parsing necrosis!
DEBUG:root: >> pd_uep =<Element 'phase_durations' at 0x7626919ad620>
DEBUG:root:<Element 'duration' at 0x7626919ad6c0>
DEBUG:root:index= 0
DEBUG:root:<Element 'duration' at 0x7626919ad760>
DEBUG:root:index= 1
DEBUG:root:volume_path=.//cell_definition[1]//phenotype//volume//
DEBUG:root:
===== populate_tree():  mechanics
DEBUG:root:mechanics_path=.//cell_definition[1]//phenotype//mechanics//
DEBUG:root:---- cell_interactions_path= .//cell_definition[1]//phenotype//mechanics//cell_adhesion_affinities
DEBUG:root:---- found cell_adhesion_affinities_path:
DEBUG:root:--> {'default': '1'}
DEBUG:root:--> {'default': '1', 'oocyte': '1.0'}
DEBUG:root:--> {'default': '1', 'oocyte': '1.0', 'matrix': '1.0'}
DEBUG:root:
===== populate_tree():  motility
DEBUG:root:motility_path=.//cell_definition[1]//phenotype//motility//
DEBUG:root:
----------- populate_tree_cell_defs.py: cell_def_name= oocyte,  cell_def_tab.param_d[cell_def_name]["motility_chemotaxis_substrate"] = NaCl
DEBUG:root:motility_advanced_chemotaxis_path= .//cell_definition[1]//phenotype//motility//options//advanced_chemotaxis//
DEBUG:root:chemotactic_sensitivity= {'NaCl': '0.0', 'EG': '0.0'}
DEBUG:root:sensitivity_path= .//cell_definition[1]//phenotype//motility//options//advanced_chemotaxis//chemotactic_sensitivities
DEBUG:root:---- found chemotactic_sensitivities: <Element 'chemotactic_sensitivities' at 0x7626919af1a0>
DEBUG:root:subelm=<Element 'chemotactic_sensitivity' at 0x7626919af240>
DEBUG:root: chemotactic_sensitivity--> NaCl = 0.0
DEBUG:root:subelm=<Element 'chemotactic_sensitivity' at 0x7626919af2e0>
DEBUG:root: chemotactic_sensitivity--> EG = 0.0
DEBUG:root:{'NaCl': '0.0', 'EG': '0.0'}
DEBUG:root:------ motility2_substrate_changed_cb(): idx = 0
DEBUG:root:   text (subname) = NaCl
DEBUG:root:    motility_advanced_chemotaxis_substrate= NaCl
DEBUG:root:   chemotactic_sensitivity = {'NaCl': '0.0', 'EG': '0.0'}
DEBUG:root:----- chemo_sensitivity_changed() = 0.0
DEBUG:root:----- chemo_sensitivity_changed(): subname = NaCl
DEBUG:root:     chemotactic_sensitivity (dict)= {'NaCl': '0.0', 'EG': '0.0'}
DEBUG:root:
===== populate_tree():  secretion
DEBUG:root:secretion_path = .//cell_definition[1]//phenotype//secretion
DEBUG:root:uep_secretion = <Element 'secretion' at 0x7626919af3d0>
DEBUG:root:0) -- secretion substrate = NaCl
DEBUG:root:1) -- secretion substrate = EG
DEBUG:root:------ done parsing secretion:
DEBUG:root:
===== populate_tree():  cell_interactions
DEBUG:root:---- cell_interactions_path= .//cell_definition[1]//phenotype//cell_interactions
DEBUG:root:---- found cell_interactions:
DEBUG:root:uep2= <Element 'live_phagocytosis_rates' at 0x7626919afbf0>
DEBUG:root: live_phagocytosis_rate= {'default': '0', 'matrix': '0.0'}
DEBUG:root: attack_rate= {'default': '0', 'matrix': '0.0'}
DEBUG:root: fusion_rate= {'default': '0', 'matrix': '0.0'}
DEBUG:root:------ done parsing cell_interactions:
DEBUG:root:---- transformation_rates_path = .//cell_definition[1]//phenotype//cell_transformations//transformation_rates
DEBUG:root: transformation_rate= {'default': '0', 'matrix': '0.0'}
DEBUG:root:------ done parsing cell_transformations:
DEBUG:root:---- cell_integrity_path = .//cell_definition[1]//phenotype//cell_integrity
DEBUG:root: damage_rate= 0.0
DEBUG:root:------ done parsing cell_integrity:
DEBUG:root:
===== populate_tree():  molecular
DEBUG:root:
===== populate_tree():  intracellular
DEBUG:root:------ done parsing intracellular:
DEBUG:root:
===== populate_tree():  custom data
DEBUG:root:uep_custom_data= <Element 'custom_data' at 0x7626919bc450>
DEBUG:root:--------------- populate_tree: (empty)custom_data = {}
DEBUG:root:var.attrib.keys() = dict_keys(['conserved', 'units', 'description'])
DEBUG:root:populate: cell_def_name= oocyte --> custom_data: {'sample': ['1.0', False]}
DEBUG:root:var.attrib.keys() = dict_keys(['conserved', 'units', 'description'])
DEBUG:root:-------- conserved is true for <Element 'initial_cell_volume' at 0x7626919bc4f0>
DEBUG:root:populate: cell_def_name= oocyte --> custom_data: {'sample': ['1.0', False], 'initial_cell_volume': ['817283.0', True]}
DEBUG:root:var.attrib.keys() = dict_keys(['conserved', 'units', 'description'])
DEBUG:root:-------- conserved is true for <Element 'initial_cell_radius' at 0x7626919bc540>
DEBUG:root:populate: cell_def_name= oocyte --> custom_data: {'sample': ['1.0', False], 'initial_cell_volume': ['817283.0', True], 'initial_cell_radius': ['58', True]}
DEBUG:root:var.attrib.keys() = dict_keys(['conserved', 'units', 'description'])
DEBUG:root:populate: cell_def_name= oocyte --> custom_data: {'sample': ['1.0', False], 'initial_cell_volume': ['817283.0', True], 'initial_cell_radius': ['58', True], 'Vb': ['0.288', False]}
DEBUG:root:var.attrib.keys() = dict_keys(['conserved', 'units', 'description'])
DEBUG:root:populate: cell_def_name= oocyte --> custom_data: {'sample': ['1.0', False], 'initial_cell_volume': ['817283.0', True], 'initial_cell_radius': ['58', True], 'Vb': ['0.288', False], 'Lp': ['0.016667', False]}
DEBUG:root:var.attrib.keys() = dict_keys(['conserved', 'units', 'description'])
DEBUG:root:populate: cell_def_name= oocyte --> custom_data: {'sample': ['1.0', False], 'initial_cell_volume': ['817283.0', True], 'initial_cell_radius': ['58', True], 'Vb': ['0.288', False], 'Lp': ['0.016667', False], 'Ps_0': ['0.0', False]}
DEBUG:root:var.attrib.keys() = dict_keys(['conserved', 'units', 'description'])
DEBUG:root:populate: cell_def_name= oocyte --> custom_data: {'sample': ['1.0', False], 'initial_cell_volume': ['817283.0', True], 'initial_cell_radius': ['58', True], 'Vb': ['0.288', False], 'Lp': ['0.016667', False], 'Ps_0': ['0.0', False], 'Ps_1': ['0.12', False]}
DEBUG:root:var.attrib.keys() = dict_keys(['conserved', 'units', 'description'])
DEBUG:root:populate: cell_def_name= oocyte --> custom_data: {'sample': ['1.0', False], 'initial_cell_volume': ['817283.0', True], 'initial_cell_radius': ['58', True], 'Vb': ['0.288', False], 'Lp': ['0.016667', False], 'Ps_0': ['0.0', False], 'Ps_1': ['0.12', False], 'initial_temp': ['293.15', False]}
DEBUG:root:var.attrib.keys() = dict_keys(['conserved', 'units', 'description'])
DEBUG:root:populate: cell_def_name= oocyte --> custom_data: {'sample': ['1.0', False], 'initial_cell_volume': ['817283.0', True], 'initial_cell_radius': ['58', True], 'Vb': ['0.288', False], 'Lp': ['0.016667', False], 'Ps_0': ['0.0', False], 'Ps_1': ['0.12', False], 'initial_temp': ['293.15', False], 'is_cryocell': ['1', False]}
DEBUG:root:var.attrib.keys() = dict_keys(['conserved', 'units', 'description'])
DEBUG:root:populate: cell_def_name= oocyte --> custom_data: {'sample': ['1.0', False], 'initial_cell_volume': ['817283.0', True], 'initial_cell_radius': ['58', True], 'Vb': ['0.288', False], 'Lp': ['0.016667', False], 'Ps_0': ['0.0', False], 'Ps_1': ['0.12', False], 'initial_temp': ['293.15', False], 'is_cryocell': ['1', False], 'maximum_interaction_distance': ['10', False]}
DEBUG:root:var.attrib.keys() = dict_keys(['conserved', 'units', 'description'])
DEBUG:root:populate: cell_def_name= oocyte --> custom_data: {'sample': ['1.0', False], 'initial_cell_volume': ['817283.0', True], 'initial_cell_radius': ['58', True], 'Vb': ['0.288', False], 'Lp': ['0.016667', False], 'Ps_0': ['0.0', False], 'Ps_1': ['0.12', False], 'initial_temp': ['293.15', False], 'is_cryocell': ['1', False], 'maximum_interaction_distance': ['10', False], 'k_granulosa': ['0.2', False]}
DEBUG:root:var.attrib.keys() = dict_keys(['conserved', 'units', 'description'])
DEBUG:root:populate: cell_def_name= oocyte --> custom_data: {'sample': ['1.0', False], 'initial_cell_volume': ['817283.0', True], 'initial_cell_radius': ['58', True], 'Vb': ['0.288', False], 'Lp': ['0.016667', False], 'Ps_0': ['0.0', False], 'Ps_1': ['0.12', False], 'initial_temp': ['293.15', False], 'is_cryocell': ['1', False], 'maximum_interaction_distance': ['10', False], 'k_granulosa': ['0.2', False], 'k_oocyte': ['0.7', False]}
DEBUG:root:var.attrib.keys() = dict_keys(['conserved', 'units', 'description'])
DEBUG:root:populate: cell_def_name= oocyte --> custom_data: {'sample': ['1.0', False], 'initial_cell_volume': ['817283.0', True], 'initial_cell_radius': ['58', True], 'Vb': ['0.288', False], 'Lp': ['0.016667', False], 'Ps_0': ['0.0', False], 'Ps_1': ['0.12', False], 'initial_temp': ['293.15', False], 'is_cryocell': ['1', False], 'maximum_interaction_distance': ['10', False], 'k_granulosa': ['0.2', False], 'k_oocyte': ['0.7', False], 'spring_k': ['0.7', False]}
DEBUG:root:var.attrib.keys() = dict_keys(['conserved', 'units', 'description'])
DEBUG:root:populate: cell_def_name= oocyte --> custom_data: {'sample': ['1.0', False], 'initial_cell_volume': ['817283.0', True], 'initial_cell_radius': ['58', True], 'Vb': ['0.288', False], 'Lp': ['0.016667', False], 'Ps_0': ['0.0', False], 'Ps_1': ['0.12', False], 'initial_temp': ['293.15', False], 'is_cryocell': ['1', False], 'maximum_interaction_distance': ['10', False], 'k_granulosa': ['0.2', False], 'k_oocyte': ['0.7', False], 'spring_k': ['0.7', False], 'membrane_pressure': ['0.1', False]}
DEBUG:root:var.attrib.keys() = dict_keys(['conserved', 'units', 'description'])
DEBUG:root:populate: cell_def_name= oocyte --> custom_data: {'sample': ['1.0', False], 'initial_cell_volume': ['817283.0', True], 'initial_cell_radius': ['58', True], 'Vb': ['0.288', False], 'Lp': ['0.016667', False], 'Ps_0': ['0.0', False], 'Ps_1': ['0.12', False], 'initial_temp': ['293.15', False], 'is_cryocell': ['1', False], 'maximum_interaction_distance': ['10', False], 'k_granulosa': ['0.2', False], 'k_oocyte': ['0.7', False], 'spring_k': ['0.7', False], 'membrane_pressure': ['0.1', False], 'youngs_modulus': [' 3100', False]}
DEBUG:root:var.attrib.keys() = dict_keys(['conserved', 'units', 'description'])
DEBUG:root:populate: cell_def_name= oocyte --> custom_data: {'sample': ['1.0', False], 'initial_cell_volume': ['817283.0', True], 'initial_cell_radius': ['58', True], 'Vb': ['0.288', False], 'Lp': ['0.016667', False], 'Ps_0': ['0.0', False], 'Ps_1': ['0.12', False], 'initial_temp': ['293.15', False], 'is_cryocell': ['1', False], 'maximum_interaction_distance': ['10', False], 'k_granulosa': ['0.2', False], 'k_oocyte': ['0.7', False], 'spring_k': ['0.7', False], 'membrane_pressure': ['0.1', False], 'youngs_modulus': [' 3100', False], 'poisson_ratio': [' 0.5', False]}
DEBUG:root:var.attrib.keys() = dict_keys(['conserved', 'units', 'description'])
DEBUG:root:populate: cell_def_name= oocyte --> custom_data: {'sample': ['1.0', False], 'initial_cell_volume': ['817283.0', True], 'initial_cell_radius': ['58', True], 'Vb': ['0.288', False], 'Lp': ['0.016667', False], 'Ps_0': ['0.0', False], 'Ps_1': ['0.12', False], 'initial_temp': ['293.15', False], 'is_cryocell': ['1', False], 'maximum_interaction_distance': ['10', False], 'k_granulosa': ['0.2', False], 'k_oocyte': ['0.7', False], 'spring_k': ['0.7', False], 'membrane_pressure': ['0.1', False], 'youngs_modulus': [' 3100', False], 'poisson_ratio': [' 0.5', False], 'length': ['1.0', False]}
DEBUG:root:var.attrib.keys() = dict_keys(['conserved', 'units', 'description'])
DEBUG:root:populate: cell_def_name= oocyte --> custom_data: {'sample': ['1.0', False], 'initial_cell_volume': ['817283.0', True], 'initial_cell_radius': ['58', True], 'Vb': ['0.288', False], 'Lp': ['0.016667', False], 'Ps_0': ['0.0', False], 'Ps_1': ['0.12', False], 'initial_temp': ['293.15', False], 'is_cryocell': ['1', False], 'maximum_interaction_distance': ['10', False], 'k_granulosa': ['0.2', False], 'k_oocyte': ['0.7', False], 'spring_k': ['0.7', False], 'membrane_pressure': ['0.1', False], 'youngs_modulus': [' 3100', False], 'poisson_ratio': [' 0.5', False], 'length': ['1.0', False], 'angle': ['0.0', False]}
DEBUG:root:----- cell_def.tag= cell_definition
DEBUG:root:
--------new_interaction_params(): cdname_new= granulosa, reset_mapping= False
DEBUG:root:
--------new_intracellular_params(): cdname_new= granulosa
DEBUG:root:------- new_custom_data_params() -----
DEBUG:root:
===== populate_tree():  cycle
DEBUG:root: >> cycle_path= .//cell_definition[2]//phenotype//cycle
DEBUG:root:   cycle code= 6
DEBUG:root:<Element 'duration' at 0x7626919bcd10>
DEBUG:root:<Element 'duration' at 0x7626919bcdb0>
DEBUG:root:<Element 'duration' at 0x7626919bce50>
DEBUG:root:<Element 'duration' at 0x7626919bcef0>
DEBUG:root:---- asymmetric_division_probabilities_path = .//cell_definition[2]//phenotype//cycle//standard_asymmetric_division
DEBUG:root:
===== populate_tree():  death
DEBUG:root:death_uep=<Element 'death' at 0x7626919bd170>
DEBUG:root:-------- parsing apoptosis!
DEBUG:root: >> pd_uep =<Element 'phase_durations' at 0x7626919bd300>
DEBUG:root:phase_duration= <Element 'duration' at 0x7626919bd3a0>
DEBUG:root:index= 0
DEBUG:root:-------- parsing necrosis!
DEBUG:root: >> pd_uep =<Element 'phase_durations' at 0x7626919bda30>
DEBUG:root:<Element 'duration' at 0x7626919bdad0>
DEBUG:root:index= 0
DEBUG:root:<Element 'duration' at 0x7626919bdb70>
DEBUG:root:index= 1
DEBUG:root:volume_path=.//cell_definition[2]//phenotype//volume//
DEBUG:root:
===== populate_tree():  mechanics
DEBUG:root:mechanics_path=.//cell_definition[2]//phenotype//mechanics//
DEBUG:root:---- cell_interactions_path= .//cell_definition[2]//phenotype//mechanics//cell_adhesion_affinities
DEBUG:root:---- found cell_adhesion_affinities_path:
DEBUG:root:--> {'oocyte': '1.0'}
DEBUG:root:--> {'oocyte': '1.0', 'granulosa': '1.0'}
DEBUG:root:--> {'oocyte': '1.0', 'granulosa': '1.0', 'matrix': '1.0'}
DEBUG:root:
===== populate_tree():  motility
DEBUG:root:motility_path=.//cell_definition[2]//phenotype//motility//
DEBUG:root:
----------- populate_tree_cell_defs.py: cell_def_name= granulosa,  cell_def_tab.param_d[cell_def_name]["motility_chemotaxis_substrate"] = NaCl
DEBUG:root:motility_advanced_chemotaxis_path= .//cell_definition[2]//phenotype//motility//options//advanced_chemotaxis//
DEBUG:root:chemotactic_sensitivity= {'NaCl': '0.0', 'EG': '0.0'}
DEBUG:root:sensitivity_path= .//cell_definition[2]//phenotype//motility//options//advanced_chemotaxis//chemotactic_sensitivities
DEBUG:root:---- found chemotactic_sensitivities: <Element 'chemotactic_sensitivities' at 0x7626919bf1f0>
DEBUG:root:subelm=<Element 'chemotactic_sensitivity' at 0x7626919bf290>
DEBUG:root: chemotactic_sensitivity--> NaCl = 0.0
DEBUG:root:subelm=<Element 'chemotactic_sensitivity' at 0x7626919bf330>
DEBUG:root: chemotactic_sensitivity--> EG = 0.0
DEBUG:root:{'NaCl': '0.0', 'EG': '0.0'}
DEBUG:root:------ motility2_substrate_changed_cb(): idx = 0
DEBUG:root:   text (subname) = NaCl
DEBUG:root:    motility_advanced_chemotaxis_substrate= NaCl
DEBUG:root:   chemotactic_sensitivity = {'NaCl': '0.0', 'EG': '0.0'}
DEBUG:root:
===== populate_tree():  secretion
DEBUG:root:secretion_path = .//cell_definition[2]//phenotype//secretion
DEBUG:root:uep_secretion = <Element 'secretion' at 0x7626919bf420>
DEBUG:root:0) -- secretion substrate = NaCl
DEBUG:root:1) -- secretion substrate = EG
DEBUG:root:------ done parsing secretion:
DEBUG:root:
===== populate_tree():  cell_interactions
DEBUG:root:---- cell_interactions_path= .//cell_definition[2]//phenotype//cell_interactions
DEBUG:root:---- found cell_interactions:
DEBUG:root:uep2= <Element 'live_phagocytosis_rates' at 0x7626919bfb50>
DEBUG:root: live_phagocytosis_rate= {'oocyte': '0.0', 'granulosa': '0.0', 'matrix': '0.0'}
DEBUG:root: attack_rate= {'oocyte': '0.0', 'granulosa': '0.0', 'matrix': '0.0'}
DEBUG:root: fusion_rate= {'oocyte': '0.0', 'granulosa': '0.0', 'matrix': '0.0'}
DEBUG:root:------ done parsing cell_interactions:
DEBUG:root:---- transformation_rates_path = .//cell_definition[2]//phenotype//cell_transformations//transformation_rates
DEBUG:root: transformation_rate= {'oocyte': '0.0', 'granulosa': '0.0', 'matrix': '0.0'}
DEBUG:root:------ done parsing cell_transformations:
DEBUG:root:---- cell_integrity_path = .//cell_definition[2]//phenotype//cell_integrity
DEBUG:root: damage_rate= 0.0
DEBUG:root:------ done parsing cell_integrity:
DEBUG:root:
===== populate_tree():  molecular
DEBUG:root:
===== populate_tree():  intracellular
DEBUG:root:------ done parsing intracellular:
DEBUG:root:
===== populate_tree():  custom data
DEBUG:root:uep_custom_data= <Element 'custom_data' at 0x7626919d4630>
DEBUG:root:--------------- populate_tree: (empty)custom_data = {}
DEBUG:root:var.attrib.keys() = dict_keys(['conserved', 'units', 'description'])
DEBUG:root:populate: cell_def_name= granulosa --> custom_data: {'sample': ['1.0', False]}
DEBUG:root:var.attrib.keys() = dict_keys(['conserved', 'units', 'description'])
DEBUG:root:-------- conserved is true for <Element 'initial_cell_volume' at 0x7626919d46d0>
DEBUG:root:populate: cell_def_name= granulosa --> custom_data: {'sample': ['1.0', False], 'initial_cell_volume': ['523.6', True]}
DEBUG:root:var.attrib.keys() = dict_keys(['conserved', 'units', 'description'])
DEBUG:root:-------- conserved is true for <Element 'initial_cell_radius' at 0x7626919d4720>
DEBUG:root:populate: cell_def_name= granulosa --> custom_data: {'sample': ['1.0', False], 'initial_cell_volume': ['523.6', True], 'initial_cell_radius': ['5', True]}
DEBUG:root:var.attrib.keys() = dict_keys(['conserved', 'units', 'description'])
DEBUG:root:populate: cell_def_name= granulosa --> custom_data: {'sample': ['1.0', False], 'initial_cell_volume': ['523.6', True], 'initial_cell_radius': ['5', True], 'Vb': ['0.2', False]}
DEBUG:root:var.attrib.keys() = dict_keys(['conserved', 'units', 'description'])
DEBUG:root:populate: cell_def_name= granulosa --> custom_data: {'sample': ['1.0', False], 'initial_cell_volume': ['523.6', True], 'initial_cell_radius': ['5', True], 'Vb': ['0.2', False], 'Lp': ['0.00231', False]}
DEBUG:root:var.attrib.keys() = dict_keys(['conserved', 'units', 'description'])
DEBUG:root:populate: cell_def_name= granulosa --> custom_data: {'sample': ['1.0', False], 'initial_cell_volume': ['523.6', True], 'initial_cell_radius': ['5', True], 'Vb': ['0.2', False], 'Lp': ['0.00231', False], 'Ps_0': ['0.0', False]}
DEBUG:root:var.attrib.keys() = dict_keys(['conserved', 'units', 'description'])
DEBUG:root:populate: cell_def_name= granulosa --> custom_data: {'sample': ['1.0', False], 'initial_cell_volume': ['523.6', True], 'initial_cell_radius': ['5', True], 'Vb': ['0.2', False], 'Lp': ['0.00231', False], 'Ps_0': ['0.0', False], 'Ps_1': ['0.0276', False]}
DEBUG:root:var.attrib.keys() = dict_keys(['conserved', 'units', 'description'])
DEBUG:root:populate: cell_def_name= granulosa --> custom_data: {'sample': ['1.0', False], 'initial_cell_volume': ['523.6', True], 'initial_cell_radius': ['5', True], 'Vb': ['0.2', False], 'Lp': ['0.00231', False], 'Ps_0': ['0.0', False], 'Ps_1': ['0.0276', False], 'initial_temp': ['293.15', False]}
DEBUG:root:var.attrib.keys() = dict_keys(['conserved', 'units', 'description'])
DEBUG:root:populate: cell_def_name= granulosa --> custom_data: {'sample': ['1.0', False], 'initial_cell_volume': ['523.6', True], 'initial_cell_radius': ['5', True], 'Vb': ['0.2', False], 'Lp': ['0.00231', False], 'Ps_0': ['0.0', False], 'Ps_1': ['0.0276', False], 'initial_temp': ['293.15', False], 'is_cryocell': ['1', False]}
DEBUG:root:var.attrib.keys() = dict_keys(['conserved', 'units', 'description'])
DEBUG:root:populate: cell_def_name= granulosa --> custom_data: {'sample': ['1.0', False], 'initial_cell_volume': ['523.6', True], 'initial_cell_radius': ['5', True], 'Vb': ['0.2', False], 'Lp': ['0.00231', False], 'Ps_0': ['0.0', False], 'Ps_1': ['0.0276', False], 'initial_temp': ['293.15', False], 'is_cryocell': ['1', False], 'maximum_interaction_distance': ['2', False]}
DEBUG:root:var.attrib.keys() = dict_keys(['conserved', 'units', 'description'])
DEBUG:root:populate: cell_def_name= granulosa --> custom_data: {'sample': ['1.0', False], 'initial_cell_volume': ['523.6', True], 'initial_cell_radius': ['5', True], 'Vb': ['0.2', False], 'Lp': ['0.00231', False], 'Ps_0': ['0.0', False], 'Ps_1': ['0.0276', False], 'initial_temp': ['293.15', False], 'is_cryocell': ['1', False], 'maximum_interaction_distance': ['2', False], 'k_granulosa': ['0.2', False]}
DEBUG:root:var.attrib.keys() = dict_keys(['conserved', 'units', 'description'])
DEBUG:root:populate: cell_def_name= granulosa --> custom_data: {'sample': ['1.0', False], 'initial_cell_volume': ['523.6', True], 'initial_cell_radius': ['5', True], 'Vb': ['0.2', False], 'Lp': ['0.00231', False], 'Ps_0': ['0.0', False], 'Ps_1': ['0.0276', False], 'initial_temp': ['293.15', False], 'is_cryocell': ['1', False], 'maximum_interaction_distance': ['2', False], 'k_granulosa': ['0.2', False], 'k_oocyte': ['0.7', False]}
DEBUG:root:var.attrib.keys() = dict_keys(['conserved', 'units', 'description'])
DEBUG:root:populate: cell_def_name= granulosa --> custom_data: {'sample': ['1.0', False], 'initial_cell_volume': ['523.6', True], 'initial_cell_radius': ['5', True], 'Vb': ['0.2', False], 'Lp': ['0.00231', False], 'Ps_0': ['0.0', False], 'Ps_1': ['0.0276', False], 'initial_temp': ['293.15', False], 'is_cryocell': ['1', False], 'maximum_interaction_distance': ['2', False], 'k_granulosa': ['0.2', False], 'k_oocyte': ['0.7', False], 'spring_k': ['0.7', False]}
DEBUG:root:var.attrib.keys() = dict_keys(['conserved', 'units', 'description'])
DEBUG:root:populate: cell_def_name= granulosa --> custom_data: {'sample': ['1.0', False], 'initial_cell_volume': ['523.6', True], 'initial_cell_radius': ['5', True], 'Vb': ['0.2', False], 'Lp': ['0.00231', False], 'Ps_0': ['0.0', False], 'Ps_1': ['0.0276', False], 'initial_temp': ['293.15', False], 'is_cryocell': ['1', False], 'maximum_interaction_distance': ['2', False], 'k_granulosa': ['0.2', False], 'k_oocyte': ['0.7', False], 'spring_k': ['0.7', False], 'membrane_pressure': ['0.25', False]}
DEBUG:root:var.attrib.keys() = dict_keys(['conserved', 'units', 'description'])
DEBUG:root:populate: cell_def_name= granulosa --> custom_data: {'sample': ['1.0', False], 'initial_cell_volume': ['523.6', True], 'initial_cell_radius': ['5', True], 'Vb': ['0.2', False], 'Lp': ['0.00231', False], 'Ps_0': ['0.0', False], 'Ps_1': ['0.0276', False], 'initial_temp': ['293.15', False], 'is_cryocell': ['1', False], 'maximum_interaction_distance': ['2', False], 'k_granulosa': ['0.2', False], 'k_oocyte': ['0.7', False], 'spring_k': ['0.7', False], 'membrane_pressure': ['0.25', False], 'youngs_modulus': [' 385.58', False]}
DEBUG:root:var.attrib.keys() = dict_keys(['conserved', 'units', 'description'])
DEBUG:root:populate: cell_def_name= granulosa --> custom_data: {'sample': ['1.0', False], 'initial_cell_volume': ['523.6', True], 'initial_cell_radius': ['5', True], 'Vb': ['0.2', False], 'Lp': ['0.00231', False], 'Ps_0': ['0.0', False], 'Ps_1': ['0.0276', False], 'initial_temp': ['293.15', False], 'is_cryocell': ['1', False], 'maximum_interaction_distance': ['2', False], 'k_granulosa': ['0.2', False], 'k_oocyte': ['0.7', False], 'spring_k': ['0.7', False], 'membrane_pressure': ['0.25', False], 'youngs_modulus': [' 385.58', False], 'poisson_ratio': [' 0.5', False]}
DEBUG:root:var.attrib.keys() = dict_keys(['conserved', 'units', 'description'])
DEBUG:root:populate: cell_def_name= granulosa --> custom_data: {'sample': ['1.0', False], 'initial_cell_volume': ['523.6', True], 'initial_cell_radius': ['5', True], 'Vb': ['0.2', False], 'Lp': ['0.00231', False], 'Ps_0': ['0.0', False], 'Ps_1': ['0.0276', False], 'initial_temp': ['293.15', False], 'is_cryocell': ['1', False], 'maximum_interaction_distance': ['2', False], 'k_granulosa': ['0.2', False], 'k_oocyte': ['0.7', False], 'spring_k': ['0.7', False], 'membrane_pressure': ['0.25', False], 'youngs_modulus': [' 385.58', False], 'poisson_ratio': [' 0.5', False], 'length': ['1.0', False]}
DEBUG:root:var.attrib.keys() = dict_keys(['conserved', 'units', 'description'])
DEBUG:root:populate: cell_def_name= granulosa --> custom_data: {'sample': ['1.0', False], 'initial_cell_volume': ['523.6', True], 'initial_cell_radius': ['5', True], 'Vb': ['0.2', False], 'Lp': ['0.00231', False], 'Ps_0': ['0.0', False], 'Ps_1': ['0.0276', False], 'initial_temp': ['293.15', False], 'is_cryocell': ['1', False], 'maximum_interaction_distance': ['2', False], 'k_granulosa': ['0.2', False], 'k_oocyte': ['0.7', False], 'spring_k': ['0.7', False], 'membrane_pressure': ['0.25', False], 'youngs_modulus': [' 385.58', False], 'poisson_ratio': [' 0.5', False], 'length': ['1.0', False], 'angle': ['0.0', False]}
DEBUG:root:----- cell_def.tag= cell_definition
DEBUG:root:
--------new_interaction_params(): cdname_new= matrix, reset_mapping= False
DEBUG:root:
--------new_intracellular_params(): cdname_new= matrix
DEBUG:root:------- new_custom_data_params() -----
DEBUG:root:
===== populate_tree():  cycle
DEBUG:root: >> cycle_path= .//cell_definition[3]//phenotype//cycle
DEBUG:root:   cycle code= 6
DEBUG:root:<Element 'duration' at 0x7626919d4e50>
DEBUG:root:<Element 'duration' at 0x7626919d4ef0>
DEBUG:root:<Element 'duration' at 0x7626919d4f90>
DEBUG:root:<Element 'duration' at 0x7626919d5030>
DEBUG:root:---- asymmetric_division_probabilities_path = .//cell_definition[3]//phenotype//cycle//standard_asymmetric_division
DEBUG:root:
===== populate_tree():  death
DEBUG:root:death_uep=<Element 'death' at 0x7626919d52b0>
DEBUG:root:-------- parsing apoptosis!
DEBUG:root: >> tr_uep =<Element 'phase_transition_rates' at 0x7626919d5440>
DEBUG:root:death: phase_transition_rates= <Element 'rate' at 0x7626919d54e0>
DEBUG:root:start_index= 0
DEBUG:root:-------- parsing necrosis!
DEBUG:root: >> tr_uep =<Element 'phase_transition_rates' at 0x7626919d5b70>
DEBUG:root:death: phase_transition_rates= <Element 'rate' at 0x7626919d5c10>
DEBUG:root:start_index= 0
DEBUG:root: --- transition rate 01 (float) = 9000000000.0
DEBUG:root:death: phase_transition_rates= <Element 'rate' at 0x7626919d5cb0>
DEBUG:root:start_index= 1
DEBUG:root: --- transition rate 12 (float) = 1.15741e-05
DEBUG:root:volume_path=.//cell_definition[3]//phenotype//volume//
DEBUG:root:
===== populate_tree():  mechanics
DEBUG:root:mechanics_path=.//cell_definition[3]//phenotype//mechanics//
DEBUG:root:---- cell_interactions_path= .//cell_definition[3]//phenotype//mechanics//cell_adhesion_affinities
DEBUG:root:---- found cell_adhesion_affinities_path:
DEBUG:root:--> {'default': '1'}
DEBUG:root:--> {'default': '1', 'oocyte': '1.0'}
DEBUG:root:--> {'default': '1', 'oocyte': '1.0', 'granulosa': '2.0'}
DEBUG:root:--> {'default': '1', 'oocyte': '1.0', 'granulosa': '2.0', 'matrix': '1.0'}
DEBUG:root:
===== populate_tree():  motility
DEBUG:root:motility_path=.//cell_definition[3]//phenotype//motility//
DEBUG:root:
----------- populate_tree_cell_defs.py: cell_def_name= matrix,  cell_def_tab.param_d[cell_def_name]["motility_chemotaxis_substrate"] = NaCl
DEBUG:root:motility_advanced_chemotaxis_path= .//cell_definition[3]//phenotype//motility//options//advanced_chemotaxis//
DEBUG:root:chemotactic_sensitivity= {'NaCl': '0.0', 'EG': '0.0'}
DEBUG:root:sensitivity_path= .//cell_definition[3]//phenotype//motility//options//advanced_chemotaxis//chemotactic_sensitivities
DEBUG:root:---- found chemotactic_sensitivities: <Element 'chemotactic_sensitivities' at 0x7626919d73d0>
DEBUG:root:subelm=<Element 'chemotactic_sensitivity' at 0x7626919d7470>
DEBUG:root: chemotactic_sensitivity--> NaCl = 0.0
DEBUG:root:subelm=<Element 'chemotactic_sensitivity' at 0x7626919d7510>
DEBUG:root: chemotactic_sensitivity--> EG = 0.0
DEBUG:root:{'NaCl': '0.0', 'EG': '0.0'}
DEBUG:root:------ motility2_substrate_changed_cb(): idx = 0
DEBUG:root:   text (subname) = NaCl
DEBUG:root:    motility_advanced_chemotaxis_substrate= NaCl
DEBUG:root:   chemotactic_sensitivity = {'NaCl': '0.0', 'EG': '0.0'}
DEBUG:root:
===== populate_tree():  secretion
DEBUG:root:secretion_path = .//cell_definition[3]//phenotype//secretion
DEBUG:root:uep_secretion = <Element 'secretion' at 0x7626919d7600>
DEBUG:root:0) -- secretion substrate = NaCl
DEBUG:root:1) -- secretion substrate = EG
DEBUG:root:------ done parsing secretion:
DEBUG:root:
===== populate_tree():  cell_interactions
DEBUG:root:---- cell_interactions_path= .//cell_definition[3]//phenotype//cell_interactions
DEBUG:root:---- found cell_interactions:
DEBUG:root:uep2= <Element 'live_phagocytosis_rates' at 0x7626919d7d30>
DEBUG:root: live_phagocytosis_rate= {'default': '0', 'oocyte': '0.0', 'granulosa': '0.0', 'matrix': '0.0'}
DEBUG:root: attack_rate= {'default': '0', 'oocyte': '0.0', 'granulosa': '0.0', 'matrix': '0.0'}
DEBUG:root: fusion_rate= {'default': '0', 'oocyte': '0.0', 'granulosa': '0.0', 'matrix': '0.0'}
DEBUG:root:------ done parsing cell_interactions:
DEBUG:root:---- transformation_rates_path = .//cell_definition[3]//phenotype//cell_transformations//transformation_rates
DEBUG:root: transformation_rate= {'default': '0', 'oocyte': '0.0', 'granulosa': '0.0', 'matrix': '0.0'}
DEBUG:root:------ done parsing cell_transformations:
DEBUG:root:---- cell_integrity_path = .//cell_definition[3]//phenotype//cell_integrity
DEBUG:root: damage_rate= 0.0
DEBUG:root:------ done parsing cell_integrity:
DEBUG:root:
===== populate_tree():  molecular
DEBUG:root:
===== populate_tree():  intracellular
DEBUG:root:------ done parsing intracellular:
DEBUG:root:
===== populate_tree():  custom data
DEBUG:root:uep_custom_data= <Element 'custom_data' at 0x7626919e4a90>
DEBUG:root:--------------- populate_tree: (empty)custom_data = {}
DEBUG:root:var.attrib.keys() = dict_keys(['conserved', 'units', 'description'])
DEBUG:root:populate: cell_def_name= matrix --> custom_data: {'sample': ['0.0', False]}
DEBUG:root:var.attrib.keys() = dict_keys(['conserved', 'units', 'description'])
DEBUG:root:populate: cell_def_name= matrix --> custom_data: {'sample': ['0.0', False], 'initial_cell_volume': ['0.0', False]}
DEBUG:root:var.attrib.keys() = dict_keys(['conserved', 'units', 'description'])
DEBUG:root:populate: cell_def_name= matrix --> custom_data: {'sample': ['0.0', False], 'initial_cell_volume': ['0.0', False], 'initial_cell_radius': ['0.0', False]}
DEBUG:root:var.attrib.keys() = dict_keys(['conserved', 'units', 'description'])
DEBUG:root:populate: cell_def_name= matrix --> custom_data: {'sample': ['0.0', False], 'initial_cell_volume': ['0.0', False], 'initial_cell_radius': ['0.0', False], 'Vb': ['0.0', False]}
DEBUG:root:var.attrib.keys() = dict_keys(['conserved', 'units', 'description'])
DEBUG:root:populate: cell_def_name= matrix --> custom_data: {'sample': ['0.0', False], 'initial_cell_volume': ['0.0', False], 'initial_cell_radius': ['0.0', False], 'Vb': ['0.0', False], 'Lp': ['0.0', False]}
DEBUG:root:var.attrib.keys() = dict_keys(['conserved', 'units', 'description'])
DEBUG:root:populate: cell_def_name= matrix --> custom_data: {'sample': ['0.0', False], 'initial_cell_volume': ['0.0', False], 'initial_cell_radius': ['0.0', False], 'Vb': ['0.0', False], 'Lp': ['0.0', False], 'Ps_0': ['0.0', False]}
DEBUG:root:var.attrib.keys() = dict_keys(['conserved', 'units', 'description'])
DEBUG:root:populate: cell_def_name= matrix --> custom_data: {'sample': ['0.0', False], 'initial_cell_volume': ['0.0', False], 'initial_cell_radius': ['0.0', False], 'Vb': ['0.0', False], 'Lp': ['0.0', False], 'Ps_0': ['0.0', False], 'Ps_1': ['0.0', False]}
DEBUG:root:var.attrib.keys() = dict_keys(['conserved', 'units', 'description'])
DEBUG:root:populate: cell_def_name= matrix --> custom_data: {'sample': ['0.0', False], 'initial_cell_volume': ['0.0', False], 'initial_cell_radius': ['0.0', False], 'Vb': ['0.0', False], 'Lp': ['0.0', False], 'Ps_0': ['0.0', False], 'Ps_1': ['0.0', False], 'initial_temp': ['0.0', False]}
DEBUG:root:var.attrib.keys() = dict_keys(['conserved', 'units', 'description'])
DEBUG:root:populate: cell_def_name= matrix --> custom_data: {'sample': ['0.0', False], 'initial_cell_volume': ['0.0', False], 'initial_cell_radius': ['0.0', False], 'Vb': ['0.0', False], 'Lp': ['0.0', False], 'Ps_0': ['0.0', False], 'Ps_1': ['0.0', False], 'initial_temp': ['0.0', False], 'is_cryocell': ['0.0', False]}
DEBUG:root:var.attrib.keys() = dict_keys(['conserved', 'units', 'description'])
DEBUG:root:populate: cell_def_name= matrix --> custom_data: {'sample': ['0.0', False], 'initial_cell_volume': ['0.0', False], 'initial_cell_radius': ['0.0', False], 'Vb': ['0.0', False], 'Lp': ['0.0', False], 'Ps_0': ['0.0', False], 'Ps_1': ['0.0', False], 'initial_temp': ['0.0', False], 'is_cryocell': ['0.0', False], 'maximum_interaction_distance': ['0.0', False]}
DEBUG:root:var.attrib.keys() = dict_keys(['conserved', 'units', 'description'])
DEBUG:root:populate: cell_def_name= matrix --> custom_data: {'sample': ['0.0', False], 'initial_cell_volume': ['0.0', False], 'initial_cell_radius': ['0.0', False], 'Vb': ['0.0', False], 'Lp': ['0.0', False], 'Ps_0': ['0.0', False], 'Ps_1': ['0.0', False], 'initial_temp': ['0.0', False], 'is_cryocell': ['0.0', False], 'maximum_interaction_distance': ['0.0', False], 'k_granulosa': ['0.0', False]}
DEBUG:root:var.attrib.keys() = dict_keys(['conserved', 'units', 'description'])
DEBUG:root:populate: cell_def_name= matrix --> custom_data: {'sample': ['0.0', False], 'initial_cell_volume': ['0.0', False], 'initial_cell_radius': ['0.0', False], 'Vb': ['0.0', False], 'Lp': ['0.0', False], 'Ps_0': ['0.0', False], 'Ps_1': ['0.0', False], 'initial_temp': ['0.0', False], 'is_cryocell': ['0.0', False], 'maximum_interaction_distance': ['0.0', False], 'k_granulosa': ['0.0', False], 'k_oocyte': ['0.0', False]}
DEBUG:root:var.attrib.keys() = dict_keys(['conserved', 'units', 'description'])
DEBUG:root:populate: cell_def_name= matrix --> custom_data: {'sample': ['0.0', False], 'initial_cell_volume': ['0.0', False], 'initial_cell_radius': ['0.0', False], 'Vb': ['0.0', False], 'Lp': ['0.0', False], 'Ps_0': ['0.0', False], 'Ps_1': ['0.0', False], 'initial_temp': ['0.0', False], 'is_cryocell': ['0.0', False], 'maximum_interaction_distance': ['0.0', False], 'k_granulosa': ['0.0', False], 'k_oocyte': ['0.0', False], 'spring_k': ['0.0', False]}
DEBUG:root:var.attrib.keys() = dict_keys(['conserved', 'units', 'description'])
DEBUG:root:populate: cell_def_name= matrix --> custom_data: {'sample': ['0.0', False], 'initial_cell_volume': ['0.0', False], 'initial_cell_radius': ['0.0', False], 'Vb': ['0.0', False], 'Lp': ['0.0', False], 'Ps_0': ['0.0', False], 'Ps_1': ['0.0', False], 'initial_temp': ['0.0', False], 'is_cryocell': ['0.0', False], 'maximum_interaction_distance': ['0.0', False], 'k_granulosa': ['0.0', False], 'k_oocyte': ['0.0', False], 'spring_k': ['0.0', False], 'membrane_pressure': ['0.0', False]}
DEBUG:root:var.attrib.keys() = dict_keys(['conserved', 'units', 'description'])
DEBUG:root:populate: cell_def_name= matrix --> custom_data: {'sample': ['0.0', False], 'initial_cell_volume': ['0.0', False], 'initial_cell_radius': ['0.0', False], 'Vb': ['0.0', False], 'Lp': ['0.0', False], 'Ps_0': ['0.0', False], 'Ps_1': ['0.0', False], 'initial_temp': ['0.0', False], 'is_cryocell': ['0.0', False], 'maximum_interaction_distance': ['0.0', False], 'k_granulosa': ['0.0', False], 'k_oocyte': ['0.0', False], 'spring_k': ['0.0', False], 'membrane_pressure': ['0.0', False], 'youngs_modulus': ['0.0', False]}
DEBUG:root:var.attrib.keys() = dict_keys(['conserved', 'units', 'description'])
DEBUG:root:populate: cell_def_name= matrix --> custom_data: {'sample': ['0.0', False], 'initial_cell_volume': ['0.0', False], 'initial_cell_radius': ['0.0', False], 'Vb': ['0.0', False], 'Lp': ['0.0', False], 'Ps_0': ['0.0', False], 'Ps_1': ['0.0', False], 'initial_temp': ['0.0', False], 'is_cryocell': ['0.0', False], 'maximum_interaction_distance': ['0.0', False], 'k_granulosa': ['0.0', False], 'k_oocyte': ['0.0', False], 'spring_k': ['0.0', False], 'membrane_pressure': ['0.0', False], 'youngs_modulus': ['0.0', False], 'poisson_ratio': ['0.0', False]}
DEBUG:root:var.attrib.keys() = dict_keys(['conserved', 'units', 'description'])
DEBUG:root:populate: cell_def_name= matrix --> custom_data: {'sample': ['0.0', False], 'initial_cell_volume': ['0.0', False], 'initial_cell_radius': ['0.0', False], 'Vb': ['0.0', False], 'Lp': ['0.0', False], 'Ps_0': ['0.0', False], 'Ps_1': ['0.0', False], 'initial_temp': ['0.0', False], 'is_cryocell': ['0.0', False], 'maximum_interaction_distance': ['0.0', False], 'k_granulosa': ['0.0', False], 'k_oocyte': ['0.0', False], 'spring_k': ['0.0', False], 'membrane_pressure': ['0.0', False], 'youngs_modulus': ['0.0', False], 'poisson_ratio': ['0.0', False], 'length': ['0.0', False]}
DEBUG:root:var.attrib.keys() = dict_keys(['conserved', 'units', 'description'])
DEBUG:root:populate: cell_def_name= matrix --> custom_data: {'sample': ['0.0', False], 'initial_cell_volume': ['0.0', False], 'initial_cell_radius': ['0.0', False], 'Vb': ['0.0', False], 'Lp': ['0.0', False], 'Ps_0': ['0.0', False], 'Ps_1': ['0.0', False], 'initial_temp': ['0.0', False], 'is_cryocell': ['0.0', False], 'maximum_interaction_distance': ['0.0', False], 'k_granulosa': ['0.0', False], 'k_oocyte': ['0.0', False], 'spring_k': ['0.0', False], 'membrane_pressure': ['0.0', False], 'youngs_modulus': ['0.0', False], 'poisson_ratio': ['0.0', False], 'length': ['0.0', False], 'angle': ['0.0', False]}
DEBUG:root:
  ---- apoptosis_phase_transition_cb: 
DEBUG:root:apoptosis: ------>> duration
DEBUG:root:apoptosis_phase_transition_cb: --> duration
DEBUG:root:
  ---- necrosis_phase_transition_cb: 
DEBUG:root:necrosis: ------>>duration
DEBUG:root:necrosis_phase_transition_cb: --> duration
DEBUG:root:
----- update_motility_params():  cdname= oocyte
DEBUG:root:     setting motility_substrate_dropdown (for cdname= oocyte ) = NaCl
DEBUG:root:     setting motility2_substrate_dropdown (for cdname= oocyte ) = NaCl
DEBUG:root:    chemotactic_sensitivity= {'NaCl': '0.0', 'EG': '0.0'}
DEBUG:root:new val = 0.0
DEBUG:root:----- leave update_motility_params()

DEBUG:root:update_secretion_params(): cdname = oocyte
DEBUG:root:update_secretion_params(): self.current_secretion_substrate = NaCl
DEBUG:root:{'NaCl': {'secretion_rate': '0.0', 'secretion_target': '0.0', 'uptake_rate': '0.0', 'net_export_rate': '0.0'}, 'EG': {'secretion_rate': None, 'secretion_target': '0.0', 'uptake_rate': '0.0', 'net_export_rate': '0.0'}}
DEBUG:root:cell_def_tab.py: ------- fill_celltypes_comboboxes
DEBUG:root:

------------  user_params_tab: fill_gui --------------
DEBUG:root:studio.py: self.current_dir = /home/joseph/projects/follicle_fork
DEBUG:root:studio.py: creating ICs, Run, and Plot tabs
DEBUG:matplotlib.font_manager:findfont: Matching sans\-serif:style=normal:variant=normal:weight=normal:stretch=normal:size=10.0.
DEBUG:matplotlib.font_manager:findfont: score(FontEntry(fname='/home/joseph/projects/follicle_fork/python_utilities/tissuegenenv/lib/python3.13/site-packages/matplotlib/mpl-data/fonts/ttf/cmmi10.ttf', name='cmmi10', style='normal', variant='normal', weight=400, stretch='normal', size='scalable')) = 10.05
DEBUG:matplotlib.font_manager:findfont: score(FontEntry(fname='/home/joseph/projects/follicle_fork/python_utilities/tissuegenenv/lib/python3.13/site-packages/matplotlib/mpl-data/fonts/ttf/DejaVuSansMono-BoldOblique.ttf', name='DejaVu Sans Mono', style='oblique', variant='normal', weight=700, stretch='normal', size='scalable')) = 11.335
DEBUG:matplotlib.font_manager:findfont: score(FontEntry(fname='/home/joseph/projects/follicle_fork/python_utilities/tissuegenenv/lib/python3.13/site-packages/matplotlib/mpl-data/fonts/ttf/DejaVuSerif-BoldItalic.ttf', name='DejaVu Serif', style='italic', variant='normal', weight=700, stretch='normal', size='scalable')) = 11.335
DEBUG:matplotlib.font_manager:findfont: score(FontEntry(fname='/home/joseph/projects/follicle_fork/python_utilities/tissuegenenv/lib/python3.13/site-packages/matplotlib/mpl-data/fonts/ttf/STIXGeneral.ttf', name='STIXGeneral', style='normal', variant='normal', weight=400, stretch='normal', size='scalable')) = 10.05
DEBUG:matplotlib.font_manager:findfont: score(FontEntry(fname='/home/joseph/projects/follicle_fork/python_utilities/tissuegenenv/lib/python3.13/site-packages/matplotlib/mpl-data/fonts/ttf/DejaVuSansDisplay.ttf', name='DejaVu Sans Display', style='normal', variant='normal', weight=400, stretch='normal', size='scalable')) = 10.05
DEBUG:matplotlib.font_manager:findfont: score(FontEntry(fname='/home/joseph/projects/follicle_fork/python_utilities/tissuegenenv/lib/python3.13/site-packages/matplotlib/mpl-data/fonts/ttf/DejaVuSansMono.ttf', name='DejaVu Sans Mono', style='normal', variant='normal', weight=400, stretch='normal', size='scalable')) = 10.05
DEBUG:matplotlib.font_manager:findfont: score(FontEntry(fname='/home/joseph/projects/follicle_fork/python_utilities/tissuegenenv/lib/python3.13/site-packages/matplotlib/mpl-data/fonts/ttf/STIXGeneralItalic.ttf', name='STIXGeneral', style='italic', variant='normal', weight=400, stretch='normal', size='scalable')) = 11.05
DEBUG:matplotlib.font_manager:findfont: score(FontEntry(fname='/home/joseph/projects/follicle_fork/python_utilities/tissuegenenv/lib/python3.13/site-packages/matplotlib/mpl-data/fonts/ttf/STIXSizThreeSymBol.ttf', name='STIXSizeThreeSym', style='normal', variant='normal', weight=700, stretch='normal', size='scalable')) = 10.335
DEBUG:matplotlib.font_manager:findfont: score(FontEntry(fname='/home/joseph/projects/follicle_fork/python_utilities/tissuegenenv/lib/python3.13/site-packages/matplotlib/mpl-data/fonts/ttf/STIXNonUniBolIta.ttf', name='STIXNonUnicode', style='italic', variant='normal', weight=700, stretch='normal', size='scalable')) = 11.335
DEBUG:matplotlib.font_manager:findfont: score(FontEntry(fname='/home/joseph/projects/follicle_fork/python_utilities/tissuegenenv/lib/python3.13/site-packages/matplotlib/mpl-data/fonts/ttf/DejaVuSerif-Italic.ttf', name='DejaVu Serif', style='italic', variant='normal', weight=400, stretch='normal', size='scalable')) = 11.05
DEBUG:matplotlib.font_manager:findfont: score(FontEntry(fname='/home/joseph/projects/follicle_fork/python_utilities/tissuegenenv/lib/python3.13/site-packages/matplotlib/mpl-data/fonts/ttf/STIXSizTwoSymBol.ttf', name='STIXSizeTwoSym', style='normal', variant='normal', weight=700, stretch='normal', size='scalable')) = 10.335
DEBUG:matplotlib.font_manager:findfont: score(FontEntry(fname='/home/joseph/projects/follicle_fork/python_utilities/tissuegenenv/lib/python3.13/site-packages/matplotlib/mpl-data/fonts/ttf/STIXSizOneSymReg.ttf', name='STIXSizeOneSym', style='normal', variant='normal', weight=400, stretch='normal', size='scalable')) = 10.05
DEBUG:matplotlib.font_manager:findfont: score(FontEntry(fname='/home/joseph/projects/follicle_fork/python_utilities/tissuegenenv/lib/python3.13/site-packages/matplotlib/mpl-data/fonts/ttf/STIXGeneralBol.ttf', name='STIXGeneral', style='normal', variant='normal', weight=700, stretch='normal', size='scalable')) = 10.335
DEBUG:matplotlib.font_manager:findfont: score(FontEntry(fname='/home/joseph/projects/follicle_fork/python_utilities/tissuegenenv/lib/python3.13/site-packages/matplotlib/mpl-data/fonts/ttf/DejaVuSerifDisplay.ttf', name='DejaVu Serif Display', style='normal', variant='normal', weight=400, stretch='normal', size='scalable')) = 10.05
DEBUG:matplotlib.font_manager:findfont: score(FontEntry(fname='/home/joseph/projects/follicle_fork/python_utilities/tissuegenenv/lib/python3.13/site-packages/matplotlib/mpl-data/fonts/ttf/DejaVuSerif.ttf', name='DejaVu Serif', style='normal', variant='normal', weight=400, stretch='normal', size='scalable')) = 10.05
DEBUG:matplotlib.font_manager:findfont: score(FontEntry(fname='/home/joseph/projects/follicle_fork/python_utilities/tissuegenenv/lib/python3.13/site-packages/matplotlib/mpl-data/fonts/ttf/STIXNonUniIta.ttf', name='STIXNonUnicode', style='italic', variant='normal', weight=400, stretch='normal', size='scalable')) = 11.05
DEBUG:matplotlib.font_manager:findfont: score(FontEntry(fname='/home/joseph/projects/follicle_fork/python_utilities/tissuegenenv/lib/python3.13/site-packages/matplotlib/mpl-data/fonts/ttf/STIXSizFourSymBol.ttf', name='STIXSizeFourSym', style='normal', variant='normal', weight=700, stretch='normal', size='scalable')) = 10.335
DEBUG:matplotlib.font_manager:findfont: score(FontEntry(fname='/home/joseph/projects/follicle_fork/python_utilities/tissuegenenv/lib/python3.13/site-packages/matplotlib/mpl-data/fonts/ttf/STIXNonUni.ttf', name='STIXNonUnicode', style='normal', variant='normal', weight=400, stretch='normal', size='scalable')) = 10.05
DEBUG:matplotlib.font_manager:findfont: score(FontEntry(fname='/home/joseph/projects/follicle_fork/python_utilities/tissuegenenv/lib/python3.13/site-packages/matplotlib/mpl-data/fonts/ttf/DejaVuSans-Bold.ttf', name='DejaVu Sans', style='normal', variant='normal', weight=700, stretch='normal', size='scalable')) = 0.33499999999999996
DEBUG:matplotlib.font_manager:findfont: score(FontEntry(fname='/home/joseph/projects/follicle_fork/python_utilities/tissuegenenv/lib/python3.13/site-packages/matplotlib/mpl-data/fonts/ttf/cmb10.ttf', name='cmb10', style='normal', variant='normal', weight=400, stretch='normal', size='scalable')) = 10.05
DEBUG:matplotlib.font_manager:findfont: score(FontEntry(fname='/home/joseph/projects/follicle_fork/python_utilities/tissuegenenv/lib/python3.13/site-packages/matplotlib/mpl-data/fonts/ttf/cmex10.ttf', name='cmex10', style='normal', variant='normal', weight=400, stretch='normal', size='scalable')) = 10.05
DEBUG:matplotlib.font_manager:findfont: score(FontEntry(fname='/home/joseph/projects/follicle_fork/python_utilities/tissuegenenv/lib/python3.13/site-packages/matplotlib/mpl-data/fonts/ttf/cmsy10.ttf', name='cmsy10', style='normal', variant='normal', weight=400, stretch='normal', size='scalable')) = 10.05
DEBUG:matplotlib.font_manager:findfont: score(FontEntry(fname='/home/joseph/projects/follicle_fork/python_utilities/tissuegenenv/lib/python3.13/site-packages/matplotlib/mpl-data/fonts/ttf/STIXSizThreeSymReg.ttf', name='STIXSizeThreeSym', style='normal', variant='normal', weight=400, stretch='normal', size='scalable')) = 10.05
DEBUG:matplotlib.font_manager:findfont: score(FontEntry(fname='/home/joseph/projects/follicle_fork/python_utilities/tissuegenenv/lib/python3.13/site-packages/matplotlib/mpl-data/fonts/ttf/DejaVuSansMono-Bold.ttf', name='DejaVu Sans Mono', style='normal', variant='normal', weight=700, stretch='normal', size='scalable')) = 10.335
DEBUG:matplotlib.font_manager:findfont: score(FontEntry(fname='/home/joseph/projects/follicle_fork/python_utilities/tissuegenenv/lib/python3.13/site-packages/matplotlib/mpl-data/fonts/ttf/DejaVuSans-Oblique.ttf', name='DejaVu Sans', style='oblique', variant='normal', weight=400, stretch='normal', size='scalable')) = 1.05
DEBUG:matplotlib.font_manager:findfont: score(FontEntry(fname='/home/joseph/projects/follicle_fork/python_utilities/tissuegenenv/lib/python3.13/site-packages/matplotlib/mpl-data/fonts/ttf/cmtt10.ttf', name='cmtt10', style='normal', variant='normal', weight=400, stretch='normal', size='scalable')) = 10.05
DEBUG:matplotlib.font_manager:findfont: score(FontEntry(fname='/home/joseph/projects/follicle_fork/python_utilities/tissuegenenv/lib/python3.13/site-packages/matplotlib/mpl-data/fonts/ttf/STIXNonUniBol.ttf', name='STIXNonUnicode', style='normal', variant='normal', weight=700, stretch='normal', size='scalable')) = 10.335
DEBUG:matplotlib.font_manager:findfont: score(FontEntry(fname='/home/joseph/projects/follicle_fork/python_utilities/tissuegenenv/lib/python3.13/site-packages/matplotlib/mpl-data/fonts/ttf/DejaVuSans.ttf', name='DejaVu Sans', style='normal', variant='normal', weight=400, stretch='normal', size='scalable')) = 0.05
DEBUG:matplotlib.font_manager:findfont: score(FontEntry(fname='/home/joseph/projects/follicle_fork/python_utilities/tissuegenenv/lib/python3.13/site-packages/matplotlib/mpl-data/fonts/ttf/cmss10.ttf', name='cmss10', style='normal', variant='normal', weight=400, stretch='normal', size='scalable')) = 10.05
DEBUG:matplotlib.font_manager:findfont: score(FontEntry(fname='/home/joseph/projects/follicle_fork/python_utilities/tissuegenenv/lib/python3.13/site-packages/matplotlib/mpl-data/fonts/ttf/STIXSizFiveSymReg.ttf', name='STIXSizeFiveSym', style='normal', variant='normal', weight=400, stretch='normal', size='scalable')) = 10.05
DEBUG:matplotlib.font_manager:findfont: score(FontEntry(fname='/home/joseph/projects/follicle_fork/python_utilities/tissuegenenv/lib/python3.13/site-packages/matplotlib/mpl-data/fonts/ttf/DejaVuSansMono-Oblique.ttf', name='DejaVu Sans Mono', style='oblique', variant='normal', weight=400, stretch='normal', size='scalable')) = 11.05
DEBUG:matplotlib.font_manager:findfont: score(FontEntry(fname='/home/joseph/projects/follicle_fork/python_utilities/tissuegenenv/lib/python3.13/site-packages/matplotlib/mpl-data/fonts/ttf/STIXSizOneSymBol.ttf', name='STIXSizeOneSym', style='normal', variant='normal', weight=700, stretch='normal', size='scalable')) = 10.335
DEBUG:matplotlib.font_manager:findfont: score(FontEntry(fname='/home/joseph/projects/follicle_fork/python_utilities/tissuegenenv/lib/python3.13/site-packages/matplotlib/mpl-data/fonts/ttf/DejaVuSerif-Bold.ttf', name='DejaVu Serif', style='normal', variant='normal', weight=700, stretch='normal', size='scalable')) = 10.335
DEBUG:matplotlib.font_manager:findfont: score(FontEntry(fname='/home/joseph/projects/follicle_fork/python_utilities/tissuegenenv/lib/python3.13/site-packages/matplotlib/mpl-data/fonts/ttf/STIXSizTwoSymReg.ttf', name='STIXSizeTwoSym', style='normal', variant='normal', weight=400, stretch='normal', size='scalable')) = 10.05
DEBUG:matplotlib.font_manager:findfont: score(FontEntry(fname='/home/joseph/projects/follicle_fork/python_utilities/tissuegenenv/lib/python3.13/site-packages/matplotlib/mpl-data/fonts/ttf/cmr10.ttf', name='cmr10', style='normal', variant='normal', weight=400, stretch='normal', size='scalable')) = 10.05
DEBUG:matplotlib.font_manager:findfont: score(FontEntry(fname='/home/joseph/projects/follicle_fork/python_utilities/tissuegenenv/lib/python3.13/site-packages/matplotlib/mpl-data/fonts/ttf/DejaVuSans-BoldOblique.ttf', name='DejaVu Sans', style='oblique', variant='normal', weight=700, stretch='normal', size='scalable')) = 1.335
DEBUG:matplotlib.font_manager:findfont: score(FontEntry(fname='/home/joseph/projects/follicle_fork/python_utilities/tissuegenenv/lib/python3.13/site-packages/matplotlib/mpl-data/fonts/ttf/STIXGeneralBolIta.ttf', name='STIXGeneral', style='italic', variant='normal', weight=700, stretch='normal', size='scalable')) = 11.335
DEBUG:matplotlib.font_manager:findfont: score(FontEntry(fname='/home/joseph/projects/follicle_fork/python_utilities/tissuegenenv/lib/python3.13/site-packages/matplotlib/mpl-data/fonts/ttf/STIXSizFourSymReg.ttf', name='STIXSizeFourSym', style='normal', variant='normal', weight=400, stretch='normal', size='scalable')) = 10.05
DEBUG:matplotlib.font_manager:findfont: score(FontEntry(fname='/home/joseph/.fonts/MapleMono-SC-NF-BoldItalic.ttf', name='Maple Mono SC NF', style='italic', variant='normal', weight=700, stretch='normal', size='scalable')) = 11.335
DEBUG:matplotlib.font_manager:findfont: score(FontEntry(fname='/usr/share/fonts/TTF/IosevkaNerdFontMono-HeavyItalic.ttf', name='Iosevka NFM', style='italic', variant='normal', weight=900, stretch='normal', size='scalable')) = 11.525
DEBUG:matplotlib.font_manager:findfont: score(FontEntry(fname='/usr/share/fonts/gnu-free/FreeMonoBold.otf', name='FreeMono', style='normal', variant='normal', weight=700, stretch='normal', size='scalable')) = 10.335
DEBUG:matplotlib.font_manager:findfont: score(FontEntry(fname='/home/joseph/.fonts/MapleMono-SC-NF-Regular.ttf', name='Maple Mono SC NF', style='normal', variant='normal', weight=400, stretch='normal', size='scalable')) = 10.05
DEBUG:matplotlib.font_manager:findfont: score(FontEntry(fname='/usr/share/fonts/TTF/JetBrainsMonoNLNerdFontMono-ThinItalic.ttf', name='JetBrainsMonoNL NFM', style='italic', variant='normal', weight=100, stretch='normal', size='scalable')) = 11.335
DEBUG:matplotlib.font_manager:findfont: score(FontEntry(fname='/usr/share/fonts/TTF/IosevkaNerdFontMono-ExtraBold.ttf', name='Iosevka NFM', style='normal', variant='normal', weight=800, stretch='normal', size='scalable')) = 10.43
DEBUG:matplotlib.font_manager:findfont: score(FontEntry(fname='/usr/share/fonts/TTF/IosevkaTermNerdFontPropo-LightItalic.ttf', name='IosevkaTerm NFP', style='italic', variant='normal', weight=300, stretch='normal', size='scalable')) = 11.145
DEBUG:matplotlib.font_manager:findfont: score(FontEntry(fname='/usr/share/fonts/ttf-maple/MapleMono-Bold.ttf', name='Maple Mono', style='normal', variant='normal', weight=700, stretch='normal', size='scalable')) = 10.335
DEBUG:matplotlib.font_manager:findfont: score(FontEntry(fname='/usr/share/fonts/OTF/SyrCOMUrhoyBold.otf', name='Serto Urhoy', style='normal', variant='normal', weight=700, stretch='normal', size='scalable')) = 10.335
DEBUG:matplotlib.font_manager:findfont: score(FontEntry(fname='/usr/share/fonts/TTF/IosevkaNerdFont-SemiBoldItalic.ttf', name='Iosevka NF', style='italic', variant='normal', weight=600, stretch='normal', size='scalable')) = 11.24
DEBUG:matplotlib.font_manager:findfont: score(FontEntry(fname='/usr/share/fonts/Unifont/Unifont_CSUR.ttf', name='Unifont CSUR', style='normal', variant='normal', weight=500, stretch='normal', size='scalable')) = 10.145
DEBUG:matplotlib.font_manager:findfont: score(FontEntry(fname='/usr/share/fonts/TTF/IosevkaNerdFontPropo-MediumItalic.ttf', name='Iosevka NFP', style='italic', variant='normal', weight=500, stretch='normal', size='scalable')) = 11.145
DEBUG:matplotlib.font_manager:findfont: score(FontEntry(fname='/usr/share/fonts/TTF/IosevkaNerdFontMono-BoldItalic.ttf', name='Iosevka NFM', style='italic', variant='normal', weight=700, stretch='normal', size='scalable')) = 11.335
DEBUG:matplotlib.font_manager:findfont: score(FontEntry(fname='/usr/share/fonts/TTF/IosevkaNerdFontPropo-Thin.ttf', name='Iosevka NFP', style='normal', variant='normal', weight=100, stretch='normal', size='scalable')) = 10.335
DEBUG:matplotlib.font_manager:findfont: score(FontEntry(fname='/usr/share/fonts/TTF/IosevkaTermNerdFont-SemiBoldOblique.ttf', name='IosevkaTerm NF', style='oblique', variant='normal', weight=600, stretch='normal', size='scalable')) = 11.24
DEBUG:matplotlib.font_manager:findfont: score(FontEntry(fname='/usr/share/fonts/TTF/IosevkaNerdFont-ExtraLightOblique.ttf', name='Iosevka NF', style='oblique', variant='normal', weight=200, stretch='normal', size='scalable')) = 11.24
DEBUG:matplotlib.font_manager:findfont: score(FontEntry(fname='/usr/share/fonts/TTF/JetBrainsMonoNLNerdFontMono-ExtraLight.ttf', name='JetBrainsMonoNL NFM', style='normal', variant='normal', weight=200, stretch='normal', size='scalable')) = 10.24
DEBUG:matplotlib.font_manager:findfont: score(FontEntry(fname='/usr/share/fonts/liberation/LiberationMono-Italic.ttf', name='Liberation Mono', style='italic', variant='normal', weight=400, stretch='normal', size='scalable')) = 11.05
DEBUG:matplotlib.font_manager:findfont: score(FontEntry(fname='/usr/share/fonts/liberation/LiberationMono-Regular.ttf', name='Liberation Mono', style='normal', variant='normal', weight=400, stretch='normal', size='scalable')) = 10.05
DEBUG:matplotlib.font_manager:findfont: score(FontEntry(fname='/usr/share/fonts/TTF/IosevkaNerdFontPropo-LightItalic.ttf', name='Iosevka NFP', style='italic', variant='normal', weight=300, stretch='normal', size='scalable')) = 11.145
DEBUG:matplotlib.font_manager:findfont: score(FontEntry(fname='/usr/share/fonts/TTF/JetBrainsMonoNLNerdFontMono-SemiBold.ttf', name='JetBrainsMonoNL NFM', style='normal', variant='normal', weight=600, stretch='normal', size='scalable')) = 10.24
DEBUG:matplotlib.font_manager:findfont: score(FontEntry(fname='/home/joseph/.local/share/fonts/Iosevka-Nerd-Font-Complete.ttf', name='Iosevka', style='normal', variant='normal', weight=400, stretch='normal', size='scalable')) = 10.05
DEBUG:matplotlib.font_manager:findfont: score(FontEntry(fname='/usr/share/fonts/TTF/Roboto-Regular.ttf', name='Roboto', style='normal', variant='normal', weight=400, stretch='normal', size='scalable')) = 10.05
DEBUG:matplotlib.font_manager:findfont: score(FontEntry(fname='/usr/share/fonts/gsfonts/NimbusSans-BoldItalic.otf', name='Nimbus Sans', style='italic', variant='normal', weight=700, stretch='normal', size='scalable')) = 11.335
DEBUG:matplotlib.font_manager:findfont: score(FontEntry(fname='/usr/share/fonts/TTF/IosevkaTermNerdFontMono-Heavy.ttf', name='IosevkaTerm NFM', style='normal', variant='normal', weight=900, stretch='normal', size='scalable')) = 10.525
DEBUG:matplotlib.font_manager:findfont: score(FontEntry(fname='/usr/share/fonts/TTF/JetBrainsMonoNLNerdFontPropo-ExtraBold.ttf', name='JetBrainsMonoNL NFP', style='normal', variant='normal', weight=800, stretch='normal', size='scalable')) = 10.43
DEBUG:matplotlib.font_manager:findfont: score(FontEntry(fname='/usr/share/fonts/gsfonts/NimbusMonoPS-Regular.otf', name='Nimbus Mono PS', style='normal', variant='normal', weight=400, stretch='normal', size='scalable')) = 10.05
DEBUG:matplotlib.font_manager:findfont: score(FontEntry(fname='/home/joseph/.local/share/fonts/JetBrains-Mono-Nerd-Font-Complete.ttf', name='JetBrainsMono Nerd Font', style='normal', variant='normal', weight=400, stretch='normal', size='scalable')) = 10.05
DEBUG:matplotlib.font_manager:findfont: score(FontEntry(fname='/usr/share/fonts/TTF/JetBrainsMono-BoldItalic.ttf', name='JetBrains Mono', style='italic', variant='normal', weight=700, stretch='normal', size='scalable')) = 11.335
DEBUG:matplotlib.font_manager:findfont: score(FontEntry(fname='/usr/share/fonts/TTF/IosevkaTermNerdFontPropo-MediumOblique.ttf', name='IosevkaTerm NFP', style='oblique', variant='normal', weight=500, stretch='normal', size='scalable')) = 11.145
DEBUG:matplotlib.font_manager:findfont: score(FontEntry(fname='/usr/share/fonts/TTF/JetBrainsMonoNerdFontPropo-Thin.ttf', name='JetBrainsMono NFP', style='normal', variant='normal', weight=100, stretch='normal', size='scalable')) = 10.335
DEBUG:matplotlib.font_manager:findfont: score(FontEntry(fname='/usr/share/fonts/TTF/IosevkaTermNerdFont-SemiBold.ttf', name='IosevkaTerm NF', style='normal', variant='normal', weight=600, stretch='normal', size='scalable')) = 10.24
DEBUG:matplotlib.font_manager:findfont: score(FontEntry(fname='/usr/share/fonts/TTF/JetBrainsMonoNL-Thin.ttf', name='JetBrains Mono NL', style='normal', variant='normal', weight=100, stretch='normal', size='scalable')) = 10.335
DEBUG:matplotlib.font_manager:findfont: score(FontEntry(fname='/usr/share/fonts/liberation/LiberationSerif-Bold.ttf', name='Liberation Serif', style='normal', variant='normal', weight=700, stretch='normal', size='scalable')) = 10.335
DEBUG:matplotlib.font_manager:findfont: score(FontEntry(fname='/usr/share/fonts/TTF/IosevkaNerdFontMono-ExtraBoldOblique.ttf', name='Iosevka NFM', style='oblique', variant='normal', weight=800, stretch='normal', size='scalable')) = 11.43
DEBUG:matplotlib.font_manager:findfont: score(FontEntry(fname='/usr/share/fonts/TTF/IosevkaTermNerdFontPropo-Regular.ttf', name='IosevkaTerm NFP', style='normal', variant='normal', weight=400, stretch='normal', size='scalable')) = 10.05
DEBUG:matplotlib.font_manager:findfont: score(FontEntry(fname='/usr/share/fonts/TTF/IosevkaTermNerdFontMono-ExtraLightOblique.ttf', name='IosevkaTerm NFM', style='oblique', variant='normal', weight=200, stretch='normal', size='scalable')) = 11.24
DEBUG:matplotlib.font_manager:findfont: score(FontEntry(fname='/usr/share/fonts/TTF/IosevkaTermNerdFont-ExtraLightItalic.ttf', name='IosevkaTerm NF', style='italic', variant='normal', weight=200, stretch='normal', size='scalable')) = 11.24
DEBUG:matplotlib.font_manager:findfont: score(FontEntry(fname='/usr/share/fonts/ttf-maple/MapleMono-BoldItalic.ttf', name='Maple Mono', style='italic', variant='normal', weight=700, stretch='normal', size='scalable')) = 11.335
DEBUG:matplotlib.font_manager:findfont: score(FontEntry(fname='/usr/share/fonts/TTF/IosevkaTermNerdFontMono-ThinItalic.ttf', name='IosevkaTerm NFM', style='italic', variant='normal', weight=100, stretch='normal', size='scalable')) = 11.335
DEBUG:matplotlib.font_manager:findfont: score(FontEntry(fname='/usr/share/fonts/TTF/Roboto-Light.ttf', name='Roboto', style='normal', variant='normal', weight=300, stretch='normal', size='scalable')) = 10.145
DEBUG:matplotlib.font_manager:findfont: score(FontEntry(fname='/usr/share/fonts/TTF/RobotoCondensed-BoldItalic.ttf', name='Roboto Condensed', style='italic', variant='normal', weight=700, stretch='condensed', size='scalable')) = 11.535
DEBUG:matplotlib.font_manager:findfont: score(FontEntry(fname='/usr/share/fonts/adobe-source-code-pro/SourceCodePro-Bold.otf', name='Source Code Pro', style='normal', variant='normal', weight=700, stretch='normal', size='scalable')) = 10.335
DEBUG:matplotlib.font_manager:findfont: score(FontEntry(fname='/usr/share/fonts/TTF/Roboto-Medium.ttf', name='Roboto', style='normal', variant='normal', weight=500, stretch='normal', size='scalable')) = 10.145
DEBUG:matplotlib.font_manager:findfont: score(FontEntry(fname='/usr/share/fonts/gnu-free/FreeSansBold.otf', name='FreeSans', style='normal', variant='normal', weight=600, stretch='normal', size='scalable')) = 10.24
DEBUG:matplotlib.font_manager:findfont: score(FontEntry(fname='/usr/share/fonts/TTF/JetBrainsMonoNerdFontPropo-ThinItalic.ttf', name='JetBrainsMono NFP', style='italic', variant='normal', weight=100, stretch='normal', size='scalable')) = 11.335
DEBUG:matplotlib.font_manager:findfont: score(FontEntry(fname='/usr/share/fonts/adobe-source-code-pro/SourceCodePro-BlackIt.otf', name='Source Code Pro', style='italic', variant='normal', weight=900, stretch='normal', size='scalable')) = 11.525
DEBUG:matplotlib.font_manager:findfont: score(FontEntry(fname='/usr/share/fonts/TTF/IosevkaNerdFontPropo-ExtraLight.ttf', name='Iosevka NFP', style='normal', variant='normal', weight=200, stretch='normal', size='scalable')) = 10.24
DEBUG:matplotlib.font_manager:findfont: score(FontEntry(fname='/usr/share/fonts/liberation/LiberationSans-Bold.ttf', name='Liberation Sans', style='normal', variant='normal', weight=700, stretch='normal', size='scalable')) = 10.335
DEBUG:matplotlib.font_manager:findfont: score(FontEntry(fname='/usr/share/fonts/TTF/JetBrainsMonoNerdFontMono-ExtraLight.ttf', name='JetBrainsMono NFM', style='normal', variant='normal', weight=200, stretch='normal', size='scalable')) = 10.24
DEBUG:matplotlib.font_manager:findfont: score(FontEntry(fname='/usr/share/fonts/TTF/IosevkaNerdFontPropo-Bold.ttf', name='Iosevka NFP', style='normal', variant='normal', weight=700, stretch='normal', size='scalable')) = 10.335
DEBUG:matplotlib.font_manager:findfont: score(FontEntry(fname='/usr/share/fonts/OTF/SyrCOMKharput.otf', name='Serto Kharput', style='normal', variant='normal', weight=400, stretch='normal', size='scalable')) = 10.05
DEBUG:matplotlib.font_manager:findfont: score(FontEntry(fname='/usr/share/fonts/TTF/IosevkaNerdFontMono-LightOblique.ttf', name='Iosevka NFM', style='oblique', variant='normal', weight=300, stretch='normal', size='scalable')) = 11.145
DEBUG:matplotlib.font_manager:findfont: score(FontEntry(fname='/usr/share/fonts/OTF/SyrCOMNisibinOutline.otf', name='Estrangelo Nisibin Outline', style='normal', variant='normal', weight=400, stretch='normal', size='scalable')) = 10.05
DEBUG:matplotlib.font_manager:findfont: score(FontEntry(fname='/usr/share/fonts/TTF/IosevkaTermNerdFontPropo-HeavyItalic.ttf', name='IosevkaTerm NFP', style='italic', variant='normal', weight=900, stretch='normal', size='scalable')) = 11.525
DEBUG:matplotlib.font_manager:findfont: score(FontEntry(fname='/usr/share/fonts/TTF/IosevkaTermNerdFontPropo-SemiBoldOblique.ttf', name='IosevkaTerm NFP', style='oblique', variant='normal', weight=600, stretch='normal', size='scalable')) = 11.24
DEBUG:matplotlib.font_manager:findfont: score(FontEntry(fname='/usr/share/fonts/TTF/IosevkaNerdFontMono-Light.ttf', name='Iosevka NFM', style='normal', variant='normal', weight=300, stretch='normal', size='scalable')) = 10.145
DEBUG:matplotlib.font_manager:findfont: score(FontEntry(fname='/usr/share/fonts/TTF/InconsolataNerdFontMono-Bold.ttf', name='Inconsolata Nerd Font Mono', style='normal', variant='normal', weight=700, stretch='normal', size='scalable')) = 10.335
DEBUG:matplotlib.font_manager:findfont: score(FontEntry(fname='/usr/share/fonts/TTF/JetBrainsMonoNLNerdFont-ExtraLightItalic.ttf', name='JetBrainsMonoNL NF', style='italic', variant='normal', weight=200, stretch='normal', size='scalable')) = 11.24
DEBUG:matplotlib.font_manager:findfont: score(FontEntry(fname='/usr/share/fonts/TTF/InconsolataNerdFontPropo-Bold.ttf', name='Inconsolata Nerd Font Propo', style='normal', variant='normal', weight=700, stretch='normal', size='scalable')) = 10.335
DEBUG:matplotlib.font_manager:findfont: score(FontEntry(fname='/usr/share/fonts/TTF/JetBrainsMono-Regular.ttf', name='JetBrains Mono', style='normal', variant='normal', weight=400, stretch='normal', size='scalable')) = 10.05
DEBUG:matplotlib.font_manager:findfont: score(FontEntry(fname='/usr/share/fonts/TTF/IosevkaNerdFontMono-Regular.ttf', name='Iosevka NFM', style='normal', variant='normal', weight=400, stretch='normal', size='scalable')) = 10.05
DEBUG:matplotlib.font_manager:findfont: score(FontEntry(fname='/usr/share/fonts/liberation/LiberationMono-Bold.ttf', name='Liberation Mono', style='normal', variant='normal', weight=700, stretch='normal', size='scalable')) = 10.335
DEBUG:matplotlib.font_manager:findfont: score(FontEntry(fname='/usr/share/fonts/gnu-free/FreeSansBoldOblique.otf', name='FreeSans', style='oblique', variant='normal', weight=600, stretch='normal', size='scalable')) = 11.24
DEBUG:matplotlib.font_manager:findfont: score(FontEntry(fname='/usr/share/fonts/TTF/JetBrainsMonoNLNerdFont-BoldItalic.ttf', name='JetBrainsMonoNL NF', style='italic', variant='normal', weight=700, stretch='normal', size='scalable')) = 11.335
DEBUG:matplotlib.font_manager:findfont: score(FontEntry(fname='/usr/share/fonts/TTF/JetBrainsMonoNLNerdFont-Medium.ttf', name='JetBrainsMonoNL NF', style='normal', variant='normal', weight=500, stretch='normal', size='scalable')) = 10.145
DEBUG:matplotlib.font_manager:findfont: score(FontEntry(fname='/usr/share/fonts/TTF/JetBrainsMonoNLNerdFontPropo-Regular.ttf', name='JetBrainsMonoNL NFP', style='normal', variant='normal', weight=400, stretch='normal', size='scalable')) = 10.05
DEBUG:matplotlib.font_manager:findfont: score(FontEntry(fname='/usr/share/fonts/TTF/IosevkaTermNerdFont-BoldItalic.ttf', name='IosevkaTerm NF', style='italic', variant='normal', weight=700, stretch='normal', size='scalable')) = 11.335
DEBUG:matplotlib.font_manager:findfont: score(FontEntry(fname='/usr/share/fonts/gsfonts/P052-BoldItalic.otf', name='P052', style='italic', variant='normal', weight=700, stretch='normal', size='scalable')) = 11.335
DEBUG:matplotlib.font_manager:findfont: score(FontEntry(fname='/usr/share/fonts/TTF/IosevkaTermNerdFontMono-SemiBoldItalic.ttf', name='IosevkaTerm NFM', style='italic', variant='normal', weight=600, stretch='normal', size='scalable')) = 11.24
DEBUG:matplotlib.font_manager:findfont: score(FontEntry(fname='/usr/share/fonts/TTF/IosevkaTermNerdFont-LightItalic.ttf', name='IosevkaTerm NF', style='italic', variant='normal', weight=300, stretch='normal', size='scalable')) = 11.145
DEBUG:matplotlib.font_manager:findfont: score(FontEntry(fname='/usr/share/fonts/TTF/IosevkaTermNerdFontMono-ThinOblique.ttf', name='IosevkaTerm NFM', style='oblique', variant='normal', weight=100, stretch='normal', size='scalable')) = 11.335
DEBUG:matplotlib.font_manager:findfont: score(FontEntry(fname='/usr/share/fonts/TTF/IosevkaNerdFontMono-Bold.ttf', name='Iosevka NFM', style='normal', variant='normal', weight=700, stretch='normal', size='scalable')) = 10.335
DEBUG:matplotlib.font_manager:findfont: score(FontEntry(fname='/usr/share/fonts/TTF/JetBrainsMonoNLNerdFontMono-Regular.ttf', name='JetBrainsMonoNL NFM', style='normal', variant='normal', weight=400, stretch='normal', size='scalable')) = 10.05
DEBUG:matplotlib.font_manager:findfont: score(FontEntry(fname='/usr/share/fonts/TTF/IosevkaTermNerdFont-ExtraBoldOblique.ttf', name='IosevkaTerm NF', style='oblique', variant='normal', weight=800, stretch='normal', size='scalable')) = 11.43
DEBUG:matplotlib.font_manager:findfont: score(FontEntry(fname='/usr/share/fonts/TTF/JetBrainsMonoNLNerdFont-Bold.ttf', name='JetBrainsMonoNL NF', style='normal', variant='normal', weight=700, stretch='normal', size='scalable')) = 10.335
DEBUG:matplotlib.font_manager:findfont: score(FontEntry(fname='/usr/share/fonts/Unifont/Unifont_jp.ttf', name='Unifont-JP', style='normal', variant='normal', weight=500, stretch='normal', size='scalable')) = 10.145
DEBUG:matplotlib.font_manager:findfont: score(FontEntry(fname='/usr/share/fonts/liberation/LiberationSerif-Regular.ttf', name='Liberation Serif', style='normal', variant='normal', weight=400, stretch='normal', size='scalable')) = 10.05
DEBUG:matplotlib.font_manager:findfont: score(FontEntry(fname='/usr/share/fonts/TTF/JetBrainsMonoNL-ExtraBoldItalic.ttf', name='JetBrains Mono NL', style='italic', variant='normal', weight=800, stretch='normal', size='scalable')) = 11.43
DEBUG:matplotlib.font_manager:findfont: score(FontEntry(fname='/usr/share/fonts/OTF/SyrCOMBatnanBold.otf', name='Serto Batnan', style='normal', variant='normal', weight=700, stretch='normal', size='scalable')) = 10.335
DEBUG:matplotlib.font_manager:findfont: score(FontEntry(fname='/home/joseph/.fonts/MapleMono-Light.ttf', name='Maple Mono', style='normal', variant='normal', weight=300, stretch='normal', size='scalable')) = 10.145
DEBUG:matplotlib.font_manager:findfont: score(FontEntry(fname='/usr/share/fonts/TTF/IosevkaTermNerdFontPropo-SemiBoldItalic.ttf', name='IosevkaTerm NFP', style='italic', variant='normal', weight=600, stretch='normal', size='scalable')) = 11.24
DEBUG:matplotlib.font_manager:findfont: score(FontEntry(fname='/usr/share/fonts/ttf-maple/MapleMono-SC-NF-Light.ttf', name='Maple Mono SC NF', style='normal', variant='normal', weight=300, stretch='normal', size='scalable')) = 10.145
DEBUG:matplotlib.font_manager:findfont: score(FontEntry(fname='/usr/share/fonts/OTF/SyrCOMNisibin.otf', name='Estrangelo Nisibin', style='normal', variant='normal', weight=400, stretch='normal', size='scalable')) = 10.05
DEBUG:matplotlib.font_manager:findfont: score(FontEntry(fname='/home/joseph/.local/share/fonts/Icomoon-Feather.ttf', name='feather', style='normal', variant='normal', weight=400, stretch='normal', size='scalable')) = 10.05
DEBUG:matplotlib.font_manager:findfont: score(FontEntry(fname='/usr/share/fonts/TTF/JetBrainsMonoNL-SemiBold.ttf', name='JetBrains Mono NL', style='normal', variant='normal', weight=600, stretch='normal', size='scalable')) = 10.24
DEBUG:matplotlib.font_manager:findfont: score(FontEntry(fname='/usr/share/fonts/TTF/IosevkaNerdFontMono-ExtraLight.ttf', name='Iosevka NFM', style='normal', variant='normal', weight=200, stretch='normal', size='scalable')) = 10.24
DEBUG:matplotlib.font_manager:findfont: score(FontEntry(fname='/usr/share/fonts/TTF/IosevkaTermNerdFontMono-LightItalic.ttf', name='IosevkaTerm NFM', style='italic', variant='normal', weight=300, stretch='normal', size='scalable')) = 11.145
DEBUG:matplotlib.font_manager:findfont: score(FontEntry(fname='/usr/share/fonts/TTF/JetBrainsMonoNLNerdFontMono-MediumItalic.ttf', name='JetBrainsMonoNL NFM', style='italic', variant='normal', weight=500, stretch='normal', size='scalable')) = 11.145
DEBUG:matplotlib.font_manager:findfont: score(FontEntry(fname='/usr/share/fonts/TTF/IosevkaNerdFont-SemiBoldOblique.ttf', name='Iosevka NF', style='oblique', variant='normal', weight=600, stretch='normal', size='scalable')) = 11.24
DEBUG:matplotlib.font_manager:findfont: score(FontEntry(fname='/usr/share/fonts/TTF/JetBrainsMonoNLNerdFontMono-Bold.ttf', name='JetBrainsMonoNL NFM', style='normal', variant='normal', weight=700, stretch='normal', size='scalable')) = 10.335
DEBUG:matplotlib.font_manager:findfont: score(FontEntry(fname='/home/joseph/.fonts/MapleMono-Regular.ttf', name='Maple Mono', style='normal', variant='normal', weight=400, stretch='normal', size='scalable')) = 10.05
DEBUG:matplotlib.font_manager:findfont: score(FontEntry(fname='/usr/share/fonts/TTF/IosevkaNerdFontPropo-BoldOblique.ttf', name='Iosevka NFP', style='oblique', variant='normal', weight=700, stretch='normal', size='scalable')) = 11.335
DEBUG:matplotlib.font_manager:findfont: score(FontEntry(fname='/usr/share/fonts/TTF/Roboto-BoldItalic.ttf', name='Roboto', style='italic', variant='normal', weight=700, stretch='normal', size='scalable')) = 11.335
DEBUG:matplotlib.font_manager:findfont: score(FontEntry(fname='/usr/share/fonts/TTF/IosevkaNerdFontPropo-Medium.ttf', name='Iosevka NFP', style='normal', variant='normal', weight=500, stretch='normal', size='scalable')) = 10.145
DEBUG:matplotlib.font_manager:findfont: score(FontEntry(fname='/usr/share/fonts/liberation/LiberationSans-Italic.ttf', name='Liberation Sans', style='italic', variant='normal', weight=400, stretch='normal', size='scalable')) = 11.05
DEBUG:matplotlib.font_manager:findfont: score(FontEntry(fname='/home/joseph/.fonts/Ubuntu.ttf', name='Ubuntu', style='normal', variant='normal', weight=400, stretch='normal', size='scalable')) = 10.05
DEBUG:matplotlib.font_manager:findfont: score(FontEntry(fname='/usr/share/fonts/TTF/JetBrainsMonoNLNerdFont-SemiBold.ttf', name='JetBrainsMonoNL NF', style='normal', variant='normal', weight=600, stretch='normal', size='scalable')) = 10.24
DEBUG:matplotlib.font_manager:findfont: score(FontEntry(fname='/usr/share/fonts/TTF/IosevkaNerdFontPropo-ExtraBold.ttf', name='Iosevka NFP', style='normal', variant='normal', weight=800, stretch='normal', size='scalable')) = 10.43
DEBUG:matplotlib.font_manager:findfont: score(FontEntry(fname='/usr/share/fonts/TTF/JetBrainsMono-Italic.ttf', name='JetBrains Mono', style='italic', variant='normal', weight=400, stretch='normal', size='scalable')) = 11.05
DEBUG:matplotlib.font_manager:findfont: score(FontEntry(fname='/usr/share/fonts/TTF/JetBrainsMonoNLNerdFontPropo-LightItalic.ttf', name='JetBrainsMonoNL NFP', style='italic', variant='normal', weight=300, stretch='normal', size='scalable')) = 11.145
DEBUG:matplotlib.font_manager:findfont: score(FontEntry(fname='/usr/share/fonts/TTF/InconsolataNerdFontMono-Regular.ttf', name='Inconsolata Nerd Font Mono', style='normal', variant='normal', weight=400, stretch='normal', size='scalable')) = 10.05
DEBUG:matplotlib.font_manager:findfont: score(FontEntry(fname='/usr/share/fonts/TTF/JetBrainsMonoNerdFontMono-MediumItalic.ttf', name='JetBrainsMono NFM', style='italic', variant='normal', weight=500, stretch='normal', size='scalable')) = 11.145
DEBUG:matplotlib.font_manager:findfont: score(FontEntry(fname='/usr/share/fonts/adobe-source-code-pro/SourceCodePro-SemiboldIt.otf', name='Source Code Pro', style='italic', variant='normal', weight=600, stretch='normal', size='scalable')) = 11.24
DEBUG:matplotlib.font_manager:findfont: score(FontEntry(fname='/usr/share/fonts/gnu-free/FreeSerifItalic.otf', name='FreeSerif', style='italic', variant='normal', weight=400, stretch='normal', size='scalable')) = 11.05
DEBUG:matplotlib.font_manager:findfont: score(FontEntry(fname='/usr/share/fonts/adobe-source-code-pro/SourceCodePro-Light.otf', name='Source Code Pro', style='normal', variant='normal', weight=300, stretch='normal', size='scalable')) = 10.145
DEBUG:matplotlib.font_manager:findfont: score(FontEntry(fname='/usr/share/fonts/gsfonts/URWBookman-Light.otf', name='URW Bookman', style='normal', variant='normal', weight=300, stretch='normal', size='scalable')) = 10.145
DEBUG:matplotlib.font_manager:findfont: score(FontEntry(fname='/usr/share/fonts/gsfonts/P052-Roman.otf', name='P052', style='normal', variant='normal', weight=400, stretch='normal', size='scalable')) = 10.05
DEBUG:matplotlib.font_manager:findfont: score(FontEntry(fname='/usr/share/fonts/TTF/Roboto-LightItalic.ttf', name='Roboto', style='italic', variant='normal', weight=300, stretch='normal', size='scalable')) = 11.145
DEBUG:matplotlib.font_manager:findfont: score(FontEntry(fname='/usr/share/fonts/TTF/JetBrainsMonoNLNerdFontMono-ExtraBoldItalic.ttf', name='JetBrainsMonoNL NFM', style='italic', variant='normal', weight=800, stretch='normal', size='scalable')) = 11.43
DEBUG:matplotlib.font_manager:findfont: score(FontEntry(fname='/usr/share/fonts/gsfonts/C059-Bold.otf', name='C059', style='normal', variant='normal', weight=700, stretch='normal', size='scalable')) = 10.335
DEBUG:matplotlib.font_manager:findfont: score(FontEntry(fname='/usr/share/fonts/TTF/JetBrainsMonoNLNerdFontPropo-Italic.ttf', name='JetBrainsMonoNL NFP', style='italic', variant='normal', weight=400, stretch='normal', size='scalable')) = 11.05
DEBUG:matplotlib.font_manager:findfont: score(FontEntry(fname='/usr/share/fonts/TTF/JetBrainsMonoNLNerdFontMono-LightItalic.ttf', name='JetBrainsMonoNL NFM', style='italic', variant='normal', weight=300, stretch='normal', size='scalable')) = 11.145
DEBUG:matplotlib.font_manager:findfont: score(FontEntry(fname='/usr/share/fonts/gsfonts/NimbusRoman-BoldItalic.otf', name='Nimbus Roman', style='italic', variant='normal', weight=700, stretch='normal', size='scalable')) = 11.335
DEBUG:matplotlib.font_manager:findfont: score(FontEntry(fname='/usr/share/fonts/TTF/IosevkaNerdFont-Italic.ttf', name='Iosevka NF', style='italic', variant='normal', weight=400, stretch='normal', size='scalable')) = 11.05
DEBUG:matplotlib.font_manager:findfont: score(FontEntry(fname='/usr/share/fonts/TTF/IosevkaNerdFontMono-SemiBoldItalic.ttf', name='Iosevka NFM', style='italic', variant='normal', weight=600, stretch='normal', size='scalable')) = 11.24
DEBUG:matplotlib.font_manager:findfont: score(FontEntry(fname='/usr/share/fonts/ttf-maple/MapleMono-NF-Regular.ttf', name='Maple Mono NF', style='normal', variant='normal', weight=400, stretch='normal', size='scalable')) = 10.05
DEBUG:matplotlib.font_manager:findfont: score(FontEntry(fname='/usr/share/fonts/TTF/IosevkaNerdFont-HeavyItalic.ttf', name='Iosevka NF', style='italic', variant='normal', weight=900, stretch='normal', size='scalable')) = 11.525
DEBUG:matplotlib.font_manager:findfont: score(FontEntry(fname='/usr/share/fonts/TTF/RobotoCondensed-LightItalic.ttf', name='Roboto Condensed', style='italic', variant='normal', weight=300, stretch='condensed', size='scalable')) = 11.344999999999999
DEBUG:matplotlib.font_manager:findfont: score(FontEntry(fname='/usr/share/fonts/gnu-free/FreeSansOblique.otf', name='FreeSans', style='oblique', variant='normal', weight=400, stretch='normal', size='scalable')) = 11.05
DEBUG:matplotlib.font_manager:findfont: score(FontEntry(fname='/usr/share/fonts/gsfonts/NimbusSans-Regular.otf', name='Nimbus Sans', style='normal', variant='normal', weight=400, stretch='normal', size='scalable')) = 10.05
DEBUG:matplotlib.font_manager:findfont: score(FontEntry(fname='/usr/share/fonts/TTF/IosevkaTermNerdFont-Heavy.ttf', name='IosevkaTerm NF', style='normal', variant='normal', weight=900, stretch='normal', size='scalable')) = 10.525
DEBUG:matplotlib.font_manager:findfont: score(FontEntry(fname='/usr/share/fonts/TTF/IosevkaNerdFontPropo-ExtraLightOblique.ttf', name='Iosevka NFP', style='oblique', variant='normal', weight=200, stretch='normal', size='scalable')) = 11.24
DEBUG:matplotlib.font_manager:findfont: score(FontEntry(fname='/usr/share/fonts/TTF/RobotoCondensed-Italic.ttf', name='Roboto Condensed', style='italic', variant='normal', weight=400, stretch='condensed', size='scalable')) = 11.25
DEBUG:matplotlib.font_manager:findfont: score(FontEntry(fname='/usr/share/fonts/TTF/IosevkaNerdFontMono-ThinOblique.ttf', name='Iosevka NFM', style='oblique', variant='normal', weight=100, stretch='normal', size='scalable')) = 11.335
DEBUG:matplotlib.font_manager:findfont: score(FontEntry(fname='/usr/share/fonts/TTF/IosevkaNerdFont-SemiBold.ttf', name='Iosevka NF', style='normal', variant='normal', weight=600, stretch='normal', size='scalable')) = 10.24
DEBUG:matplotlib.font_manager:findfont: score(FontEntry(fname='/usr/share/fonts/TTF/JetBrainsMonoNerdFontMono-Bold.ttf', name='JetBrainsMono NFM', style='normal', variant='normal', weight=700, stretch='normal', size='scalable')) = 10.335
DEBUG:matplotlib.font_manager:findfont: score(FontEntry(fname='/usr/share/fonts/gsfonts/NimbusSans-Italic.otf', name='Nimbus Sans', style='italic', variant='normal', weight=400, stretch='normal', size='scalable')) = 11.05
DEBUG:matplotlib.font_manager:findfont: score(FontEntry(fname='/usr/share/fonts/TTF/JetBrainsMonoNLNerdFontPropo-Thin.ttf', name='JetBrainsMonoNL NFP', style='normal', variant='normal', weight=100, stretch='normal', size='scalable')) = 10.335
DEBUG:matplotlib.font_manager:findfont: score(FontEntry(fname='/usr/share/fonts/TTF/JetBrainsMonoNL-ThinItalic.ttf', name='JetBrains Mono NL', style='italic', variant='normal', weight=100, stretch='normal', size='scalable')) = 11.335
DEBUG:matplotlib.font_manager:findfont: score(FontEntry(fname='/usr/share/fonts/TTF/IosevkaTermNerdFontMono-LightOblique.ttf', name='IosevkaTerm NFM', style='oblique', variant='normal', weight=300, stretch='normal', size='scalable')) = 11.145
DEBUG:matplotlib.font_manager:findfont: score(FontEntry(fname='/usr/share/fonts/TTF/JetBrainsMonoNerdFont-MediumItalic.ttf', name='JetBrainsMono NF', style='italic', variant='normal', weight=500, stretch='normal', size='scalable')) = 11.145
DEBUG:matplotlib.font_manager:findfont: score(FontEntry(fname='/usr/share/fonts/TTF/IosevkaNerdFontPropo-BoldItalic.ttf', name='Iosevka NFP', style='italic', variant='normal', weight=700, stretch='normal', size='scalable')) = 11.335
DEBUG:matplotlib.font_manager:findfont: score(FontEntry(fname='/usr/share/fonts/TTF/JetBrainsMonoNL-ExtraLight.ttf', name='JetBrains Mono NL', style='normal', variant='normal', weight=200, stretch='normal', size='scalable')) = 10.24
DEBUG:matplotlib.font_manager:findfont: score(FontEntry(fname='/home/joseph/.fonts/MapleMono-SC-NF-LightItalic.ttf', name='Maple Mono SC NF', style='italic', variant='normal', weight=300, stretch='normal', size='scalable')) = 11.145
DEBUG:matplotlib.font_manager:findfont: score(FontEntry(fname='/usr/share/fonts/TTF/JetBrainsMonoNerdFont-LightItalic.ttf', name='JetBrainsMono NF', style='italic', variant='normal', weight=300, stretch='normal', size='scalable')) = 11.145
DEBUG:matplotlib.font_manager:findfont: score(FontEntry(fname='/usr/share/fonts/adobe-source-code-pro/SourceCodePro-MediumIt.otf', name='Source Code Pro', style='italic', variant='normal', weight=500, stretch='normal', size='scalable')) = 11.145
DEBUG:matplotlib.font_manager:findfont: score(FontEntry(fname='/usr/share/fonts/TTF/JetBrainsMonoNerdFont-ExtraBoldItalic.ttf', name='JetBrainsMono NF', style='italic', variant='normal', weight=800, stretch='normal', size='scalable')) = 11.43
DEBUG:matplotlib.font_manager:findfont: score(FontEntry(fname='/usr/share/fonts/TTF/JetBrainsMonoNLNerdFont-Regular.ttf', name='JetBrainsMonoNL NF', style='normal', variant='normal', weight=400, stretch='normal', size='scalable')) = 10.05
DEBUG:matplotlib.font_manager:findfont: score(FontEntry(fname='/usr/share/fonts/TTF/IosevkaTermNerdFontPropo-Light.ttf', name='IosevkaTerm NFP', style='normal', variant='normal', weight=300, stretch='normal', size='scalable')) = 10.145
DEBUG:matplotlib.font_manager:findfont: score(FontEntry(fname='/usr/share/fonts/TTF/IosevkaNerdFontMono-Oblique.ttf', name='Iosevka NFM', style='oblique', variant='normal', weight=400, stretch='normal', size='scalable')) = 11.05
DEBUG:matplotlib.font_manager:findfont: score(FontEntry(fname='/usr/share/fonts/TTF/IosevkaNerdFontMono-ExtraBoldItalic.ttf', name='Iosevka NFM', style='italic', variant='normal', weight=800, stretch='normal', size='scalable')) = 11.43
DEBUG:matplotlib.font_manager:findfont: score(FontEntry(fname='/usr/share/fonts/TTF/JetBrainsMonoNerdFontPropo-ExtraBold.ttf', name='JetBrainsMono NFP', style='normal', variant='normal', weight=800, stretch='normal', size='scalable')) = 10.43
DEBUG:matplotlib.font_manager:findfont: score(FontEntry(fname='/usr/share/fonts/TTF/IosevkaTermNerdFontPropo-Medium.ttf', name='IosevkaTerm NFP', style='normal', variant='normal', weight=500, stretch='normal', size='scalable')) = 10.145
DEBUG:matplotlib.font_manager:findfont: score(FontEntry(fname='/usr/share/fonts/TTF/IosevkaNerdFont-Bold.ttf', name='Iosevka NF', style='normal', variant='normal', weight=700, stretch='normal', size='scalable')) = 10.335
DEBUG:matplotlib.font_manager:findfont: score(FontEntry(fname='/usr/share/fonts/TTF/IosevkaNerdFontMono-Italic.ttf', name='Iosevka NFM', style='italic', variant='normal', weight=400, stretch='normal', size='scalable')) = 11.05
DEBUG:matplotlib.font_manager:findfont: score(FontEntry(fname='/usr/share/fonts/TTF/JetBrainsMonoNLNerdFont-LightItalic.ttf', name='JetBrainsMonoNL NF', style='italic', variant='normal', weight=300, stretch='normal', size='scalable')) = 11.145
DEBUG:matplotlib.font_manager:findfont: score(FontEntry(fname='/usr/share/fonts/TTF/JetBrainsMonoNerdFontPropo-Bold.ttf', name='JetBrainsMono NFP', style='normal', variant='normal', weight=700, stretch='normal', size='scalable')) = 10.335
DEBUG:matplotlib.font_manager:findfont: score(FontEntry(fname='/usr/share/fonts/TTF/IosevkaTermNerdFontMono-MediumItalic.ttf', name='IosevkaTerm NFM', style='italic', variant='normal', weight=500, stretch='normal', size='scalable')) = 11.145
DEBUG:matplotlib.font_manager:findfont: score(FontEntry(fname='/usr/share/fonts/TTF/JetBrainsMonoNerdFontMono-ExtraLightItalic.ttf', name='JetBrainsMono NFM', style='italic', variant='normal', weight=200, stretch='normal', size='scalable')) = 11.24
DEBUG:matplotlib.font_manager:findfont: score(FontEntry(fname='/usr/share/fonts/TTF/JetBrainsMonoNLNerdFontPropo-SemiBold.ttf', name='JetBrainsMonoNL NFP', style='normal', variant='normal', weight=600, stretch='normal', size='scalable')) = 10.24
DEBUG:matplotlib.font_manager:findfont: score(FontEntry(fname='/usr/share/fonts/TTF/JetBrainsMonoNLNerdFontMono-BoldItalic.ttf', name='JetBrainsMonoNL NFM', style='italic', variant='normal', weight=700, stretch='normal', size='scalable')) = 11.335
DEBUG:matplotlib.font_manager:findfont: score(FontEntry(fname='/usr/share/fonts/gsfonts/C059-Roman.otf', name='C059', style='normal', variant='normal', weight=400, stretch='normal', size='scalable')) = 10.05
DEBUG:matplotlib.font_manager:findfont: score(FontEntry(fname='/usr/share/fonts/TTF/IosevkaNerdFont-ExtraLightItalic.ttf', name='Iosevka NF', style='italic', variant='normal', weight=200, stretch='normal', size='scalable')) = 11.24
DEBUG:matplotlib.font_manager:findfont: score(FontEntry(fname='/usr/share/fonts/TTF/JetBrainsMono-ExtraLight.ttf', name='JetBrains Mono', style='normal', variant='normal', weight=200, stretch='normal', size='scalable')) = 10.24
DEBUG:matplotlib.font_manager:findfont: score(FontEntry(fname='/usr/share/fonts/gnu-free/FreeSerif.otf', name='FreeSerif', style='normal', variant='normal', weight=400, stretch='normal', size='scalable')) = 10.05
DEBUG:matplotlib.font_manager:findfont: score(FontEntry(fname='/usr/share/fonts/gnu-free/FreeSans.otf', name='FreeSans', style='normal', variant='normal', weight=400, stretch='normal', size='scalable')) = 10.05
DEBUG:matplotlib.font_manager:findfont: score(FontEntry(fname='/usr/share/fonts/TTF/JetBrainsMonoNLNerdFont-SemiBoldItalic.ttf', name='JetBrainsMonoNL NF', style='italic', variant='normal', weight=600, stretch='normal', size='scalable')) = 11.24
DEBUG:matplotlib.font_manager:findfont: score(FontEntry(fname='/usr/share/fonts/TTF/JetBrainsMonoNerdFontPropo-Medium.ttf', name='JetBrainsMono NFP', style='normal', variant='normal', weight=500, stretch='normal', size='scalable')) = 10.145
DEBUG:matplotlib.font_manager:findfont: score(FontEntry(fname='/usr/share/fonts/OTF/SyrCOMMalankara.otf', name='Serto Malankara', style='normal', variant='normal', weight=400, stretch='normal', size='scalable')) = 10.05
DEBUG:matplotlib.font_manager:findfont: score(FontEntry(fname='/usr/share/fonts/TTF/JetBrainsMonoNerdFont-Italic.ttf', name='JetBrainsMono NF', style='italic', variant='normal', weight=400, stretch='normal', size='scalable')) = 11.05
DEBUG:matplotlib.font_manager:findfont: score(FontEntry(fname='/usr/share/fonts/TTF/JetBrainsMonoNerdFontMono-Regular.ttf', name='JetBrainsMono NFM', style='normal', variant='normal', weight=400, stretch='normal', size='scalable')) = 10.05
DEBUG:matplotlib.font_manager:findfont: score(FontEntry(fname='/usr/share/fonts/TTF/JetBrainsMonoNerdFontPropo-LightItalic.ttf', name='JetBrainsMono NFP', style='italic', variant='normal', weight=300, stretch='normal', size='scalable')) = 11.145
DEBUG:matplotlib.font_manager:findfont: score(FontEntry(fname='/usr/share/fonts/adobe-source-code-pro/SourceCodePro-ExtraLight.otf', name='Source Code Pro', style='normal', variant='normal', weight=200, stretch='normal', size='scalable')) = 10.24
DEBUG:matplotlib.font_manager:findfont: score(FontEntry(fname='/home/joseph/.fonts/AvantGarde_LT_Medium.ttf', name='AvantGarde LT Medium', style='normal', variant='normal', weight=500, stretch='normal', size='scalable')) = 10.145
DEBUG:matplotlib.font_manager:findfont: score(FontEntry(fname='/usr/share/fonts/TTF/InconsolataNerdFont-Bold.ttf', name='Inconsolata Nerd Font', style='normal', variant='normal', weight=700, stretch='normal', size='scalable')) = 10.335
DEBUG:matplotlib.font_manager:findfont: score(FontEntry(fname='/home/joseph/.fonts/MapleMono-NF-Regular.ttf', name='Maple Mono NF', style='normal', variant='normal', weight=400, stretch='normal', size='scalable')) = 10.05
DEBUG:matplotlib.font_manager:findfont: score(FontEntry(fname='/usr/share/fonts/TTF/Roboto-BlackItalic.ttf', name='Roboto', style='italic', variant='normal', weight=900, stretch='normal', size='scalable')) = 11.525
DEBUG:matplotlib.font_manager:findfont: score(FontEntry(fname='/usr/share/fonts/TTF/Roboto-Black.ttf', name='Roboto', style='normal', variant='normal', weight=900, stretch='normal', size='scalable')) = 10.525
DEBUG:matplotlib.font_manager:findfont: score(FontEntry(fname='/usr/share/fonts/TTF/JetBrainsMonoNerdFontPropo-ExtraBoldItalic.ttf', name='JetBrainsMono NFP', style='italic', variant='normal', weight=800, stretch='normal', size='scalable')) = 11.43
DEBUG:matplotlib.font_manager:findfont: score(FontEntry(fname='/usr/share/fonts/TTF/Roboto-Bold.ttf', name='Roboto', style='normal', variant='normal', weight=700, stretch='normal', size='scalable')) = 10.335
DEBUG:matplotlib.font_manager:findfont: score(FontEntry(fname='/usr/share/fonts/TTF/JetBrainsMonoNLNerdFont-ExtraBold.ttf', name='JetBrainsMonoNL NF', style='normal', variant='normal', weight=800, stretch='normal', size='scalable')) = 10.43
DEBUG:matplotlib.font_manager:findfont: score(FontEntry(fname='/usr/share/fonts/TTF/IosevkaNerdFontMono-BoldOblique.ttf', name='Iosevka NFM', style='oblique', variant='normal', weight=700, stretch='normal', size='scalable')) = 11.335
DEBUG:matplotlib.font_manager:findfont: score(FontEntry(fname='/usr/share/fonts/TTF/JetBrainsMonoNL-Light.ttf', name='JetBrains Mono NL', style='normal', variant='normal', weight=300, stretch='normal', size='scalable')) = 10.145
DEBUG:matplotlib.font_manager:findfont: score(FontEntry(fname='/usr/share/fonts/TTF/JetBrainsMonoNL-BoldItalic.ttf', name='JetBrains Mono NL', style='italic', variant='normal', weight=700, stretch='normal', size='scalable')) = 11.335
DEBUG:matplotlib.font_manager:findfont: score(FontEntry(fname='/usr/share/fonts/TTF/InconsolataNerdFont-Regular.ttf', name='Inconsolata Nerd Font', style='normal', variant='normal', weight=400, stretch='normal', size='scalable')) = 10.05
DEBUG:matplotlib.font_manager:findfont: score(FontEntry(fname='/usr/share/fonts/gsfonts/NimbusSansNarrow-BoldOblique.otf', name='Nimbus Sans Narrow', style='oblique', variant='normal', weight=700, stretch='condensed', size='scalable')) = 11.535
DEBUG:matplotlib.font_manager:findfont: score(FontEntry(fname='/usr/share/fonts/TTF/IosevkaTermNerdFont-ThinItalic.ttf', name='IosevkaTerm NF', style='italic', variant='normal', weight=100, stretch='normal', size='scalable')) = 11.335
DEBUG:matplotlib.font_manager:findfont: score(FontEntry(fname='/usr/share/fonts/OTF/SyrCOMBatnan.otf', name='Serto Batnan', style='normal', variant='normal', weight=400, stretch='normal', size='scalable')) = 10.05
DEBUG:matplotlib.font_manager:findfont: score(FontEntry(fname='/usr/share/fonts/TTF/IosevkaNerdFont-Thin.ttf', name='Iosevka NF', style='normal', variant='normal', weight=100, stretch='normal', size='scalable')) = 10.335
DEBUG:matplotlib.font_manager:findfont: score(FontEntry(fname='/usr/share/fonts/TTF/IosevkaNerdFontPropo-Oblique.ttf', name='Iosevka NFP', style='oblique', variant='normal', weight=400, stretch='normal', size='scalable')) = 11.05
DEBUG:matplotlib.font_manager:findfont: score(FontEntry(fname='/usr/share/fonts/ttf-maple/MapleMono-Italic.ttf', name='Maple Mono', style='italic', variant='normal', weight=400, stretch='normal', size='scalable')) = 11.05
DEBUG:matplotlib.font_manager:findfont: score(FontEntry(fname='/usr/share/fonts/TTF/JetBrainsMono-SemiBold.ttf', name='JetBrains Mono', style='normal', variant='normal', weight=600, stretch='normal', size='scalable')) = 10.24
DEBUG:matplotlib.font_manager:findfont: score(FontEntry(fname='/usr/share/fonts/TTF/JetBrainsMonoNerdFontPropo-SemiBoldItalic.ttf', name='JetBrainsMono NFP', style='italic', variant='normal', weight=600, stretch='normal', size='scalable')) = 11.24
DEBUG:matplotlib.font_manager:findfont: score(FontEntry(fname='/usr/share/fonts/TTF/JetBrainsMonoNerdFontMono-Italic.ttf', name='JetBrainsMono NFM', style='italic', variant='normal', weight=400, stretch='normal', size='scalable')) = 11.05
DEBUG:matplotlib.font_manager:findfont: score(FontEntry(fname='/usr/share/fonts/ttf-maple/MapleMono-NF-LightItalic.ttf', name='Maple Mono NF', style='italic', variant='normal', weight=300, stretch='normal', size='scalable')) = 11.145
DEBUG:matplotlib.font_manager:findfont: score(FontEntry(fname='/usr/share/fonts/TTF/IosevkaTermNerdFontPropo-Bold.ttf', name='IosevkaTerm NFP', style='normal', variant='normal', weight=700, stretch='normal', size='scalable')) = 10.335
DEBUG:matplotlib.font_manager:findfont: score(FontEntry(fname='/usr/share/fonts/TTF/IosevkaTermNerdFontMono-Regular.ttf', name='IosevkaTerm NFM', style='normal', variant='normal', weight=400, stretch='normal', size='scalable')) = 10.05
DEBUG:matplotlib.font_manager:findfont: score(FontEntry(fname='/usr/share/fonts/TTF/IosevkaTermNerdFont-BoldOblique.ttf', name='IosevkaTerm NF', style='oblique', variant='normal', weight=700, stretch='normal', size='scalable')) = 11.335
DEBUG:matplotlib.font_manager:findfont: score(FontEntry(fname='/usr/share/fonts/TTF/JetBrainsMonoNerdFontMono-SemiBold.ttf', name='JetBrainsMono NFM', style='normal', variant='normal', weight=600, stretch='normal', size='scalable')) = 10.24
DEBUG:matplotlib.font_manager:findfont: score(FontEntry(fname='/usr/share/fonts/TTF/IosevkaNerdFont-Medium.ttf', name='Iosevka NF', style='normal', variant='normal', weight=500, stretch='normal', size='scalable')) = 10.145
DEBUG:matplotlib.font_manager:findfont: score(FontEntry(fname='/usr/share/fonts/TTF/IosevkaTermNerdFontPropo-BoldOblique.ttf', name='IosevkaTerm NFP', style='oblique', variant='normal', weight=700, stretch='normal', size='scalable')) = 11.335
DEBUG:matplotlib.font_manager:findfont: score(FontEntry(fname='/usr/share/fonts/liberation/LiberationMono-BoldItalic.ttf', name='Liberation Mono', style='italic', variant='normal', weight=700, stretch='normal', size='scalable')) = 11.335
DEBUG:matplotlib.font_manager:findfont: score(FontEntry(fname='/usr/share/fonts/OTF/SyrCOMUrhoy.otf', name='Serto Urhoy', style='normal', variant='normal', weight=400, stretch='normal', size='scalable')) = 10.05
DEBUG:matplotlib.font_manager:findfont: score(FontEntry(fname='/usr/share/fonts/TTF/Unifont_CSUR.ttf', name='Unifont CSUR', style='normal', variant='normal', weight=500, stretch='normal', size='scalable')) = 10.145
DEBUG:matplotlib.font_manager:findfont: score(FontEntry(fname='/usr/share/fonts/TTF/JetBrainsMonoNerdFontPropo-ExtraLightItalic.ttf', name='JetBrainsMono NFP', style='italic', variant='normal', weight=200, stretch='normal', size='scalable')) = 11.24
DEBUG:matplotlib.font_manager:findfont: score(FontEntry(fname='/usr/share/fonts/TTF/JetBrainsMonoNerdFontPropo-MediumItalic.ttf', name='JetBrainsMono NFP', style='italic', variant='normal', weight=500, stretch='normal', size='scalable')) = 11.145
DEBUG:matplotlib.font_manager:findfont: score(FontEntry(fname='/usr/share/fonts/TTF/JetBrainsMonoNLNerdFontMono-Medium.ttf', name='JetBrainsMonoNL NFM', style='normal', variant='normal', weight=500, stretch='normal', size='scalable')) = 10.145
DEBUG:matplotlib.font_manager:findfont: score(FontEntry(fname='/usr/share/fonts/gsfonts/Z003-MediumItalic.otf', name='Z003', style='italic', variant='normal', weight=500, stretch='normal', size='scalable')) = 11.145
DEBUG:matplotlib.font_manager:findfont: score(FontEntry(fname='/usr/share/fonts/TTF/JetBrainsMonoNLNerdFontMono-Thin.ttf', name='JetBrainsMonoNL NFM', style='normal', variant='normal', weight=100, stretch='normal', size='scalable')) = 10.335
DEBUG:matplotlib.font_manager:findfont: score(FontEntry(fname='/usr/share/fonts/TTF/JetBrainsMonoNLNerdFont-ThinItalic.ttf', name='JetBrainsMonoNL NF', style='italic', variant='normal', weight=100, stretch='normal', size='scalable')) = 11.335
DEBUG:matplotlib.font_manager:findfont: score(FontEntry(fname='/usr/share/fonts/TTF/IosevkaTermNerdFontMono-HeavyItalic.ttf', name='IosevkaTerm NFM', style='italic', variant='normal', weight=900, stretch='normal', size='scalable')) = 11.525
DEBUG:matplotlib.font_manager:findfont: score(FontEntry(fname='/usr/share/fonts/TTF/JetBrainsMonoNLNerdFont-MediumItalic.ttf', name='JetBrainsMonoNL NF', style='italic', variant='normal', weight=500, stretch='normal', size='scalable')) = 11.145
DEBUG:matplotlib.font_manager:findfont: score(FontEntry(fname='/usr/share/fonts/OTF/SyrCOMEdessa.otf', name='Estrangelo Edessa', style='normal', variant='normal', weight=400, stretch='normal', size='scalable')) = 10.05
DEBUG:matplotlib.font_manager:findfont: score(FontEntry(fname='/usr/share/fonts/TTF/IosevkaNerdFontPropo-ExtraBoldItalic.ttf', name='Iosevka NFP', style='italic', variant='normal', weight=800, stretch='normal', size='scalable')) = 11.43
DEBUG:matplotlib.font_manager:findfont: score(FontEntry(fname='/usr/share/fonts/TTF/JetBrainsMono-MediumItalic.ttf', name='JetBrains Mono', style='italic', variant='normal', weight=500, stretch='normal', size='scalable')) = 11.145
DEBUG:matplotlib.font_manager:findfont: score(FontEntry(fname='/usr/share/fonts/TTF/IosevkaTermNerdFont-SemiBoldItalic.ttf', name='IosevkaTerm NF', style='italic', variant='normal', weight=600, stretch='normal', size='scalable')) = 11.24
DEBUG:matplotlib.font_manager:findfont: score(FontEntry(fname='/usr/share/fonts/TTF/JetBrainsMonoNerdFontMono-LightItalic.ttf', name='JetBrainsMono NFM', style='italic', variant='normal', weight=300, stretch='normal', size='scalable')) = 11.145
DEBUG:matplotlib.font_manager:findfont: score(FontEntry(fname='/usr/share/fonts/TTF/IosevkaTermNerdFont-Medium.ttf', name='IosevkaTerm NF', style='normal', variant='normal', weight=500, stretch='normal', size='scalable')) = 10.145
DEBUG:matplotlib.font_manager:findfont: score(FontEntry(fname='/usr/share/fonts/TTF/IosevkaNerdFontMono-ExtraLightOblique.ttf', name='Iosevka NFM', style='oblique', variant='normal', weight=200, stretch='normal', size='scalable')) = 11.24
DEBUG:matplotlib.font_manager:findfont: score(FontEntry(fname='/usr/share/fonts/TTF/IosevkaTermNerdFont-Italic.ttf', name='IosevkaTerm NF', style='italic', variant='normal', weight=400, stretch='normal', size='scalable')) = 11.05
DEBUG:matplotlib.font_manager:findfont: score(FontEntry(fname='/usr/share/fonts/TTF/IosevkaTermNerdFontMono-ExtraLightItalic.ttf', name='IosevkaTerm NFM', style='italic', variant='normal', weight=200, stretch='normal', size='scalable')) = 11.24
DEBUG:matplotlib.font_manager:findfont: score(FontEntry(fname='/usr/share/fonts/gsfonts/C059-BdIta.otf', name='C059', style='italic', variant='normal', weight=700, stretch='normal', size='scalable')) = 11.335
DEBUG:matplotlib.font_manager:findfont: score(FontEntry(fname='/usr/share/fonts/TTF/IosevkaNerdFontMono-ThinItalic.ttf', name='Iosevka NFM', style='italic', variant='normal', weight=100, stretch='normal', size='scalable')) = 11.335
DEBUG:matplotlib.font_manager:findfont: score(FontEntry(fname='/usr/share/fonts/TTF/JetBrainsMono-Bold.ttf', name='JetBrains Mono', style='normal', variant='normal', weight=700, stretch='normal', size='scalable')) = 10.335
DEBUG:matplotlib.font_manager:findfont: score(FontEntry(fname='/usr/share/fonts/OTF/SyrCOMAdiabene.otf', name='East Syriac Adiabene', style='normal', variant='normal', weight=400, stretch='normal', size='scalable')) = 10.05
DEBUG:matplotlib.font_manager:findfont: score(FontEntry(fname='/home/joseph/.fonts/MapleMono-SC-NF-Light.ttf', name='Maple Mono SC NF', style='normal', variant='normal', weight=300, stretch='normal', size='scalable')) = 10.145
DEBUG:matplotlib.font_manager:findfont: score(FontEntry(fname='/usr/share/fonts/TTF/IosevkaNerdFont-ThinOblique.ttf', name='Iosevka NF', style='oblique', variant='normal', weight=100, stretch='normal', size='scalable')) = 11.335
DEBUG:matplotlib.font_manager:findfont: score(FontEntry(fname='/usr/share/fonts/TTF/IosevkaNerdFontMono-HeavyOblique.ttf', name='Iosevka NFM', style='oblique', variant='normal', weight=900, stretch='normal', size='scalable')) = 11.525
DEBUG:matplotlib.font_manager:findfont: score(FontEntry(fname='/usr/share/fonts/TTF/IosevkaNerdFontPropo-Light.ttf', name='Iosevka NFP', style='normal', variant='normal', weight=300, stretch='normal', size='scalable')) = 10.145
DEBUG:matplotlib.font_manager:findfont: score(FontEntry(fname='/usr/share/fonts/TTF/JetBrainsMonoNLNerdFontPropo-SemiBoldItalic.ttf', name='JetBrainsMonoNL NFP', style='italic', variant='normal', weight=600, stretch='normal', size='scalable')) = 11.24
DEBUG:matplotlib.font_manager:findfont: score(FontEntry(fname='/usr/share/fonts/TTF/JetBrainsMonoNLNerdFontPropo-MediumItalic.ttf', name='JetBrainsMonoNL NFP', style='italic', variant='normal', weight=500, stretch='normal', size='scalable')) = 11.145
DEBUG:matplotlib.font_manager:findfont: score(FontEntry(fname='/usr/share/fonts/TTF/IosevkaNerdFontPropo-SemiBoldItalic.ttf', name='Iosevka NFP', style='italic', variant='normal', weight=600, stretch='normal', size='scalable')) = 11.24
DEBUG:matplotlib.font_manager:findfont: score(FontEntry(fname='/usr/share/fonts/Unifont/Unifont_Upper.ttf', name='Unifont Upper', style='normal', variant='normal', weight=500, stretch='normal', size='scalable')) = 10.145
DEBUG:matplotlib.font_manager:findfont: score(FontEntry(fname='/usr/share/fonts/TTF/JetBrainsMonoNerdFont-Light.ttf', name='JetBrainsMono NF', style='normal', variant='normal', weight=300, stretch='normal', size='scalable')) = 10.145
DEBUG:matplotlib.font_manager:findfont: score(FontEntry(fname='/usr/share/fonts/TTF/IosevkaTermNerdFontMono-Thin.ttf', name='IosevkaTerm NFM', style='normal', variant='normal', weight=100, stretch='normal', size='scalable')) = 10.335
DEBUG:matplotlib.font_manager:findfont: score(FontEntry(fname='/usr/share/fonts/gsfonts/NimbusSansNarrow-Regular.otf', name='Nimbus Sans Narrow', style='normal', variant='normal', weight=400, stretch='condensed', size='scalable')) = 10.25
DEBUG:matplotlib.font_manager:findfont: score(FontEntry(fname='/usr/share/fonts/gsfonts/URWGothic-BookOblique.otf', name='URW Gothic', style='oblique', variant='normal', weight=400, stretch='normal', size='scalable')) = 11.05
DEBUG:matplotlib.font_manager:findfont: score(FontEntry(fname='/usr/share/fonts/TTF/IosevkaTermNerdFontMono-ExtraBoldItalic.ttf', name='IosevkaTerm NFM', style='italic', variant='normal', weight=800, stretch='normal', size='scalable')) = 11.43
DEBUG:matplotlib.font_manager:findfont: score(FontEntry(fname='/usr/share/fonts/TTF/JetBrainsMonoNL-Bold.ttf', name='JetBrains Mono NL', style='normal', variant='normal', weight=700, stretch='normal', size='scalable')) = 10.335
DEBUG:matplotlib.font_manager:findfont: score(FontEntry(fname='/usr/share/fonts/TTF/IosevkaNerdFontPropo-HeavyItalic.ttf', name='Iosevka NFP', style='italic', variant='normal', weight=900, stretch='normal', size='scalable')) = 11.525
DEBUG:matplotlib.font_manager:findfont: score(FontEntry(fname='/usr/share/fonts/TTF/IosevkaTermNerdFontMono-MediumOblique.ttf', name='IosevkaTerm NFM', style='oblique', variant='normal', weight=500, stretch='normal', size='scalable')) = 11.145
DEBUG:matplotlib.font_manager:findfont: score(FontEntry(fname='/usr/share/fonts/TTF/IosevkaTermNerdFontPropo-Oblique.ttf', name='IosevkaTerm NFP', style='oblique', variant='normal', weight=400, stretch='normal', size='scalable')) = 11.05
DEBUG:matplotlib.font_manager:findfont: score(FontEntry(fname='/usr/share/fonts/adobe-source-code-pro/SourceCodePro-LightIt.otf', name='Source Code Pro', style='italic', variant='normal', weight=300, stretch='normal', size='scalable')) = 11.145
DEBUG:matplotlib.font_manager:findfont: score(FontEntry(fname='/usr/share/fonts/TTF/JetBrainsMono-ExtraBoldItalic.ttf', name='JetBrains Mono', style='italic', variant='normal', weight=800, stretch='normal', size='scalable')) = 11.43
DEBUG:matplotlib.font_manager:findfont: score(FontEntry(fname='/usr/share/fonts/TTF/IosevkaTermNerdFontPropo-ExtraBoldItalic.ttf', name='IosevkaTerm NFP', style='italic', variant='normal', weight=800, stretch='normal', size='scalable')) = 11.43
DEBUG:matplotlib.font_manager:findfont: score(FontEntry(fname='/usr/share/fonts/TTF/JetBrainsMonoNerdFontMono-ExtraBoldItalic.ttf', name='JetBrainsMono NFM', style='italic', variant='normal', weight=800, stretch='normal', size='scalable')) = 11.43
DEBUG:matplotlib.font_manager:findfont: score(FontEntry(fname='/usr/share/fonts/TTF/JetBrainsMonoNerdFontMono-SemiBoldItalic.ttf', name='JetBrainsMono NFM', style='italic', variant='normal', weight=600, stretch='normal', size='scalable')) = 11.24
DEBUG:matplotlib.font_manager:findfont: score(FontEntry(fname='/home/joseph/.fonts/GE_Inspira.ttf', name='GE Inspira', style='normal', variant='normal', weight=400, stretch='normal', size='scalable')) = 10.05
DEBUG:matplotlib.font_manager:findfont: score(FontEntry(fname='/usr/share/fonts/gnu-free/FreeSerifBoldItalic.otf', name='FreeSerif', style='italic', variant='normal', weight=700, stretch='normal', size='scalable')) = 11.335
DEBUG:matplotlib.font_manager:findfont: score(FontEntry(fname='/usr/share/fonts/TTF/IosevkaTermNerdFontMono-HeavyOblique.ttf', name='IosevkaTerm NFM', style='oblique', variant='normal', weight=900, stretch='normal', size='scalable')) = 11.525
DEBUG:matplotlib.font_manager:findfont: score(FontEntry(fname='/home/joseph/.fonts/MapleMono-NF-Bold.ttf', name='Maple Mono NF', style='normal', variant='normal', weight=700, stretch='normal', size='scalable')) = 10.335
DEBUG:matplotlib.font_manager:findfont: score(FontEntry(fname='/usr/share/fonts/TTF/IosevkaNerdFontMono-LightItalic.ttf', name='Iosevka NFM', style='italic', variant='normal', weight=300, stretch='normal', size='scalable')) = 11.145
DEBUG:matplotlib.font_manager:findfont: score(FontEntry(fname='/usr/share/fonts/gnu-free/FreeSerifBold.otf', name='FreeSerif', style='normal', variant='normal', weight=700, stretch='normal', size='scalable')) = 10.335
DEBUG:matplotlib.font_manager:findfont: score(FontEntry(fname='/usr/share/fonts/OTF/SyrCOMJerusalemOutline.otf', name='Serto Jerusalem Outline', style='normal', variant='normal', weight=400, stretch='normal', size='scalable')) = 10.05
DEBUG:matplotlib.font_manager:findfont: score(FontEntry(fname='/usr/share/fonts/TTF/IosevkaNerdFont-Regular.ttf', name='Iosevka NF', style='normal', variant='normal', weight=400, stretch='normal', size='scalable')) = 10.05
DEBUG:matplotlib.font_manager:findfont: score(FontEntry(fname='/usr/share/fonts/liberation/LiberationSerif-BoldItalic.ttf', name='Liberation Serif', style='italic', variant='normal', weight=700, stretch='normal', size='scalable')) = 11.335
DEBUG:matplotlib.font_manager:findfont: score(FontEntry(fname='/usr/share/fonts/TTF/IosevkaTermNerdFontMono-SemiBoldOblique.ttf', name='IosevkaTerm NFM', style='oblique', variant='normal', weight=600, stretch='normal', size='scalable')) = 11.24
DEBUG:matplotlib.font_manager:findfont: score(FontEntry(fname='/usr/share/fonts/OTF/SyrCOMQenNeshrin.otf', name='Estrangelo Quenneshrin', style='normal', variant='normal', weight=400, stretch='normal', size='scalable')) = 10.05
DEBUG:matplotlib.font_manager:findfont: score(FontEntry(fname='/usr/share/fonts/TTF/IosevkaTermNerdFont-Oblique.ttf', name='IosevkaTerm NF', style='oblique', variant='normal', weight=400, stretch='normal', size='scalable')) = 11.05
DEBUG:matplotlib.font_manager:findfont: score(FontEntry(fname='/usr/share/fonts/TTF/IosevkaTermNerdFontPropo-ExtraBoldOblique.ttf', name='IosevkaTerm NFP', style='oblique', variant='normal', weight=800, stretch='normal', size='scalable')) = 11.43
DEBUG:matplotlib.font_manager:findfont: score(FontEntry(fname='/usr/share/fonts/TTF/JetBrainsMono-SemiBoldItalic.ttf', name='JetBrains Mono', style='italic', variant='normal', weight=600, stretch='normal', size='scalable')) = 11.24
DEBUG:matplotlib.font_manager:findfont: score(FontEntry(fname='/usr/share/fonts/TTF/JetBrainsMonoNLNerdFontPropo-Light.ttf', name='JetBrainsMonoNL NFP', style='normal', variant='normal', weight=300, stretch='normal', size='scalable')) = 10.145
DEBUG:matplotlib.font_manager:findfont: score(FontEntry(fname='/usr/share/fonts/gnu-free/FreeMono.otf', name='FreeMono', style='normal', variant='normal', weight=400, stretch='normal', size='scalable')) = 10.05
DEBUG:matplotlib.font_manager:findfont: score(FontEntry(fname='/usr/share/fonts/gsfonts/StandardSymbolsPS.otf', name='Standard Symbols PS', style='normal', variant='normal', weight=400, stretch='normal', size='scalable')) = 10.05
DEBUG:matplotlib.font_manager:findfont: score(FontEntry(fname='/usr/share/fonts/TTF/JetBrainsMonoNerdFontPropo-Light.ttf', name='JetBrainsMono NFP', style='normal', variant='normal', weight=300, stretch='normal', size='scalable')) = 10.145
DEBUG:matplotlib.font_manager:findfont: score(FontEntry(fname='/usr/share/fonts/OTF/SyrCOMJerusalem.otf', name='Serto Jerusalem', style='normal', variant='normal', weight=400, stretch='normal', size='scalable')) = 10.05
DEBUG:matplotlib.font_manager:findfont: score(FontEntry(fname='/usr/share/fonts/TTF/JetBrainsMonoNLNerdFontMono-ExtraLightItalic.ttf', name='JetBrainsMonoNL NFM', style='italic', variant='normal', weight=200, stretch='normal', size='scalable')) = 11.24
DEBUG:matplotlib.font_manager:findfont: score(FontEntry(fname='/usr/share/fonts/TTF/IosevkaTermNerdFont-Bold.ttf', name='IosevkaTerm NF', style='normal', variant='normal', weight=700, stretch='normal', size='scalable')) = 10.335
DEBUG:matplotlib.font_manager:findfont: score(FontEntry(fname='/usr/share/fonts/TTF/JetBrainsMonoNerdFont-ThinItalic.ttf', name='JetBrainsMono NF', style='italic', variant='normal', weight=100, stretch='normal', size='scalable')) = 11.335
DEBUG:matplotlib.font_manager:findfont: score(FontEntry(fname='/usr/share/fonts/TTF/JetBrainsMonoNLNerdFontPropo-BoldItalic.ttf', name='JetBrainsMonoNL NFP', style='italic', variant='normal', weight=700, stretch='normal', size='scalable')) = 11.335
DEBUG:matplotlib.font_manager:findfont: score(FontEntry(fname='/usr/share/fonts/adobe-source-code-pro/SourceCodePro-Black.otf', name='Source Code Pro', style='normal', variant='normal', weight=900, stretch='normal', size='scalable')) = 10.525
DEBUG:matplotlib.font_manager:findfont: score(FontEntry(fname='/usr/share/fonts/ttf-maple/MapleMono-NF-Italic.ttf', name='Maple Mono NF', style='italic', variant='normal', weight=400, stretch='normal', size='scalable')) = 11.05
DEBUG:matplotlib.font_manager:findfont: score(FontEntry(fname='/home/joseph/.fonts/MapleMono-Bold.ttf', name='Maple Mono', style='normal', variant='normal', weight=700, stretch='normal', size='scalable')) = 10.335
DEBUG:matplotlib.font_manager:findfont: score(FontEntry(fname='/usr/share/fonts/TTF/JetBrainsMonoNerdFontPropo-Italic.ttf', name='JetBrainsMono NFP', style='italic', variant='normal', weight=400, stretch='normal', size='scalable')) = 11.05
DEBUG:matplotlib.font_manager:findfont: score(FontEntry(fname='/usr/share/fonts/TTF/IosevkaNerdFont-Heavy.ttf', name='Iosevka NF', style='normal', variant='normal', weight=900, stretch='normal', size='scalable')) = 10.525
DEBUG:matplotlib.font_manager:findfont: score(FontEntry(fname='/usr/share/fonts/adobe-source-code-pro/SourceCodePro-It.otf', name='Source Code Pro', style='italic', variant='normal', weight=400, stretch='normal', size='scalable')) = 11.05
DEBUG:matplotlib.font_manager:findfont: score(FontEntry(fname='/usr/share/fonts/liberation/LiberationSerif-Italic.ttf', name='Liberation Serif', style='italic', variant='normal', weight=400, stretch='normal', size='scalable')) = 11.05
DEBUG:matplotlib.font_manager:findfont: score(FontEntry(fname='/usr/share/fonts/TTF/IosevkaNerdFont-ExtraBold.ttf', name='Iosevka NF', style='normal', variant='normal', weight=800, stretch='normal', size='scalable')) = 10.43
DEBUG:matplotlib.font_manager:findfont: score(FontEntry(fname='/home/joseph/.fonts/MapleMono-NF-Italic.ttf', name='Maple Mono NF', style='italic', variant='normal', weight=400, stretch='normal', size='scalable')) = 11.05
DEBUG:matplotlib.font_manager:findfont: score(FontEntry(fname='/usr/share/fonts/adobe-source-code-pro/SourceCodePro-Medium.otf', name='Source Code Pro', style='normal', variant='normal', weight=500, stretch='normal', size='scalable')) = 10.145
DEBUG:matplotlib.font_manager:findfont: score(FontEntry(fname='/usr/share/fonts/TTF/JetBrainsMonoNerdFontMono-Light.ttf', name='JetBrainsMono NFM', style='normal', variant='normal', weight=300, stretch='normal', size='scalable')) = 10.145
DEBUG:matplotlib.font_manager:findfont: score(FontEntry(fname='/usr/share/fonts/TTF/IosevkaTermNerdFont-ExtraBoldItalic.ttf', name='IosevkaTerm NF', style='italic', variant='normal', weight=800, stretch='normal', size='scalable')) = 11.43
DEBUG:matplotlib.font_manager:findfont: score(FontEntry(fname='/usr/share/fonts/TTF/IosevkaNerdFont-Oblique.ttf', name='Iosevka NF', style='oblique', variant='normal', weight=400, stretch='normal', size='scalable')) = 11.05
DEBUG:matplotlib.font_manager:findfont: score(FontEntry(fname='/usr/share/fonts/TTF/IosevkaTermNerdFontPropo-Italic.ttf', name='IosevkaTerm NFP', style='italic', variant='normal', weight=400, stretch='normal', size='scalable')) = 11.05
DEBUG:matplotlib.font_manager:findfont: score(FontEntry(fname='/usr/share/fonts/OTF/SyrCOMAntioch.otf', name='Estrangelo Antioch', style='normal', variant='normal', weight=400, stretch='normal', size='scalable')) = 10.05
DEBUG:matplotlib.font_manager:findfont: score(FontEntry(fname='/usr/share/fonts/TTF/IosevkaNerdFontMono-Heavy.ttf', name='Iosevka NFM', style='normal', variant='normal', weight=900, stretch='normal', size='scalable')) = 10.525
DEBUG:matplotlib.font_manager:findfont: score(FontEntry(fname='/usr/share/fonts/TTF/JetBrainsMonoNerdFont-BoldItalic.ttf', name='JetBrainsMono NF', style='italic', variant='normal', weight=700, stretch='normal', size='scalable')) = 11.335
DEBUG:matplotlib.font_manager:findfont: score(FontEntry(fname='/usr/share/fonts/TTF/IosevkaNerdFont-HeavyOblique.ttf', name='Iosevka NF', style='oblique', variant='normal', weight=900, stretch='normal', size='scalable')) = 11.525
DEBUG:matplotlib.font_manager:findfont: score(FontEntry(fname='/usr/share/fonts/TTF/IosevkaTermNerdFontMono-Light.ttf', name='IosevkaTerm NFM', style='normal', variant='normal', weight=300, stretch='normal', size='scalable')) = 10.145
DEBUG:matplotlib.font_manager:findfont: score(FontEntry(fname='/usr/share/fonts/liberation/LiberationSans-Regular.ttf', name='Liberation Sans', style='normal', variant='normal', weight=400, stretch='normal', size='scalable')) = 10.05
DEBUG:matplotlib.font_manager:findfont: score(FontEntry(fname='/usr/share/fonts/Unifont/Unifont.ttf', name='Unifont', style='normal', variant='normal', weight=500, stretch='normal', size='scalable')) = 10.145
DEBUG:matplotlib.font_manager:findfont: score(FontEntry(fname='/usr/share/fonts/TTF/IosevkaNerdFont-BoldOblique.ttf', name='Iosevka NF', style='oblique', variant='normal', weight=700, stretch='normal', size='scalable')) = 11.335
DEBUG:matplotlib.font_manager:findfont: score(FontEntry(fname='/usr/share/fonts/TTF/JetBrainsMonoNerdFont-SemiBoldItalic.ttf', name='JetBrainsMono NF', style='italic', variant='normal', weight=600, stretch='normal', size='scalable')) = 11.24
DEBUG:matplotlib.font_manager:findfont: score(FontEntry(fname='/usr/share/fonts/TTF/JetBrainsMonoNL-Italic.ttf', name='JetBrains Mono NL', style='italic', variant='normal', weight=400, stretch='normal', size='scalable')) = 11.05
DEBUG:matplotlib.font_manager:findfont: score(FontEntry(fname='/usr/share/fonts/TTF/IosevkaNerdFontMono-SemiBoldOblique.ttf', name='Iosevka NFM', style='oblique', variant='normal', weight=600, stretch='normal', size='scalable')) = 11.24
DEBUG:matplotlib.font_manager:findfont: score(FontEntry(fname='/home/joseph/.fonts/MapleMono-NF-LightItalic.ttf', name='Maple Mono NF', style='italic', variant='normal', weight=300, stretch='normal', size='scalable')) = 11.145
DEBUG:matplotlib.font_manager:findfont: score(FontEntry(fname='/usr/share/fonts/gsfonts/P052-Bold.otf', name='P052', style='normal', variant='normal', weight=700, stretch='normal', size='scalable')) = 10.335
DEBUG:matplotlib.font_manager:findfont: score(FontEntry(fname='/usr/share/fonts/TTF/JetBrainsMonoNL-ExtraBold.ttf', name='JetBrains Mono NL', style='normal', variant='normal', weight=800, stretch='normal', size='scalable')) = 10.43
DEBUG:matplotlib.font_manager:findfont: score(FontEntry(fname='/usr/share/fonts/TTF/IosevkaNerdFontPropo-LightOblique.ttf', name='Iosevka NFP', style='oblique', variant='normal', weight=300, stretch='normal', size='scalable')) = 11.145
DEBUG:matplotlib.font_manager:findfont: score(FontEntry(fname='/usr/share/fonts/TTF/IosevkaNerdFont-ExtraLight.ttf', name='Iosevka NF', style='normal', variant='normal', weight=200, stretch='normal', size='scalable')) = 10.24
DEBUG:matplotlib.font_manager:findfont: score(FontEntry(fname='/usr/share/fonts/TTF/IosevkaTermNerdFont-Light.ttf', name='IosevkaTerm NF', style='normal', variant='normal', weight=300, stretch='normal', size='scalable')) = 10.145
DEBUG:matplotlib.font_manager:findfont: score(FontEntry(fname='/usr/share/fonts/TTF/IosevkaNerdFont-ThinItalic.ttf', name='Iosevka NF', style='italic', variant='normal', weight=100, stretch='normal', size='scalable')) = 11.335
DEBUG:matplotlib.font_manager:findfont: score(FontEntry(fname='/usr/share/fonts/TTF/JetBrainsMonoNLNerdFontPropo-ExtraLightItalic.ttf', name='JetBrainsMonoNL NFP', style='italic', variant='normal', weight=200, stretch='normal', size='scalable')) = 11.24
DEBUG:matplotlib.font_manager:findfont: score(FontEntry(fname='/usr/share/fonts/OTF/SyrCOMMardin.otf', name='Serto Mardin', style='normal', variant='normal', weight=400, stretch='normal', size='scalable')) = 10.05
DEBUG:matplotlib.font_manager:findfont: score(FontEntry(fname='/usr/share/fonts/TTF/Roboto-Italic.ttf', name='Roboto', style='italic', variant='normal', weight=400, stretch='normal', size='scalable')) = 11.05
DEBUG:matplotlib.font_manager:findfont: score(FontEntry(fname='/home/joseph/.fonts/MapleMono-SC-NF-Bold.ttf', name='Maple Mono SC NF', style='normal', variant='normal', weight=700, stretch='normal', size='scalable')) = 10.335
DEBUG:matplotlib.font_manager:findfont: score(FontEntry(fname='/usr/share/fonts/TTF/IosevkaNerdFontPropo-SemiBoldOblique.ttf', name='Iosevka NFP', style='oblique', variant='normal', weight=600, stretch='normal', size='scalable')) = 11.24
DEBUG:matplotlib.font_manager:findfont: score(FontEntry(fname='/usr/share/fonts/TTF/IosevkaTermNerdFontPropo-LightOblique.ttf', name='IosevkaTerm NFP', style='oblique', variant='normal', weight=300, stretch='normal', size='scalable')) = 11.145
DEBUG:matplotlib.font_manager:findfont: score(FontEntry(fname='/usr/share/fonts/TTF/JetBrainsMonoNerdFontMono-BoldItalic.ttf', name='JetBrainsMono NFM', style='italic', variant='normal', weight=700, stretch='normal', size='scalable')) = 11.335
DEBUG:matplotlib.font_manager:findfont: score(FontEntry(fname='/usr/share/fonts/TTF/IosevkaTermNerdFontMono-Oblique.ttf', name='IosevkaTerm NFM', style='oblique', variant='normal', weight=400, stretch='normal', size='scalable')) = 11.05
DEBUG:matplotlib.font_manager:findfont: score(FontEntry(fname='/usr/share/fonts/gsfonts/URWGothic-DemiOblique.otf', name='URW Gothic', style='oblique', variant='normal', weight=600, stretch='normal', size='scalable')) = 11.24
DEBUG:matplotlib.font_manager:findfont: score(FontEntry(fname='/usr/share/fonts/ttf-maple/MapleMono-Light.ttf', name='Maple Mono', style='normal', variant='normal', weight=300, stretch='normal', size='scalable')) = 10.145
DEBUG:matplotlib.font_manager:findfont: score(FontEntry(fname='/usr/share/fonts/TTF/IosevkaTermNerdFontPropo-ExtraLight.ttf', name='IosevkaTerm NFP', style='normal', variant='normal', weight=200, stretch='normal', size='scalable')) = 10.24
DEBUG:matplotlib.font_manager:findfont: score(FontEntry(fname='/usr/share/fonts/TTF/RobotoCondensed-Bold.ttf', name='Roboto Condensed', style='normal', variant='normal', weight=700, stretch='condensed', size='scalable')) = 10.535
DEBUG:matplotlib.font_manager:findfont: score(FontEntry(fname='/usr/share/fonts/TTF/JetBrainsMono-ExtraLightItalic.ttf', name='JetBrains Mono', style='italic', variant='normal', weight=200, stretch='normal', size='scalable')) = 11.24
DEBUG:matplotlib.font_manager:findfont: score(FontEntry(fname='/usr/share/fonts/TTF/IosevkaTermNerdFontPropo-ExtraBold.ttf', name='IosevkaTerm NFP', style='normal', variant='normal', weight=800, stretch='normal', size='scalable')) = 10.43
DEBUG:matplotlib.font_manager:findfont: score(FontEntry(fname='/usr/share/fonts/TTF/IosevkaTermNerdFontPropo-Thin.ttf', name='IosevkaTerm NFP', style='normal', variant='normal', weight=100, stretch='normal', size='scalable')) = 10.335
DEBUG:matplotlib.font_manager:findfont: score(FontEntry(fname='/usr/share/fonts/TTF/IosevkaNerdFontPropo-MediumOblique.ttf', name='Iosevka NFP', style='oblique', variant='normal', weight=500, stretch='normal', size='scalable')) = 11.145
DEBUG:matplotlib.font_manager:findfont: score(FontEntry(fname='/usr/share/fonts/TTF/JetBrainsMono-ExtraBold.ttf', name='JetBrains Mono', style='normal', variant='normal', weight=800, stretch='normal', size='scalable')) = 10.43
DEBUG:matplotlib.font_manager:findfont: score(FontEntry(fname='/usr/share/fonts/OTF/GohaTibebZemen.otf', name='Goha-Tibeb Zemen', style='normal', variant='normal', weight=500, stretch='normal', size='scalable')) = 10.145
DEBUG:matplotlib.font_manager:findfont: score(FontEntry(fname='/usr/share/fonts/TTF/JetBrainsMonoNLNerdFont-Thin.ttf', name='JetBrainsMonoNL NF', style='normal', variant='normal', weight=100, stretch='normal', size='scalable')) = 10.335
DEBUG:matplotlib.font_manager:findfont: score(FontEntry(fname='/usr/share/fonts/gsfonts/NimbusRoman-Bold.otf', name='Nimbus Roman', style='normal', variant='normal', weight=700, stretch='normal', size='scalable')) = 10.335
DEBUG:matplotlib.font_manager:findfont: score(FontEntry(fname='/usr/share/fonts/TTF/IosevkaTermNerdFont-LightOblique.ttf', name='IosevkaTerm NF', style='oblique', variant='normal', weight=300, stretch='normal', size='scalable')) = 11.145
DEBUG:matplotlib.font_manager:findfont: score(FontEntry(fname='/usr/share/fonts/TTF/IosevkaTermNerdFontMono-BoldItalic.ttf', name='IosevkaTerm NFM', style='italic', variant='normal', weight=700, stretch='normal', size='scalable')) = 11.335
DEBUG:matplotlib.font_manager:findfont: score(FontEntry(fname='/usr/share/fonts/TTF/IosevkaTermNerdFontPropo-ExtraLightOblique.ttf', name='IosevkaTerm NFP', style='oblique', variant='normal', weight=200, stretch='normal', size='scalable')) = 11.24
DEBUG:matplotlib.font_manager:findfont: score(FontEntry(fname='/usr/share/fonts/TTF/JetBrainsMonoNLNerdFont-ExtraBoldItalic.ttf', name='JetBrainsMonoNL NF', style='italic', variant='normal', weight=800, stretch='normal', size='scalable')) = 11.43
DEBUG:matplotlib.font_manager:findfont: score(FontEntry(fname='/usr/share/fonts/TTF/IosevkaTermNerdFontMono-ExtraBoldOblique.ttf', name='IosevkaTerm NFM', style='oblique', variant='normal', weight=800, stretch='normal', size='scalable')) = 11.43
DEBUG:matplotlib.font_manager:findfont: score(FontEntry(fname='/usr/share/fonts/TTF/IosevkaTermNerdFontMono-BoldOblique.ttf', name='IosevkaTerm NFM', style='oblique', variant='normal', weight=700, stretch='normal', size='scalable')) = 11.335
DEBUG:matplotlib.font_manager:findfont: score(FontEntry(fname='/usr/share/fonts/TTF/IosevkaTermNerdFontPropo-ThinOblique.ttf', name='IosevkaTerm NFP', style='oblique', variant='normal', weight=100, stretch='normal', size='scalable')) = 11.335
DEBUG:matplotlib.font_manager:findfont: score(FontEntry(fname='/usr/share/fonts/gsfonts/NimbusSansNarrow-Oblique.otf', name='Nimbus Sans Narrow', style='oblique', variant='normal', weight=400, stretch='condensed', size='scalable')) = 11.25
DEBUG:matplotlib.font_manager:findfont: score(FontEntry(fname='/usr/share/fonts/TTF/JetBrainsMonoNerdFontMono-Medium.ttf', name='JetBrainsMono NFM', style='normal', variant='normal', weight=500, stretch='normal', size='scalable')) = 10.145
DEBUG:matplotlib.font_manager:findfont: score(FontEntry(fname='/usr/share/fonts/TTF/JetBrainsMonoNLNerdFontPropo-ExtraLight.ttf', name='JetBrainsMonoNL NFP', style='normal', variant='normal', weight=200, stretch='normal', size='scalable')) = 10.24
DEBUG:matplotlib.font_manager:findfont: score(FontEntry(fname='/usr/share/fonts/OTF/SyrCOMTalada.otf', name='Estrangelo Talada', style='normal', variant='normal', weight=400, stretch='normal', size='scalable')) = 10.05
DEBUG:matplotlib.font_manager:findfont: score(FontEntry(fname='/usr/share/fonts/TTF/IosevkaNerdFontMono-Medium.ttf', name='Iosevka NFM', style='normal', variant='normal', weight=500, stretch='normal', size='scalable')) = 10.145
DEBUG:matplotlib.font_manager:findfont: score(FontEntry(fname='/usr/share/fonts/gsfonts/URWBookman-DemiItalic.otf', name='URW Bookman', style='italic', variant='normal', weight=600, stretch='normal', size='scalable')) = 11.24
DEBUG:matplotlib.font_manager:findfont: score(FontEntry(fname='/usr/share/fonts/TTF/SymbolsNerdFontMono-Regular.ttf', name='Symbols Nerd Font Mono', style='normal', variant='normal', weight=400, stretch='normal', size='scalable')) = 10.05
DEBUG:matplotlib.font_manager:findfont: score(FontEntry(fname='/usr/share/fonts/TTF/IosevkaNerdFont-Light.ttf', name='Iosevka NF', style='normal', variant='normal', weight=300, stretch='normal', size='scalable')) = 10.145
DEBUG:matplotlib.font_manager:findfont: score(FontEntry(fname='/usr/share/fonts/TTF/JetBrainsMonoNLNerdFontMono-Light.ttf', name='JetBrainsMonoNL NFM', style='normal', variant='normal', weight=300, stretch='normal', size='scalable')) = 10.145
DEBUG:matplotlib.font_manager:findfont: score(FontEntry(fname='/usr/share/fonts/gsfonts/P052-Italic.otf', name='P052', style='italic', variant='normal', weight=400, stretch='normal', size='scalable')) = 11.05
DEBUG:matplotlib.font_manager:findfont: score(FontEntry(fname='/usr/share/fonts/ttf-maple/MapleMono-NF-Light.ttf', name='Maple Mono NF', style='normal', variant='normal', weight=300, stretch='normal', size='scalable')) = 10.145
DEBUG:matplotlib.font_manager:findfont: score(FontEntry(fname='/usr/share/fonts/TTF/RobotoCondensed-Regular.ttf', name='Roboto Condensed', style='normal', variant='normal', weight=400, stretch='condensed', size='scalable')) = 10.25
DEBUG:matplotlib.font_manager:findfont: score(FontEntry(fname='/usr/share/fonts/TTF/JetBrainsMonoNL-ExtraLightItalic.ttf', name='JetBrains Mono NL', style='italic', variant='normal', weight=200, stretch='normal', size='scalable')) = 11.24
DEBUG:matplotlib.font_manager:findfont: score(FontEntry(fname='/usr/share/fonts/liberation/LiberationSans-BoldItalic.ttf', name='Liberation Sans', style='italic', variant='normal', weight=700, stretch='normal', size='scalable')) = 11.335
DEBUG:matplotlib.font_manager:findfont: score(FontEntry(fname='/usr/share/fonts/TTF/IosevkaTermNerdFontMono-Italic.ttf', name='IosevkaTerm NFM', style='italic', variant='normal', weight=400, stretch='normal', size='scalable')) = 11.05
DEBUG:matplotlib.font_manager:findfont: score(FontEntry(fname='/home/joseph/.fonts/MapleMono-NF-BoldItalic.ttf', name='Maple Mono NF', style='italic', variant='normal', weight=700, stretch='normal', size='scalable')) = 11.335
DEBUG:matplotlib.font_manager:findfont: score(FontEntry(fname='/usr/share/fonts/OTF/SyrCOMMidyat.otf', name='Estrangelo Midyat', style='normal', variant='normal', weight=400, stretch='normal', size='scalable')) = 10.05
DEBUG:matplotlib.font_manager:findfont: score(FontEntry(fname='/usr/share/fonts/TTF/IosevkaTermNerdFont-HeavyOblique.ttf', name='IosevkaTerm NF', style='oblique', variant='normal', weight=900, stretch='normal', size='scalable')) = 11.525
DEBUG:matplotlib.font_manager:findfont: score(FontEntry(fname='/usr/share/fonts/TTF/IosevkaNerdFontPropo-SemiBold.ttf', name='Iosevka NFP', style='normal', variant='normal', weight=600, stretch='normal', size='scalable')) = 10.24
DEBUG:matplotlib.font_manager:findfont: score(FontEntry(fname='/usr/share/fonts/TTF/IosevkaTermNerdFont-Thin.ttf', name='IosevkaTerm NF', style='normal', variant='normal', weight=100, stretch='normal', size='scalable')) = 10.335
DEBUG:matplotlib.font_manager:findfont: score(FontEntry(fname='/usr/share/fonts/TTF/JetBrainsMonoNerdFont-ExtraLight.ttf', name='JetBrainsMono NF', style='normal', variant='normal', weight=200, stretch='normal', size='scalable')) = 10.24
DEBUG:matplotlib.font_manager:findfont: score(FontEntry(fname='/usr/share/fonts/TTF/InconsolataNerdFontPropo-Regular.ttf', name='Inconsolata Nerd Font Propo', style='normal', variant='normal', weight=400, stretch='normal', size='scalable')) = 10.05
DEBUG:matplotlib.font_manager:findfont: score(FontEntry(fname='/usr/share/fonts/OTF/SyrCOMJerusalemBold.otf', name='Serto Jerusalem', style='normal', variant='normal', weight=700, stretch='normal', size='scalable')) = 10.335
DEBUG:matplotlib.font_manager:findfont: score(FontEntry(fname='/usr/share/fonts/TTF/Roboto-MediumItalic.ttf', name='Roboto', style='italic', variant='normal', weight=500, stretch='normal', size='scalable')) = 11.145
DEBUG:matplotlib.font_manager:findfont: score(FontEntry(fname='/usr/share/fonts/TTF/JetBrainsMonoNLNerdFontMono-SemiBoldItalic.ttf', name='JetBrainsMonoNL NFM', style='italic', variant='normal', weight=600, stretch='normal', size='scalable')) = 11.24
DEBUG:matplotlib.font_manager:findfont: score(FontEntry(fname='/usr/share/fonts/TTF/IosevkaTermNerdFontMono-ExtraBold.ttf', name='IosevkaTerm NFM', style='normal', variant='normal', weight=800, stretch='normal', size='scalable')) = 10.43
DEBUG:matplotlib.font_manager:findfont: score(FontEntry(fname='/usr/share/fonts/TTF/JetBrainsMonoNLNerdFontMono-ExtraBold.ttf', name='JetBrainsMonoNL NFM', style='normal', variant='normal', weight=800, stretch='normal', size='scalable')) = 10.43
DEBUG:matplotlib.font_manager:findfont: score(FontEntry(fname='/usr/share/fonts/TTF/JetBrainsMonoNL-Medium.ttf', name='JetBrains Mono NL', style='normal', variant='normal', weight=500, stretch='normal', size='scalable')) = 10.145
DEBUG:matplotlib.font_manager:findfont: score(FontEntry(fname='/usr/share/fonts/adobe-source-code-pro/SourceCodePro-ExtraLightIt.otf', name='Source Code Pro', style='italic', variant='normal', weight=200, stretch='normal', size='scalable')) = 11.24
DEBUG:matplotlib.font_manager:findfont: score(FontEntry(fname='/usr/share/fonts/TTF/JetBrainsMonoNerdFontPropo-SemiBold.ttf', name='JetBrainsMono NFP', style='normal', variant='normal', weight=600, stretch='normal', size='scalable')) = 10.24
DEBUG:matplotlib.font_manager:findfont: score(FontEntry(fname='/usr/share/fonts/gsfonts/NimbusMonoPS-Italic.otf', name='Nimbus Mono PS', style='italic', variant='normal', weight=400, stretch='normal', size='scalable')) = 11.05
DEBUG:matplotlib.font_manager:findfont: score(FontEntry(fname='/usr/share/fonts/TTF/IosevkaNerdFont-MediumOblique.ttf', name='Iosevka NF', style='oblique', variant='normal', weight=500, stretch='normal', size='scalable')) = 11.145
DEBUG:matplotlib.font_manager:findfont: score(FontEntry(fname='/usr/share/fonts/TTF/IosevkaTermNerdFontPropo-SemiBold.ttf', name='IosevkaTerm NFP', style='normal', variant='normal', weight=600, stretch='normal', size='scalable')) = 10.24
DEBUG:matplotlib.font_manager:findfont: score(FontEntry(fname='/usr/share/fonts/TTF/IosevkaTermNerdFont-ExtraLight.ttf', name='IosevkaTerm NF', style='normal', variant='normal', weight=200, stretch='normal', size='scalable')) = 10.24
DEBUG:matplotlib.font_manager:findfont: score(FontEntry(fname='/usr/share/fonts/TTF/JetBrainsMonoNerdFontPropo-Regular.ttf', name='JetBrainsMono NFP', style='normal', variant='normal', weight=400, stretch='normal', size='scalable')) = 10.05
DEBUG:matplotlib.font_manager:findfont: score(FontEntry(fname='/usr/share/fonts/TTF/JetBrainsMonoNLNerdFont-Italic.ttf', name='JetBrainsMonoNL NF', style='italic', variant='normal', weight=400, stretch='normal', size='scalable')) = 11.05
DEBUG:matplotlib.font_manager:findfont: score(FontEntry(fname='/usr/share/fonts/gsfonts/URWGothic-Book.otf', name='URW Gothic', style='normal', variant='normal', weight=400, stretch='normal', size='scalable')) = 10.05
DEBUG:matplotlib.font_manager:findfont: score(FontEntry(fname='/usr/share/fonts/TTF/IosevkaTermNerdFont-HeavyItalic.ttf', name='IosevkaTerm NF', style='italic', variant='normal', weight=900, stretch='normal', size='scalable')) = 11.525
DEBUG:matplotlib.font_manager:findfont: score(FontEntry(fname='/usr/share/fonts/TTF/IosevkaTermNerdFont-ExtraLightOblique.ttf', name='IosevkaTerm NF', style='oblique', variant='normal', weight=200, stretch='normal', size='scalable')) = 11.24
DEBUG:matplotlib.font_manager:findfont: score(FontEntry(fname='/usr/share/fonts/TTF/JetBrainsMonoNLNerdFontPropo-ExtraBoldItalic.ttf', name='JetBrainsMonoNL NFP', style='italic', variant='normal', weight=800, stretch='normal', size='scalable')) = 11.43
DEBUG:matplotlib.font_manager:findfont: score(FontEntry(fname='/usr/share/fonts/TTF/JetBrainsMonoNL-MediumItalic.ttf', name='JetBrains Mono NL', style='italic', variant='normal', weight=500, stretch='normal', size='scalable')) = 11.145
DEBUG:matplotlib.font_manager:findfont: score(FontEntry(fname='/usr/share/fonts/TTF/JetBrainsMono-Light.ttf', name='JetBrains Mono', style='normal', variant='normal', weight=300, stretch='normal', size='scalable')) = 10.145
DEBUG:matplotlib.font_manager:findfont: score(FontEntry(fname='/usr/share/fonts/OTF/SyrCOMTurAbdin.otf', name='Estrangelo TurAbdin', style='normal', variant='normal', weight=400, stretch='normal', size='scalable')) = 10.05
DEBUG:matplotlib.font_manager:findfont: score(FontEntry(fname='/usr/share/fonts/TTF/JetBrainsMonoNerdFontMono-Thin.ttf', name='JetBrainsMono NFM', style='normal', variant='normal', weight=100, stretch='normal', size='scalable')) = 10.335
DEBUG:matplotlib.font_manager:findfont: score(FontEntry(fname='/usr/share/fonts/TTF/JetBrainsMonoNLNerdFontPropo-Medium.ttf', name='JetBrainsMonoNL NFP', style='normal', variant='normal', weight=500, stretch='normal', size='scalable')) = 10.145
DEBUG:matplotlib.font_manager:findfont: score(FontEntry(fname='/usr/share/fonts/TTF/IosevkaNerdFont-ExtraBoldItalic.ttf', name='Iosevka NF', style='italic', variant='normal', weight=800, stretch='normal', size='scalable')) = 11.43
DEBUG:matplotlib.font_manager:findfont: score(FontEntry(fname='/usr/share/fonts/TTF/IosevkaTermNerdFont-MediumOblique.ttf', name='IosevkaTerm NF', style='oblique', variant='normal', weight=500, stretch='normal', size='scalable')) = 11.145
DEBUG:matplotlib.font_manager:findfont: score(FontEntry(fname='/usr/share/fonts/TTF/JetBrainsMono-Thin.ttf', name='JetBrains Mono', style='normal', variant='normal', weight=100, stretch='normal', size='scalable')) = 10.335
DEBUG:matplotlib.font_manager:findfont: score(FontEntry(fname='/usr/share/fonts/TTF/JetBrainsMonoNerdFontMono-ExtraBold.ttf', name='JetBrainsMono NFM', style='normal', variant='normal', weight=800, stretch='normal', size='scalable')) = 10.43
DEBUG:matplotlib.font_manager:findfont: score(FontEntry(fname='/usr/share/fonts/TTF/IosevkaNerdFontMono-Thin.ttf', name='Iosevka NFM', style='normal', variant='normal', weight=100, stretch='normal', size='scalable')) = 10.335
DEBUG:matplotlib.font_manager:findfont: score(FontEntry(fname='/usr/share/fonts/gsfonts/NimbusRoman-Regular.otf', name='Nimbus Roman', style='normal', variant='normal', weight=400, stretch='normal', size='scalable')) = 10.05
DEBUG:matplotlib.font_manager:findfont: score(FontEntry(fname='/usr/share/fonts/TTF/JetBrainsMonoNLNerdFontMono-Italic.ttf', name='JetBrainsMonoNL NFM', style='italic', variant='normal', weight=400, stretch='normal', size='scalable')) = 11.05
DEBUG:matplotlib.font_manager:findfont: score(FontEntry(fname='/usr/share/fonts/TTF/IosevkaNerdFontMono-MediumItalic.ttf', name='Iosevka NFM', style='italic', variant='normal', weight=500, stretch='normal', size='scalable')) = 11.145
DEBUG:matplotlib.font_manager:findfont: score(FontEntry(fname='/usr/share/fonts/TTF/IosevkaNerdFontPropo-ThinItalic.ttf', name='Iosevka NFP', style='italic', variant='normal', weight=100, stretch='normal', size='scalable')) = 11.335
DEBUG:matplotlib.font_manager:findfont: score(FontEntry(fname='/usr/share/fonts/adobe-source-code-pro/SourceCodePro-BoldIt.otf', name='Source Code Pro', style='italic', variant='normal', weight=700, stretch='normal', size='scalable')) = 11.335
DEBUG:matplotlib.font_manager:findfont: score(FontEntry(fname='/usr/share/fonts/gnu-free/FreeMonoOblique.otf', name='FreeMono', style='oblique', variant='normal', weight=400, stretch='normal', size='scalable')) = 11.05
DEBUG:matplotlib.font_manager:findfont: score(FontEntry(fname='/usr/share/fonts/gsfonts/NimbusMonoPS-Bold.otf', name='Nimbus Mono PS', style='normal', variant='normal', weight=700, stretch='normal', size='scalable')) = 10.335
DEBUG:matplotlib.font_manager:findfont: score(FontEntry(fname='/usr/share/fonts/TTF/IosevkaNerdFontPropo-Heavy.ttf', name='Iosevka NFP', style='normal', variant='normal', weight=900, stretch='normal', size='scalable')) = 10.525
DEBUG:matplotlib.font_manager:findfont: score(FontEntry(fname='/usr/share/fonts/TTF/IosevkaTermNerdFontMono-ExtraLight.ttf', name='IosevkaTerm NFM', style='normal', variant='normal', weight=200, stretch='normal', size='scalable')) = 10.24
DEBUG:matplotlib.font_manager:findfont: score(FontEntry(fname='/usr/share/fonts/TTF/IosevkaTermNerdFontPropo-MediumItalic.ttf', name='IosevkaTerm NFP', style='italic', variant='normal', weight=500, stretch='normal', size='scalable')) = 11.145
DEBUG:matplotlib.font_manager:findfont: score(FontEntry(fname='/usr/share/fonts/TTF/JetBrainsMonoNerdFontPropo-ExtraLight.ttf', name='JetBrainsMono NFP', style='normal', variant='normal', weight=200, stretch='normal', size='scalable')) = 10.24
DEBUG:matplotlib.font_manager:findfont: score(FontEntry(fname='/usr/share/fonts/TTF/JetBrainsMonoNerdFont-ExtraLightItalic.ttf', name='JetBrainsMono NF', style='italic', variant='normal', weight=200, stretch='normal', size='scalable')) = 11.24
DEBUG:matplotlib.font_manager:findfont: score(FontEntry(fname='/usr/share/fonts/ttf-maple/MapleMono-SC-NF-Regular.ttf', name='Maple Mono SC NF', style='normal', variant='normal', weight=400, stretch='normal', size='scalable')) = 10.05
DEBUG:matplotlib.font_manager:findfont: score(FontEntry(fname='/usr/share/fonts/ttf-maple/MapleMono-SC-NF-Italic.ttf', name='Maple Mono SC NF', style='italic', variant='normal', weight=400, stretch='normal', size='scalable')) = 11.05
DEBUG:matplotlib.font_manager:findfont: score(FontEntry(fname='/usr/share/fonts/TTF/IosevkaNerdFont-MediumItalic.ttf', name='Iosevka NF', style='italic', variant='normal', weight=500, stretch='normal', size='scalable')) = 11.145
DEBUG:matplotlib.font_manager:findfont: score(FontEntry(fname='/home/joseph/.fonts/MapleMono-Italic.ttf', name='Maple Mono', style='italic', variant='normal', weight=400, stretch='normal', size='scalable')) = 11.05
DEBUG:matplotlib.font_manager:findfont: score(FontEntry(fname='/usr/share/fonts/TTF/SymbolsNerdFont-Regular.ttf', name='Symbols Nerd Font', style='normal', variant='normal', weight=400, stretch='normal', size='scalable')) = 10.05
DEBUG:matplotlib.font_manager:findfont: score(FontEntry(fname='/usr/share/fonts/TTF/IosevkaTermNerdFontPropo-ThinItalic.ttf', name='IosevkaTerm NFP', style='italic', variant='normal', weight=100, stretch='normal', size='scalable')) = 11.335
DEBUG:matplotlib.font_manager:findfont: score(FontEntry(fname='/home/joseph/.fonts/MapleMono-LightItalic.ttf', name='Maple Mono', style='italic', variant='normal', weight=300, stretch='normal', size='scalable')) = 11.145
DEBUG:matplotlib.font_manager:findfont: score(FontEntry(fname='/usr/share/fonts/TTF/IosevkaTermNerdFontPropo-Heavy.ttf', name='IosevkaTerm NFP', style='normal', variant='normal', weight=900, stretch='normal', size='scalable')) = 10.525
DEBUG:matplotlib.font_manager:findfont: score(FontEntry(fname='/usr/share/fonts/TTF/JetBrainsMonoNL-LightItalic.ttf', name='JetBrains Mono NL', style='italic', variant='normal', weight=300, stretch='normal', size='scalable')) = 11.145
DEBUG:matplotlib.font_manager:findfont: score(FontEntry(fname='/usr/share/fonts/TTF/JetBrainsMonoNerdFont-Thin.ttf', name='JetBrainsMono NF', style='normal', variant='normal', weight=100, stretch='normal', size='scalable')) = 10.335
DEBUG:matplotlib.font_manager:findfont: score(FontEntry(fname='/usr/share/fonts/TTF/JetBrainsMonoNL-SemiBoldItalic.ttf', name='JetBrains Mono NL', style='italic', variant='normal', weight=600, stretch='normal', size='scalable')) = 11.24
DEBUG:matplotlib.font_manager:findfont: score(FontEntry(fname='/usr/share/fonts/gsfonts/NimbusRoman-Italic.otf', name='Nimbus Roman', style='italic', variant='normal', weight=400, stretch='normal', size='scalable')) = 11.05
DEBUG:matplotlib.font_manager:findfont: score(FontEntry(fname='/usr/share/fonts/TTF/IosevkaNerdFontMono-ExtraLightItalic.ttf', name='Iosevka NFM', style='italic', variant='normal', weight=200, stretch='normal', size='scalable')) = 11.24
DEBUG:matplotlib.font_manager:findfont: score(FontEntry(fname='/usr/share/fonts/OTF/SyrCOMJerusalemItalic.otf', name='Serto Jerusalem', style='italic', variant='normal', weight=400, stretch='normal', size='scalable')) = 11.05
DEBUG:matplotlib.font_manager:findfont: score(FontEntry(fname='/usr/share/fonts/TTF/IosevkaTermNerdFontPropo-HeavyOblique.ttf', name='IosevkaTerm NFP', style='oblique', variant='normal', weight=900, stretch='normal', size='scalable')) = 11.525
DEBUG:matplotlib.font_manager:findfont: score(FontEntry(fname='/usr/share/fonts/gsfonts/NimbusSansNarrow-Bold.otf', name='Nimbus Sans Narrow', style='normal', variant='normal', weight=700, stretch='condensed', size='scalable')) = 10.535
DEBUG:matplotlib.font_manager:findfont: score(FontEntry(fname='/usr/share/fonts/gsfonts/C059-Italic.otf', name='C059', style='italic', variant='normal', weight=400, stretch='normal', size='scalable')) = 11.05
DEBUG:matplotlib.font_manager:findfont: score(FontEntry(fname='/usr/share/fonts/TTF/RobotoCondensed-Light.ttf', name='Roboto Condensed', style='normal', variant='normal', weight=300, stretch='condensed', size='scalable')) = 10.344999999999999
DEBUG:matplotlib.font_manager:findfont: score(FontEntry(fname='/usr/share/fonts/gsfonts/URWGothic-Demi.otf', name='URW Gothic', style='normal', variant='normal', weight=600, stretch='normal', size='scalable')) = 10.24
DEBUG:matplotlib.font_manager:findfont: score(FontEntry(fname='/usr/share/fonts/TTF/IosevkaNerdFontPropo-ExtraLightItalic.ttf', name='Iosevka NFP', style='italic', variant='normal', weight=200, stretch='normal', size='scalable')) = 11.24
DEBUG:matplotlib.font_manager:findfont: score(FontEntry(fname='/usr/share/fonts/TTF/JetBrainsMonoNerdFontPropo-BoldItalic.ttf', name='JetBrainsMono NFP', style='italic', variant='normal', weight=700, stretch='normal', size='scalable')) = 11.335
DEBUG:matplotlib.font_manager:findfont: score(FontEntry(fname='/usr/share/fonts/TTF/JetBrainsMonoNerdFont-Medium.ttf', name='JetBrainsMono NF', style='normal', variant='normal', weight=500, stretch='normal', size='scalable')) = 10.145
DEBUG:matplotlib.font_manager:findfont: score(FontEntry(fname='/home/joseph/.local/share/fonts/GrapeNuts-Regular.ttf', name='Grape Nuts', style='normal', variant='normal', weight=400, stretch='normal', size='scalable')) = 10.05
DEBUG:matplotlib.font_manager:findfont: score(FontEntry(fname='/usr/share/fonts/TTF/IosevkaNerdFontPropo-Regular.ttf', name='Iosevka NFP', style='normal', variant='normal', weight=400, stretch='normal', size='scalable')) = 10.05
DEBUG:matplotlib.font_manager:findfont: score(FontEntry(fname='/usr/share/fonts/TTF/Roboto-ThinItalic.ttf', name='Roboto', style='italic', variant='normal', weight=250, stretch='normal', size='scalable')) = 11.1925
DEBUG:matplotlib.font_manager:findfont: score(FontEntry(fname='/usr/share/fonts/TTF/IosevkaNerdFont-ExtraBoldOblique.ttf', name='Iosevka NF', style='oblique', variant='normal', weight=800, stretch='normal', size='scalable')) = 11.43
DEBUG:matplotlib.font_manager:findfont: score(FontEntry(fname='/usr/share/fonts/gsfonts/D050000L.otf', name='D050000L', style='normal', variant='normal', weight=400, stretch='normal', size='scalable')) = 10.05
DEBUG:matplotlib.font_manager:findfont: score(FontEntry(fname='/usr/share/fonts/adobe-source-code-pro/SourceCodePro-Semibold.otf', name='Source Code Pro', style='normal', variant='normal', weight=600, stretch='normal', size='scalable')) = 10.24
DEBUG:matplotlib.font_manager:findfont: score(FontEntry(fname='/usr/share/fonts/TTF/IosevkaNerdFontPropo-Italic.ttf', name='Iosevka NFP', style='italic', variant='normal', weight=400, stretch='normal', size='scalable')) = 11.05
DEBUG:matplotlib.font_manager:findfont: score(FontEntry(fname='/usr/share/fonts/ttf-maple/MapleMono-NF-Bold.ttf', name='Maple Mono NF', style='normal', variant='normal', weight=700, stretch='normal', size='scalable')) = 10.335
DEBUG:matplotlib.font_manager:findfont: score(FontEntry(fname='/usr/share/fonts/TTF/Roboto-Thin.ttf', name='Roboto', style='normal', variant='normal', weight=250, stretch='normal', size='scalable')) = 10.1925
DEBUG:matplotlib.font_manager:findfont: score(FontEntry(fname='/usr/share/fonts/gsfonts/URWBookman-Demi.otf', name='URW Bookman', style='normal', variant='normal', weight=600, stretch='normal', size='scalable')) = 10.24
DEBUG:matplotlib.font_manager:findfont: score(FontEntry(fname='/usr/share/fonts/TTF/IosevkaTermNerdFont-ThinOblique.ttf', name='IosevkaTerm NF', style='oblique', variant='normal', weight=100, stretch='normal', size='scalable')) = 11.335
DEBUG:matplotlib.font_manager:findfont: score(FontEntry(fname='/usr/share/fonts/TTF/JetBrainsMonoNerdFontMono-ThinItalic.ttf', name='JetBrainsMono NFM', style='italic', variant='normal', weight=100, stretch='normal', size='scalable')) = 11.335
DEBUG:matplotlib.font_manager:findfont: score(FontEntry(fname='/home/joseph/.fonts/MapleMono-SC-NF-Italic.ttf', name='Maple Mono SC NF', style='italic', variant='normal', weight=400, stretch='normal', size='scalable')) = 11.05
DEBUG:matplotlib.font_manager:findfont: score(FontEntry(fname='/usr/share/fonts/OTF/SyrCOMCtesiphon.otf', name='East Syriac Ctesiphon', style='normal', variant='normal', weight=400, stretch='normal', size='scalable')) = 10.05
DEBUG:matplotlib.font_manager:findfont: score(FontEntry(fname='/usr/share/fonts/TTF/IosevkaTermNerdFont-Regular.ttf', name='IosevkaTerm NF', style='normal', variant='normal', weight=400, stretch='normal', size='scalable')) = 10.05
DEBUG:matplotlib.font_manager:findfont: score(FontEntry(fname='/usr/share/fonts/ttf-maple/MapleMono-SC-NF-LightItalic.ttf', name='Maple Mono SC NF', style='italic', variant='normal', weight=300, stretch='normal', size='scalable')) = 11.145
DEBUG:matplotlib.font_manager:findfont: score(FontEntry(fname='/usr/share/fonts/TTF/JetBrainsMonoNLNerdFont-Light.ttf', name='JetBrainsMonoNL NF', style='normal', variant='normal', weight=300, stretch='normal', size='scalable')) = 10.145
DEBUG:matplotlib.font_manager:findfont: score(FontEntry(fname='/usr/share/fonts/TTF/JetBrainsMonoNerdFont-Bold.ttf', name='JetBrainsMono NF', style='normal', variant='normal', weight=700, stretch='normal', size='scalable')) = 10.335
DEBUG:matplotlib.font_manager:findfont: score(FontEntry(fname='/usr/share/fonts/TTF/IosevkaTermNerdFontPropo-BoldItalic.ttf', name='IosevkaTerm NFP', style='italic', variant='normal', weight=700, stretch='normal', size='scalable')) = 11.335
DEBUG:matplotlib.font_manager:findfont: score(FontEntry(fname='/usr/share/fonts/TTF/IosevkaNerdFontPropo-ThinOblique.ttf', name='Iosevka NFP', style='oblique', variant='normal', weight=100, stretch='normal', size='scalable')) = 11.335
DEBUG:matplotlib.font_manager:findfont: score(FontEntry(fname='/usr/share/fonts/ttf-maple/MapleMono-SC-NF-BoldItalic.ttf', name='Maple Mono SC NF', style='italic', variant='normal', weight=700, stretch='normal', size='scalable')) = 11.335
DEBUG:matplotlib.font_manager:findfont: score(FontEntry(fname='/usr/share/fonts/TTF/JetBrainsMonoNLNerdFontPropo-Bold.ttf', name='JetBrainsMonoNL NFP', style='normal', variant='normal', weight=700, stretch='normal', size='scalable')) = 10.335
DEBUG:matplotlib.font_manager:findfont: score(FontEntry(fname='/usr/share/fonts/TTF/IosevkaTermNerdFont-ExtraBold.ttf', name='IosevkaTerm NF', style='normal', variant='normal', weight=800, stretch='normal', size='scalable')) = 10.43
DEBUG:matplotlib.font_manager:findfont: score(FontEntry(fname='/usr/share/fonts/gsfonts/NimbusMonoPS-BoldItalic.otf', name='Nimbus Mono PS', style='italic', variant='normal', weight=700, stretch='normal', size='scalable')) = 11.335
DEBUG:matplotlib.font_manager:findfont: score(FontEntry(fname='/usr/share/fonts/TTF/JetBrainsMonoNL-Regular.ttf', name='JetBrains Mono NL', style='normal', variant='normal', weight=400, stretch='normal', size='scalable')) = 10.05
DEBUG:matplotlib.font_manager:findfont: score(FontEntry(fname='/usr/share/fonts/TTF/IosevkaNerdFont-LightOblique.ttf', name='Iosevka NF', style='oblique', variant='normal', weight=300, stretch='normal', size='scalable')) = 11.145
DEBUG:matplotlib.font_manager:findfont: score(FontEntry(fname='/usr/share/fonts/TTF/IosevkaTermNerdFontMono-Bold.ttf', name='IosevkaTerm NFM', style='normal', variant='normal', weight=700, stretch='normal', size='scalable')) = 10.335
DEBUG:matplotlib.font_manager:findfont: score(FontEntry(fname='/usr/share/fonts/TTF/JetBrainsMono-ThinItalic.ttf', name='JetBrains Mono', style='italic', variant='normal', weight=100, stretch='normal', size='scalable')) = 11.335
DEBUG:matplotlib.font_manager:findfont: score(FontEntry(fname='/usr/share/fonts/TTF/JetBrainsMono-LightItalic.ttf', name='JetBrains Mono', style='italic', variant='normal', weight=300, stretch='normal', size='scalable')) = 11.145
DEBUG:matplotlib.font_manager:findfont: score(FontEntry(fname='/usr/share/fonts/TTF/JetBrainsMonoNLNerdFont-ExtraLight.ttf', name='JetBrainsMonoNL NF', style='normal', variant='normal', weight=200, stretch='normal', size='scalable')) = 10.24
DEBUG:matplotlib.font_manager:findfont: score(FontEntry(fname='/usr/share/fonts/ttf-maple/MapleMono-Regular.ttf', name='Maple Mono', style='normal', variant='normal', weight=400, stretch='normal', size='scalable')) = 10.05
DEBUG:matplotlib.font_manager:findfont: score(FontEntry(fname='/usr/share/fonts/TTF/JetBrainsMonoNerdFont-ExtraBold.ttf', name='JetBrainsMono NF', style='normal', variant='normal', weight=800, stretch='normal', size='scalable')) = 10.43
DEBUG:matplotlib.font_manager:findfont: score(FontEntry(fname='/usr/share/fonts/TTF/JetBrainsMonoNLNerdFontPropo-ThinItalic.ttf', name='JetBrainsMonoNL NFP', style='italic', variant='normal', weight=100, stretch='normal', size='scalable')) = 11.335
DEBUG:matplotlib.font_manager:findfont: score(FontEntry(fname='/usr/share/fonts/TTF/JetBrainsMonoNerdFont-Regular.ttf', name='JetBrainsMono NF', style='normal', variant='normal', weight=400, stretch='normal', size='scalable')) = 10.05
DEBUG:matplotlib.font_manager:findfont: score(FontEntry(fname='/usr/share/fonts/TTF/IosevkaTermNerdFontPropo-ExtraLightItalic.ttf', name='IosevkaTerm NFP', style='italic', variant='normal', weight=200, stretch='normal', size='scalable')) = 11.24
DEBUG:matplotlib.font_manager:findfont: score(FontEntry(fname='/usr/share/fonts/TTF/JetBrainsMono-Medium.ttf', name='JetBrains Mono', style='normal', variant='normal', weight=500, stretch='normal', size='scalable')) = 10.145
DEBUG:matplotlib.font_manager:findfont: score(FontEntry(fname='/usr/share/fonts/TTF/IosevkaNerdFontPropo-ExtraBoldOblique.ttf', name='Iosevka NFP', style='oblique', variant='normal', weight=800, stretch='normal', size='scalable')) = 11.43
DEBUG:matplotlib.font_manager:findfont: score(FontEntry(fname='/usr/share/fonts/ttf-maple/MapleMono-LightItalic.ttf', name='Maple Mono', style='italic', variant='normal', weight=300, stretch='normal', size='scalable')) = 11.145
DEBUG:matplotlib.font_manager:findfont: score(FontEntry(fname='/usr/share/fonts/TTF/GohaTibebZemen.ttf', name='Goha-Tibeb Zemen', style='normal', variant='normal', weight=500, stretch='normal', size='scalable')) = 10.145
DEBUG:matplotlib.font_manager:findfont: score(FontEntry(fname='/usr/share/fonts/TTF/JetBrainsMonoNerdFont-SemiBold.ttf', name='JetBrainsMono NF', style='normal', variant='normal', weight=600, stretch='normal', size='scalable')) = 10.24
DEBUG:matplotlib.font_manager:findfont: score(FontEntry(fname='/usr/share/fonts/adobe-source-code-pro/SourceCodePro-Regular.otf', name='Source Code Pro', style='normal', variant='normal', weight=400, stretch='normal', size='scalable')) = 10.05
DEBUG:matplotlib.font_manager:findfont: score(FontEntry(fname='/usr/share/fonts/gsfonts/NimbusSans-Bold.otf', name='Nimbus Sans', style='normal', variant='normal', weight=700, stretch='normal', size='scalable')) = 10.335
DEBUG:matplotlib.font_manager:findfont: score(FontEntry(fname='/usr/share/fonts/gnu-free/FreeMonoBoldOblique.otf', name='FreeMono', style='oblique', variant='normal', weight=700, stretch='normal', size='scalable')) = 11.335
DEBUG:matplotlib.font_manager:findfont: score(FontEntry(fname='/home/joseph/.fonts/MapleMono-NF-Light.ttf', name='Maple Mono NF', style='normal', variant='normal', weight=300, stretch='normal', size='scalable')) = 10.145
DEBUG:matplotlib.font_manager:findfont: score(FontEntry(fname='/usr/share/fonts/TTF/IosevkaNerdFontPropo-HeavyOblique.ttf', name='Iosevka NFP', style='oblique', variant='normal', weight=900, stretch='normal', size='scalable')) = 11.525
DEBUG:matplotlib.font_manager:findfont: score(FontEntry(fname='/usr/share/fonts/TTF/IosevkaNerdFont-BoldItalic.ttf', name='Iosevka NF', style='italic', variant='normal', weight=700, stretch='normal', size='scalable')) = 11.335
DEBUG:matplotlib.font_manager:findfont: score(FontEntry(fname='/usr/share/fonts/TTF/IosevkaTermNerdFontMono-SemiBold.ttf', name='IosevkaTerm NFM', style='normal', variant='normal', weight=600, stretch='normal', size='scalable')) = 10.24
DEBUG:matplotlib.font_manager:findfont: score(FontEntry(fname='/usr/share/fonts/ttf-maple/MapleMono-NF-BoldItalic.ttf', name='Maple Mono NF', style='italic', variant='normal', weight=700, stretch='normal', size='scalable')) = 11.335
DEBUG:matplotlib.font_manager:findfont: score(FontEntry(fname='/usr/share/fonts/TTF/IosevkaNerdFontMono-MediumOblique.ttf', name='Iosevka NFM', style='oblique', variant='normal', weight=500, stretch='normal', size='scalable')) = 11.145
DEBUG:matplotlib.font_manager:findfont: score(FontEntry(fname='/usr/share/fonts/TTF/IosevkaNerdFont-LightItalic.ttf', name='Iosevka NF', style='italic', variant='normal', weight=300, stretch='normal', size='scalable')) = 11.145
DEBUG:matplotlib.font_manager:findfont: score(FontEntry(fname='/usr/share/fonts/ttf-maple/MapleMono-SC-NF-Bold.ttf', name='Maple Mono SC NF', style='normal', variant='normal', weight=700, stretch='normal', size='scalable')) = 10.335
DEBUG:matplotlib.font_manager:findfont: score(FontEntry(fname='/usr/share/fonts/gsfonts/URWBookman-LightItalic.otf', name='URW Bookman', style='italic', variant='normal', weight=300, stretch='normal', size='scalable')) = 11.145
DEBUG:matplotlib.font_manager:findfont: score(FontEntry(fname='/usr/share/fonts/TTF/IosevkaNerdFontMono-SemiBold.ttf', name='Iosevka NFM', style='normal', variant='normal', weight=600, stretch='normal', size='scalable')) = 10.24
DEBUG:matplotlib.font_manager:findfont: score(FontEntry(fname='/usr/share/fonts/TTF/IosevkaTermNerdFontMono-Medium.ttf', name='IosevkaTerm NFM', style='normal', variant='normal', weight=500, stretch='normal', size='scalable')) = 10.145
DEBUG:matplotlib.font_manager:findfont: score(FontEntry(fname='/usr/share/fonts/TTF/IosevkaTermNerdFont-MediumItalic.ttf', name='IosevkaTerm NF', style='italic', variant='normal', weight=500, stretch='normal', size='scalable')) = 11.145
DEBUG:matplotlib.font_manager:findfont: score(FontEntry(fname='/home/joseph/.fonts/MapleMono-BoldItalic.ttf', name='Maple Mono', style='italic', variant='normal', weight=700, stretch='normal', size='scalable')) = 11.335
DEBUG:matplotlib.font_manager:findfont: score(FontEntry(fname='/usr/share/fonts/OTF/SyrCOMMardinBold.otf', name='Serto Mardin', style='normal', variant='normal', weight=700, stretch='normal', size='scalable')) = 10.335
DEBUG:matplotlib.font_manager:findfont: Matching sans\-serif:style=normal:variant=normal:weight=normal:stretch=normal:size=10.0 to DejaVu Sans ('/home/joseph/projects/follicle_fork/python_utilities/tissuegenenv/lib/python3.13/site-packages/matplotlib/mpl-data/fonts/ttf/DejaVuSans.ttf') with score of 0.050000.
DEBUG:matplotlib.colorbar:locator: <matplotlib.ticker.AutoLocator object at 0x7626901855b0>
DEBUG:matplotlib.font_manager:findfont: Matching sans\-serif:style=normal:variant=normal:weight=normal:stretch=normal:size=9.0.
DEBUG:matplotlib.font_manager:findfont: score(FontEntry(fname='/home/joseph/projects/follicle_fork/python_utilities/tissuegenenv/lib/python3.13/site-packages/matplotlib/mpl-data/fonts/ttf/cmmi10.ttf', name='cmmi10', style='normal', variant='normal', weight=400, stretch='normal', size='scalable')) = 10.05
DEBUG:matplotlib.font_manager:findfont: score(FontEntry(fname='/home/joseph/projects/follicle_fork/python_utilities/tissuegenenv/lib/python3.13/site-packages/matplotlib/mpl-data/fonts/ttf/DejaVuSansMono-BoldOblique.ttf', name='DejaVu Sans Mono', style='oblique', variant='normal', weight=700, stretch='normal', size='scalable')) = 11.335
DEBUG:matplotlib.font_manager:findfont: score(FontEntry(fname='/home/joseph/projects/follicle_fork/python_utilities/tissuegenenv/lib/python3.13/site-packages/matplotlib/mpl-data/fonts/ttf/DejaVuSerif-BoldItalic.ttf', name='DejaVu Serif', style='italic', variant='normal', weight=700, stretch='normal', size='scalable')) = 11.335
DEBUG:matplotlib.font_manager:findfont: score(FontEntry(fname='/home/joseph/projects/follicle_fork/python_utilities/tissuegenenv/lib/python3.13/site-packages/matplotlib/mpl-data/fonts/ttf/STIXGeneral.ttf', name='STIXGeneral', style='normal', variant='normal', weight=400, stretch='normal', size='scalable')) = 10.05
DEBUG:matplotlib.font_manager:findfont: score(FontEntry(fname='/home/joseph/projects/follicle_fork/python_utilities/tissuegenenv/lib/python3.13/site-packages/matplotlib/mpl-data/fonts/ttf/DejaVuSansDisplay.ttf', name='DejaVu Sans Display', style='normal', variant='normal', weight=400, stretch='normal', size='scalable')) = 10.05
DEBUG:matplotlib.font_manager:findfont: score(FontEntry(fname='/home/joseph/projects/follicle_fork/python_utilities/tissuegenenv/lib/python3.13/site-packages/matplotlib/mpl-data/fonts/ttf/DejaVuSansMono.ttf', name='DejaVu Sans Mono', style='normal', variant='normal', weight=400, stretch='normal', size='scalable')) = 10.05
DEBUG:matplotlib.font_manager:findfont: score(FontEntry(fname='/home/joseph/projects/follicle_fork/python_utilities/tissuegenenv/lib/python3.13/site-packages/matplotlib/mpl-data/fonts/ttf/STIXGeneralItalic.ttf', name='STIXGeneral', style='italic', variant='normal', weight=400, stretch='normal', size='scalable')) = 11.05
DEBUG:matplotlib.font_manager:findfont: score(FontEntry(fname='/home/joseph/projects/follicle_fork/python_utilities/tissuegenenv/lib/python3.13/site-packages/matplotlib/mpl-data/fonts/ttf/STIXSizThreeSymBol.ttf', name='STIXSizeThreeSym', style='normal', variant='normal', weight=700, stretch='normal', size='scalable')) = 10.335
DEBUG:matplotlib.font_manager:findfont: score(FontEntry(fname='/home/joseph/projects/follicle_fork/python_utilities/tissuegenenv/lib/python3.13/site-packages/matplotlib/mpl-data/fonts/ttf/STIXNonUniBolIta.ttf', name='STIXNonUnicode', style='italic', variant='normal', weight=700, stretch='normal', size='scalable')) = 11.335
DEBUG:matplotlib.font_manager:findfont: score(FontEntry(fname='/home/joseph/projects/follicle_fork/python_utilities/tissuegenenv/lib/python3.13/site-packages/matplotlib/mpl-data/fonts/ttf/DejaVuSerif-Italic.ttf', name='DejaVu Serif', style='italic', variant='normal', weight=400, stretch='normal', size='scalable')) = 11.05
DEBUG:matplotlib.font_manager:findfont: score(FontEntry(fname='/home/joseph/projects/follicle_fork/python_utilities/tissuegenenv/lib/python3.13/site-packages/matplotlib/mpl-data/fonts/ttf/STIXSizTwoSymBol.ttf', name='STIXSizeTwoSym', style='normal', variant='normal', weight=700, stretch='normal', size='scalable')) = 10.335
DEBUG:matplotlib.font_manager:findfont: score(FontEntry(fname='/home/joseph/projects/follicle_fork/python_utilities/tissuegenenv/lib/python3.13/site-packages/matplotlib/mpl-data/fonts/ttf/STIXSizOneSymReg.ttf', name='STIXSizeOneSym', style='normal', variant='normal', weight=400, stretch='normal', size='scalable')) = 10.05
DEBUG:matplotlib.font_manager:findfont: score(FontEntry(fname='/home/joseph/projects/follicle_fork/python_utilities/tissuegenenv/lib/python3.13/site-packages/matplotlib/mpl-data/fonts/ttf/STIXGeneralBol.ttf', name='STIXGeneral', style='normal', variant='normal', weight=700, stretch='normal', size='scalable')) = 10.335
DEBUG:matplotlib.font_manager:findfont: score(FontEntry(fname='/home/joseph/projects/follicle_fork/python_utilities/tissuegenenv/lib/python3.13/site-packages/matplotlib/mpl-data/fonts/ttf/DejaVuSerifDisplay.ttf', name='DejaVu Serif Display', style='normal', variant='normal', weight=400, stretch='normal', size='scalable')) = 10.05
DEBUG:matplotlib.font_manager:findfont: score(FontEntry(fname='/home/joseph/projects/follicle_fork/python_utilities/tissuegenenv/lib/python3.13/site-packages/matplotlib/mpl-data/fonts/ttf/DejaVuSerif.ttf', name='DejaVu Serif', style='normal', variant='normal', weight=400, stretch='normal', size='scalable')) = 10.05
DEBUG:matplotlib.font_manager:findfont: score(FontEntry(fname='/home/joseph/projects/follicle_fork/python_utilities/tissuegenenv/lib/python3.13/site-packages/matplotlib/mpl-data/fonts/ttf/STIXNonUniIta.ttf', name='STIXNonUnicode', style='italic', variant='normal', weight=400, stretch='normal', size='scalable')) = 11.05
DEBUG:matplotlib.font_manager:findfont: score(FontEntry(fname='/home/joseph/projects/follicle_fork/python_utilities/tissuegenenv/lib/python3.13/site-packages/matplotlib/mpl-data/fonts/ttf/STIXSizFourSymBol.ttf', name='STIXSizeFourSym', style='normal', variant='normal', weight=700, stretch='normal', size='scalable')) = 10.335
DEBUG:matplotlib.font_manager:findfont: score(FontEntry(fname='/home/joseph/projects/follicle_fork/python_utilities/tissuegenenv/lib/python3.13/site-packages/matplotlib/mpl-data/fonts/ttf/STIXNonUni.ttf', name='STIXNonUnicode', style='normal', variant='normal', weight=400, stretch='normal', size='scalable')) = 10.05
DEBUG:matplotlib.font_manager:findfont: score(FontEntry(fname='/home/joseph/projects/follicle_fork/python_utilities/tissuegenenv/lib/python3.13/site-packages/matplotlib/mpl-data/fonts/ttf/DejaVuSans-Bold.ttf', name='DejaVu Sans', style='normal', variant='normal', weight=700, stretch='normal', size='scalable')) = 0.33499999999999996
DEBUG:matplotlib.font_manager:findfont: score(FontEntry(fname='/home/joseph/projects/follicle_fork/python_utilities/tissuegenenv/lib/python3.13/site-packages/matplotlib/mpl-data/fonts/ttf/cmb10.ttf', name='cmb10', style='normal', variant='normal', weight=400, stretch='normal', size='scalable')) = 10.05
DEBUG:matplotlib.font_manager:findfont: score(FontEntry(fname='/home/joseph/projects/follicle_fork/python_utilities/tissuegenenv/lib/python3.13/site-packages/matplotlib/mpl-data/fonts/ttf/cmex10.ttf', name='cmex10', style='normal', variant='normal', weight=400, stretch='normal', size='scalable')) = 10.05
DEBUG:matplotlib.font_manager:findfont: score(FontEntry(fname='/home/joseph/projects/follicle_fork/python_utilities/tissuegenenv/lib/python3.13/site-packages/matplotlib/mpl-data/fonts/ttf/cmsy10.ttf', name='cmsy10', style='normal', variant='normal', weight=400, stretch='normal', size='scalable')) = 10.05
DEBUG:matplotlib.font_manager:findfont: score(FontEntry(fname='/home/joseph/projects/follicle_fork/python_utilities/tissuegenenv/lib/python3.13/site-packages/matplotlib/mpl-data/fonts/ttf/STIXSizThreeSymReg.ttf', name='STIXSizeThreeSym', style='normal', variant='normal', weight=400, stretch='normal', size='scalable')) = 10.05
DEBUG:matplotlib.font_manager:findfont: score(FontEntry(fname='/home/joseph/projects/follicle_fork/python_utilities/tissuegenenv/lib/python3.13/site-packages/matplotlib/mpl-data/fonts/ttf/DejaVuSansMono-Bold.ttf', name='DejaVu Sans Mono', style='normal', variant='normal', weight=700, stretch='normal', size='scalable')) = 10.335
DEBUG:matplotlib.font_manager:findfont: score(FontEntry(fname='/home/joseph/projects/follicle_fork/python_utilities/tissuegenenv/lib/python3.13/site-packages/matplotlib/mpl-data/fonts/ttf/DejaVuSans-Oblique.ttf', name='DejaVu Sans', style='oblique', variant='normal', weight=400, stretch='normal', size='scalable')) = 1.05
DEBUG:matplotlib.font_manager:findfont: score(FontEntry(fname='/home/joseph/projects/follicle_fork/python_utilities/tissuegenenv/lib/python3.13/site-packages/matplotlib/mpl-data/fonts/ttf/cmtt10.ttf', name='cmtt10', style='normal', variant='normal', weight=400, stretch='normal', size='scalable')) = 10.05
DEBUG:matplotlib.font_manager:findfont: score(FontEntry(fname='/home/joseph/projects/follicle_fork/python_utilities/tissuegenenv/lib/python3.13/site-packages/matplotlib/mpl-data/fonts/ttf/STIXNonUniBol.ttf', name='STIXNonUnicode', style='normal', variant='normal', weight=700, stretch='normal', size='scalable')) = 10.335
DEBUG:matplotlib.font_manager:findfont: score(FontEntry(fname='/home/joseph/projects/follicle_fork/python_utilities/tissuegenenv/lib/python3.13/site-packages/matplotlib/mpl-data/fonts/ttf/DejaVuSans.ttf', name='DejaVu Sans', style='normal', variant='normal', weight=400, stretch='normal', size='scalable')) = 0.05
DEBUG:matplotlib.font_manager:findfont: score(FontEntry(fname='/home/joseph/projects/follicle_fork/python_utilities/tissuegenenv/lib/python3.13/site-packages/matplotlib/mpl-data/fonts/ttf/cmss10.ttf', name='cmss10', style='normal', variant='normal', weight=400, stretch='normal', size='scalable')) = 10.05
DEBUG:matplotlib.font_manager:findfont: score(FontEntry(fname='/home/joseph/projects/follicle_fork/python_utilities/tissuegenenv/lib/python3.13/site-packages/matplotlib/mpl-data/fonts/ttf/STIXSizFiveSymReg.ttf', name='STIXSizeFiveSym', style='normal', variant='normal', weight=400, stretch='normal', size='scalable')) = 10.05
DEBUG:matplotlib.font_manager:findfont: score(FontEntry(fname='/home/joseph/projects/follicle_fork/python_utilities/tissuegenenv/lib/python3.13/site-packages/matplotlib/mpl-data/fonts/ttf/DejaVuSansMono-Oblique.ttf', name='DejaVu Sans Mono', style='oblique', variant='normal', weight=400, stretch='normal', size='scalable')) = 11.05
DEBUG:matplotlib.font_manager:findfont: score(FontEntry(fname='/home/joseph/projects/follicle_fork/python_utilities/tissuegenenv/lib/python3.13/site-packages/matplotlib/mpl-data/fonts/ttf/STIXSizOneSymBol.ttf', name='STIXSizeOneSym', style='normal', variant='normal', weight=700, stretch='normal', size='scalable')) = 10.335
DEBUG:matplotlib.font_manager:findfont: score(FontEntry(fname='/home/joseph/projects/follicle_fork/python_utilities/tissuegenenv/lib/python3.13/site-packages/matplotlib/mpl-data/fonts/ttf/DejaVuSerif-Bold.ttf', name='DejaVu Serif', style='normal', variant='normal', weight=700, stretch='normal', size='scalable')) = 10.335
DEBUG:matplotlib.font_manager:findfont: score(FontEntry(fname='/home/joseph/projects/follicle_fork/python_utilities/tissuegenenv/lib/python3.13/site-packages/matplotlib/mpl-data/fonts/ttf/STIXSizTwoSymReg.ttf', name='STIXSizeTwoSym', style='normal', variant='normal', weight=400, stretch='normal', size='scalable')) = 10.05
DEBUG:matplotlib.font_manager:findfont: score(FontEntry(fname='/home/joseph/projects/follicle_fork/python_utilities/tissuegenenv/lib/python3.13/site-packages/matplotlib/mpl-data/fonts/ttf/cmr10.ttf', name='cmr10', style='normal', variant='normal', weight=400, stretch='normal', size='scalable')) = 10.05
DEBUG:matplotlib.font_manager:findfont: score(FontEntry(fname='/home/joseph/projects/follicle_fork/python_utilities/tissuegenenv/lib/python3.13/site-packages/matplotlib/mpl-data/fonts/ttf/DejaVuSans-BoldOblique.ttf', name='DejaVu Sans', style='oblique', variant='normal', weight=700, stretch='normal', size='scalable')) = 1.335
DEBUG:matplotlib.font_manager:findfont: score(FontEntry(fname='/home/joseph/projects/follicle_fork/python_utilities/tissuegenenv/lib/python3.13/site-packages/matplotlib/mpl-data/fonts/ttf/STIXGeneralBolIta.ttf', name='STIXGeneral', style='italic', variant='normal', weight=700, stretch='normal', size='scalable')) = 11.335
DEBUG:matplotlib.font_manager:findfont: score(FontEntry(fname='/home/joseph/projects/follicle_fork/python_utilities/tissuegenenv/lib/python3.13/site-packages/matplotlib/mpl-data/fonts/ttf/STIXSizFourSymReg.ttf', name='STIXSizeFourSym', style='normal', variant='normal', weight=400, stretch='normal', size='scalable')) = 10.05
DEBUG:matplotlib.font_manager:findfont: score(FontEntry(fname='/home/joseph/.fonts/MapleMono-SC-NF-BoldItalic.ttf', name='Maple Mono SC NF', style='italic', variant='normal', weight=700, stretch='normal', size='scalable')) = 11.335
DEBUG:matplotlib.font_manager:findfont: score(FontEntry(fname='/usr/share/fonts/TTF/IosevkaNerdFontMono-HeavyItalic.ttf', name='Iosevka NFM', style='italic', variant='normal', weight=900, stretch='normal', size='scalable')) = 11.525
DEBUG:matplotlib.font_manager:findfont: score(FontEntry(fname='/usr/share/fonts/gnu-free/FreeMonoBold.otf', name='FreeMono', style='normal', variant='normal', weight=700, stretch='normal', size='scalable')) = 10.335
DEBUG:matplotlib.font_manager:findfont: score(FontEntry(fname='/home/joseph/.fonts/MapleMono-SC-NF-Regular.ttf', name='Maple Mono SC NF', style='normal', variant='normal', weight=400, stretch='normal', size='scalable')) = 10.05
DEBUG:matplotlib.font_manager:findfont: score(FontEntry(fname='/usr/share/fonts/TTF/JetBrainsMonoNLNerdFontMono-ThinItalic.ttf', name='JetBrainsMonoNL NFM', style='italic', variant='normal', weight=100, stretch='normal', size='scalable')) = 11.335
DEBUG:matplotlib.font_manager:findfont: score(FontEntry(fname='/usr/share/fonts/TTF/IosevkaNerdFontMono-ExtraBold.ttf', name='Iosevka NFM', style='normal', variant='normal', weight=800, stretch='normal', size='scalable')) = 10.43
DEBUG:matplotlib.font_manager:findfont: score(FontEntry(fname='/usr/share/fonts/TTF/IosevkaTermNerdFontPropo-LightItalic.ttf', name='IosevkaTerm NFP', style='italic', variant='normal', weight=300, stretch='normal', size='scalable')) = 11.145
DEBUG:matplotlib.font_manager:findfont: score(FontEntry(fname='/usr/share/fonts/ttf-maple/MapleMono-Bold.ttf', name='Maple Mono', style='normal', variant='normal', weight=700, stretch='normal', size='scalable')) = 10.335
DEBUG:matplotlib.font_manager:findfont: score(FontEntry(fname='/usr/share/fonts/OTF/SyrCOMUrhoyBold.otf', name='Serto Urhoy', style='normal', variant='normal', weight=700, stretch='normal', size='scalable')) = 10.335
DEBUG:matplotlib.font_manager:findfont: score(FontEntry(fname='/usr/share/fonts/TTF/IosevkaNerdFont-SemiBoldItalic.ttf', name='Iosevka NF', style='italic', variant='normal', weight=600, stretch='normal', size='scalable')) = 11.24
DEBUG:matplotlib.font_manager:findfont: score(FontEntry(fname='/usr/share/fonts/Unifont/Unifont_CSUR.ttf', name='Unifont CSUR', style='normal', variant='normal', weight=500, stretch='normal', size='scalable')) = 10.145
DEBUG:matplotlib.font_manager:findfont: score(FontEntry(fname='/usr/share/fonts/TTF/IosevkaNerdFontPropo-MediumItalic.ttf', name='Iosevka NFP', style='italic', variant='normal', weight=500, stretch='normal', size='scalable')) = 11.145
DEBUG:matplotlib.font_manager:findfont: score(FontEntry(fname='/usr/share/fonts/TTF/IosevkaNerdFontMono-BoldItalic.ttf', name='Iosevka NFM', style='italic', variant='normal', weight=700, stretch='normal', size='scalable')) = 11.335
DEBUG:matplotlib.font_manager:findfont: score(FontEntry(fname='/usr/share/fonts/TTF/IosevkaNerdFontPropo-Thin.ttf', name='Iosevka NFP', style='normal', variant='normal', weight=100, stretch='normal', size='scalable')) = 10.335
DEBUG:matplotlib.font_manager:findfont: score(FontEntry(fname='/usr/share/fonts/TTF/IosevkaTermNerdFont-SemiBoldOblique.ttf', name='IosevkaTerm NF', style='oblique', variant='normal', weight=600, stretch='normal', size='scalable')) = 11.24
DEBUG:matplotlib.font_manager:findfont: score(FontEntry(fname='/usr/share/fonts/TTF/IosevkaNerdFont-ExtraLightOblique.ttf', name='Iosevka NF', style='oblique', variant='normal', weight=200, stretch='normal', size='scalable')) = 11.24
DEBUG:matplotlib.font_manager:findfont: score(FontEntry(fname='/usr/share/fonts/TTF/JetBrainsMonoNLNerdFontMono-ExtraLight.ttf', name='JetBrainsMonoNL NFM', style='normal', variant='normal', weight=200, stretch='normal', size='scalable')) = 10.24
DEBUG:matplotlib.font_manager:findfont: score(FontEntry(fname='/usr/share/fonts/liberation/LiberationMono-Italic.ttf', name='Liberation Mono', style='italic', variant='normal', weight=400, stretch='normal', size='scalable')) = 11.05
DEBUG:matplotlib.font_manager:findfont: score(FontEntry(fname='/usr/share/fonts/liberation/LiberationMono-Regular.ttf', name='Liberation Mono', style='normal', variant='normal', weight=400, stretch='normal', size='scalable')) = 10.05
DEBUG:matplotlib.font_manager:findfont: score(FontEntry(fname='/usr/share/fonts/TTF/IosevkaNerdFontPropo-LightItalic.ttf', name='Iosevka NFP', style='italic', variant='normal', weight=300, stretch='normal', size='scalable')) = 11.145
DEBUG:matplotlib.font_manager:findfont: score(FontEntry(fname='/usr/share/fonts/TTF/JetBrainsMonoNLNerdFontMono-SemiBold.ttf', name='JetBrainsMonoNL NFM', style='normal', variant='normal', weight=600, stretch='normal', size='scalable')) = 10.24
DEBUG:matplotlib.font_manager:findfont: score(FontEntry(fname='/home/joseph/.local/share/fonts/Iosevka-Nerd-Font-Complete.ttf', name='Iosevka', style='normal', variant='normal', weight=400, stretch='normal', size='scalable')) = 10.05
DEBUG:matplotlib.font_manager:findfont: score(FontEntry(fname='/usr/share/fonts/TTF/Roboto-Regular.ttf', name='Roboto', style='normal', variant='normal', weight=400, stretch='normal', size='scalable')) = 10.05
DEBUG:matplotlib.font_manager:findfont: score(FontEntry(fname='/usr/share/fonts/gsfonts/NimbusSans-BoldItalic.otf', name='Nimbus Sans', style='italic', variant='normal', weight=700, stretch='normal', size='scalable')) = 11.335
DEBUG:matplotlib.font_manager:findfont: score(FontEntry(fname='/usr/share/fonts/TTF/IosevkaTermNerdFontMono-Heavy.ttf', name='IosevkaTerm NFM', style='normal', variant='normal', weight=900, stretch='normal', size='scalable')) = 10.525
DEBUG:matplotlib.font_manager:findfont: score(FontEntry(fname='/usr/share/fonts/TTF/JetBrainsMonoNLNerdFontPropo-ExtraBold.ttf', name='JetBrainsMonoNL NFP', style='normal', variant='normal', weight=800, stretch='normal', size='scalable')) = 10.43
DEBUG:matplotlib.font_manager:findfont: score(FontEntry(fname='/usr/share/fonts/gsfonts/NimbusMonoPS-Regular.otf', name='Nimbus Mono PS', style='normal', variant='normal', weight=400, stretch='normal', size='scalable')) = 10.05
DEBUG:matplotlib.font_manager:findfont: score(FontEntry(fname='/home/joseph/.local/share/fonts/JetBrains-Mono-Nerd-Font-Complete.ttf', name='JetBrainsMono Nerd Font', style='normal', variant='normal', weight=400, stretch='normal', size='scalable')) = 10.05
DEBUG:matplotlib.font_manager:findfont: score(FontEntry(fname='/usr/share/fonts/TTF/JetBrainsMono-BoldItalic.ttf', name='JetBrains Mono', style='italic', variant='normal', weight=700, stretch='normal', size='scalable')) = 11.335
DEBUG:matplotlib.font_manager:findfont: score(FontEntry(fname='/usr/share/fonts/TTF/IosevkaTermNerdFontPropo-MediumOblique.ttf', name='IosevkaTerm NFP', style='oblique', variant='normal', weight=500, stretch='normal', size='scalable')) = 11.145
DEBUG:matplotlib.font_manager:findfont: score(FontEntry(fname='/usr/share/fonts/TTF/JetBrainsMonoNerdFontPropo-Thin.ttf', name='JetBrainsMono NFP', style='normal', variant='normal', weight=100, stretch='normal', size='scalable')) = 10.335
DEBUG:matplotlib.font_manager:findfont: score(FontEntry(fname='/usr/share/fonts/TTF/IosevkaTermNerdFont-SemiBold.ttf', name='IosevkaTerm NF', style='normal', variant='normal', weight=600, stretch='normal', size='scalable')) = 10.24
DEBUG:matplotlib.font_manager:findfont: score(FontEntry(fname='/usr/share/fonts/TTF/JetBrainsMonoNL-Thin.ttf', name='JetBrains Mono NL', style='normal', variant='normal', weight=100, stretch='normal', size='scalable')) = 10.335
DEBUG:matplotlib.font_manager:findfont: score(FontEntry(fname='/usr/share/fonts/liberation/LiberationSerif-Bold.ttf', name='Liberation Serif', style='normal', variant='normal', weight=700, stretch='normal', size='scalable')) = 10.335
DEBUG:matplotlib.font_manager:findfont: score(FontEntry(fname='/usr/share/fonts/TTF/IosevkaNerdFontMono-ExtraBoldOblique.ttf', name='Iosevka NFM', style='oblique', variant='normal', weight=800, stretch='normal', size='scalable')) = 11.43
DEBUG:matplotlib.font_manager:findfont: score(FontEntry(fname='/usr/share/fonts/TTF/IosevkaTermNerdFontPropo-Regular.ttf', name='IosevkaTerm NFP', style='normal', variant='normal', weight=400, stretch='normal', size='scalable')) = 10.05
DEBUG:matplotlib.font_manager:findfont: score(FontEntry(fname='/usr/share/fonts/TTF/IosevkaTermNerdFontMono-ExtraLightOblique.ttf', name='IosevkaTerm NFM', style='oblique', variant='normal', weight=200, stretch='normal', size='scalable')) = 11.24
DEBUG:matplotlib.font_manager:findfont: score(FontEntry(fname='/usr/share/fonts/TTF/IosevkaTermNerdFont-ExtraLightItalic.ttf', name='IosevkaTerm NF', style='italic', variant='normal', weight=200, stretch='normal', size='scalable')) = 11.24
DEBUG:matplotlib.font_manager:findfont: score(FontEntry(fname='/usr/share/fonts/ttf-maple/MapleMono-BoldItalic.ttf', name='Maple Mono', style='italic', variant='normal', weight=700, stretch='normal', size='scalable')) = 11.335
DEBUG:matplotlib.font_manager:findfont: score(FontEntry(fname='/usr/share/fonts/TTF/IosevkaTermNerdFontMono-ThinItalic.ttf', name='IosevkaTerm NFM', style='italic', variant='normal', weight=100, stretch='normal', size='scalable')) = 11.335
DEBUG:matplotlib.font_manager:findfont: score(FontEntry(fname='/usr/share/fonts/TTF/Roboto-Light.ttf', name='Roboto', style='normal', variant='normal', weight=300, stretch='normal', size='scalable')) = 10.145
DEBUG:matplotlib.font_manager:findfont: score(FontEntry(fname='/usr/share/fonts/TTF/RobotoCondensed-BoldItalic.ttf', name='Roboto Condensed', style='italic', variant='normal', weight=700, stretch='condensed', size='scalable')) = 11.535
DEBUG:matplotlib.font_manager:findfont: score(FontEntry(fname='/usr/share/fonts/adobe-source-code-pro/SourceCodePro-Bold.otf', name='Source Code Pro', style='normal', variant='normal', weight=700, stretch='normal', size='scalable')) = 10.335
DEBUG:matplotlib.font_manager:findfont: score(FontEntry(fname='/usr/share/fonts/TTF/Roboto-Medium.ttf', name='Roboto', style='normal', variant='normal', weight=500, stretch='normal', size='scalable')) = 10.145
DEBUG:matplotlib.font_manager:findfont: score(FontEntry(fname='/usr/share/fonts/gnu-free/FreeSansBold.otf', name='FreeSans', style='normal', variant='normal', weight=600, stretch='normal', size='scalable')) = 10.24
DEBUG:matplotlib.font_manager:findfont: score(FontEntry(fname='/usr/share/fonts/TTF/JetBrainsMonoNerdFontPropo-ThinItalic.ttf', name='JetBrainsMono NFP', style='italic', variant='normal', weight=100, stretch='normal', size='scalable')) = 11.335
DEBUG:matplotlib.font_manager:findfont: score(FontEntry(fname='/usr/share/fonts/adobe-source-code-pro/SourceCodePro-BlackIt.otf', name='Source Code Pro', style='italic', variant='normal', weight=900, stretch='normal', size='scalable')) = 11.525
DEBUG:matplotlib.font_manager:findfont: score(FontEntry(fname='/usr/share/fonts/TTF/IosevkaNerdFontPropo-ExtraLight.ttf', name='Iosevka NFP', style='normal', variant='normal', weight=200, stretch='normal', size='scalable')) = 10.24
DEBUG:matplotlib.font_manager:findfont: score(FontEntry(fname='/usr/share/fonts/liberation/LiberationSans-Bold.ttf', name='Liberation Sans', style='normal', variant='normal', weight=700, stretch='normal', size='scalable')) = 10.335
DEBUG:matplotlib.font_manager:findfont: score(FontEntry(fname='/usr/share/fonts/TTF/JetBrainsMonoNerdFontMono-ExtraLight.ttf', name='JetBrainsMono NFM', style='normal', variant='normal', weight=200, stretch='normal', size='scalable')) = 10.24
DEBUG:matplotlib.font_manager:findfont: score(FontEntry(fname='/usr/share/fonts/TTF/IosevkaNerdFontPropo-Bold.ttf', name='Iosevka NFP', style='normal', variant='normal', weight=700, stretch='normal', size='scalable')) = 10.335
DEBUG:matplotlib.font_manager:findfont: score(FontEntry(fname='/usr/share/fonts/OTF/SyrCOMKharput.otf', name='Serto Kharput', style='normal', variant='normal', weight=400, stretch='normal', size='scalable')) = 10.05
DEBUG:matplotlib.font_manager:findfont: score(FontEntry(fname='/usr/share/fonts/TTF/IosevkaNerdFontMono-LightOblique.ttf', name='Iosevka NFM', style='oblique', variant='normal', weight=300, stretch='normal', size='scalable')) = 11.145
DEBUG:matplotlib.font_manager:findfont: score(FontEntry(fname='/usr/share/fonts/OTF/SyrCOMNisibinOutline.otf', name='Estrangelo Nisibin Outline', style='normal', variant='normal', weight=400, stretch='normal', size='scalable')) = 10.05
DEBUG:matplotlib.font_manager:findfont: score(FontEntry(fname='/usr/share/fonts/TTF/IosevkaTermNerdFontPropo-HeavyItalic.ttf', name='IosevkaTerm NFP', style='italic', variant='normal', weight=900, stretch='normal', size='scalable')) = 11.525
DEBUG:matplotlib.font_manager:findfont: score(FontEntry(fname='/usr/share/fonts/TTF/IosevkaTermNerdFontPropo-SemiBoldOblique.ttf', name='IosevkaTerm NFP', style='oblique', variant='normal', weight=600, stretch='normal', size='scalable')) = 11.24
DEBUG:matplotlib.font_manager:findfont: score(FontEntry(fname='/usr/share/fonts/TTF/IosevkaNerdFontMono-Light.ttf', name='Iosevka NFM', style='normal', variant='normal', weight=300, stretch='normal', size='scalable')) = 10.145
DEBUG:matplotlib.font_manager:findfont: score(FontEntry(fname='/usr/share/fonts/TTF/InconsolataNerdFontMono-Bold.ttf', name='Inconsolata Nerd Font Mono', style='normal', variant='normal', weight=700, stretch='normal', size='scalable')) = 10.335
DEBUG:matplotlib.font_manager:findfont: score(FontEntry(fname='/usr/share/fonts/TTF/JetBrainsMonoNLNerdFont-ExtraLightItalic.ttf', name='JetBrainsMonoNL NF', style='italic', variant='normal', weight=200, stretch='normal', size='scalable')) = 11.24
DEBUG:matplotlib.font_manager:findfont: score(FontEntry(fname='/usr/share/fonts/TTF/InconsolataNerdFontPropo-Bold.ttf', name='Inconsolata Nerd Font Propo', style='normal', variant='normal', weight=700, stretch='normal', size='scalable')) = 10.335
DEBUG:matplotlib.font_manager:findfont: score(FontEntry(fname='/usr/share/fonts/TTF/JetBrainsMono-Regular.ttf', name='JetBrains Mono', style='normal', variant='normal', weight=400, stretch='normal', size='scalable')) = 10.05
DEBUG:matplotlib.font_manager:findfont: score(FontEntry(fname='/usr/share/fonts/TTF/IosevkaNerdFontMono-Regular.ttf', name='Iosevka NFM', style='normal', variant='normal', weight=400, stretch='normal', size='scalable')) = 10.05
DEBUG:matplotlib.font_manager:findfont: score(FontEntry(fname='/usr/share/fonts/liberation/LiberationMono-Bold.ttf', name='Liberation Mono', style='normal', variant='normal', weight=700, stretch='normal', size='scalable')) = 10.335
DEBUG:matplotlib.font_manager:findfont: score(FontEntry(fname='/usr/share/fonts/gnu-free/FreeSansBoldOblique.otf', name='FreeSans', style='oblique', variant='normal', weight=600, stretch='normal', size='scalable')) = 11.24
DEBUG:matplotlib.font_manager:findfont: score(FontEntry(fname='/usr/share/fonts/TTF/JetBrainsMonoNLNerdFont-BoldItalic.ttf', name='JetBrainsMonoNL NF', style='italic', variant='normal', weight=700, stretch='normal', size='scalable')) = 11.335
DEBUG:matplotlib.font_manager:findfont: score(FontEntry(fname='/usr/share/fonts/TTF/JetBrainsMonoNLNerdFont-Medium.ttf', name='JetBrainsMonoNL NF', style='normal', variant='normal', weight=500, stretch='normal', size='scalable')) = 10.145
DEBUG:matplotlib.font_manager:findfont: score(FontEntry(fname='/usr/share/fonts/TTF/JetBrainsMonoNLNerdFontPropo-Regular.ttf', name='JetBrainsMonoNL NFP', style='normal', variant='normal', weight=400, stretch='normal', size='scalable')) = 10.05
DEBUG:matplotlib.font_manager:findfont: score(FontEntry(fname='/usr/share/fonts/TTF/IosevkaTermNerdFont-BoldItalic.ttf', name='IosevkaTerm NF', style='italic', variant='normal', weight=700, stretch='normal', size='scalable')) = 11.335
DEBUG:matplotlib.font_manager:findfont: score(FontEntry(fname='/usr/share/fonts/gsfonts/P052-BoldItalic.otf', name='P052', style='italic', variant='normal', weight=700, stretch='normal', size='scalable')) = 11.335
DEBUG:matplotlib.font_manager:findfont: score(FontEntry(fname='/usr/share/fonts/TTF/IosevkaTermNerdFontMono-SemiBoldItalic.ttf', name='IosevkaTerm NFM', style='italic', variant='normal', weight=600, stretch='normal', size='scalable')) = 11.24
DEBUG:matplotlib.font_manager:findfont: score(FontEntry(fname='/usr/share/fonts/TTF/IosevkaTermNerdFont-LightItalic.ttf', name='IosevkaTerm NF', style='italic', variant='normal', weight=300, stretch='normal', size='scalable')) = 11.145
DEBUG:matplotlib.font_manager:findfont: score(FontEntry(fname='/usr/share/fonts/TTF/IosevkaTermNerdFontMono-ThinOblique.ttf', name='IosevkaTerm NFM', style='oblique', variant='normal', weight=100, stretch='normal', size='scalable')) = 11.335
DEBUG:matplotlib.font_manager:findfont: score(FontEntry(fname='/usr/share/fonts/TTF/IosevkaNerdFontMono-Bold.ttf', name='Iosevka NFM', style='normal', variant='normal', weight=700, stretch='normal', size='scalable')) = 10.335
DEBUG:matplotlib.font_manager:findfont: score(FontEntry(fname='/usr/share/fonts/TTF/JetBrainsMonoNLNerdFontMono-Regular.ttf', name='JetBrainsMonoNL NFM', style='normal', variant='normal', weight=400, stretch='normal', size='scalable')) = 10.05
DEBUG:matplotlib.font_manager:findfont: score(FontEntry(fname='/usr/share/fonts/TTF/IosevkaTermNerdFont-ExtraBoldOblique.ttf', name='IosevkaTerm NF', style='oblique', variant='normal', weight=800, stretch='normal', size='scalable')) = 11.43
DEBUG:matplotlib.font_manager:findfont: score(FontEntry(fname='/usr/share/fonts/TTF/JetBrainsMonoNLNerdFont-Bold.ttf', name='JetBrainsMonoNL NF', style='normal', variant='normal', weight=700, stretch='normal', size='scalable')) = 10.335
DEBUG:matplotlib.font_manager:findfont: score(FontEntry(fname='/usr/share/fonts/Unifont/Unifont_jp.ttf', name='Unifont-JP', style='normal', variant='normal', weight=500, stretch='normal', size='scalable')) = 10.145
DEBUG:matplotlib.font_manager:findfont: score(FontEntry(fname='/usr/share/fonts/liberation/LiberationSerif-Regular.ttf', name='Liberation Serif', style='normal', variant='normal', weight=400, stretch='normal', size='scalable')) = 10.05
DEBUG:matplotlib.font_manager:findfont: score(FontEntry(fname='/usr/share/fonts/TTF/JetBrainsMonoNL-ExtraBoldItalic.ttf', name='JetBrains Mono NL', style='italic', variant='normal', weight=800, stretch='normal', size='scalable')) = 11.43
DEBUG:matplotlib.font_manager:findfont: score(FontEntry(fname='/usr/share/fonts/OTF/SyrCOMBatnanBold.otf', name='Serto Batnan', style='normal', variant='normal', weight=700, stretch='normal', size='scalable')) = 10.335
DEBUG:matplotlib.font_manager:findfont: score(FontEntry(fname='/home/joseph/.fonts/MapleMono-Light.ttf', name='Maple Mono', style='normal', variant='normal', weight=300, stretch='normal', size='scalable')) = 10.145
DEBUG:matplotlib.font_manager:findfont: score(FontEntry(fname='/usr/share/fonts/TTF/IosevkaTermNerdFontPropo-SemiBoldItalic.ttf', name='IosevkaTerm NFP', style='italic', variant='normal', weight=600, stretch='normal', size='scalable')) = 11.24
DEBUG:matplotlib.font_manager:findfont: score(FontEntry(fname='/usr/share/fonts/ttf-maple/MapleMono-SC-NF-Light.ttf', name='Maple Mono SC NF', style='normal', variant='normal', weight=300, stretch='normal', size='scalable')) = 10.145
DEBUG:matplotlib.font_manager:findfont: score(FontEntry(fname='/usr/share/fonts/OTF/SyrCOMNisibin.otf', name='Estrangelo Nisibin', style='normal', variant='normal', weight=400, stretch='normal', size='scalable')) = 10.05
DEBUG:matplotlib.font_manager:findfont: score(FontEntry(fname='/home/joseph/.local/share/fonts/Icomoon-Feather.ttf', name='feather', style='normal', variant='normal', weight=400, stretch='normal', size='scalable')) = 10.05
DEBUG:matplotlib.font_manager:findfont: score(FontEntry(fname='/usr/share/fonts/TTF/JetBrainsMonoNL-SemiBold.ttf', name='JetBrains Mono NL', style='normal', variant='normal', weight=600, stretch='normal', size='scalable')) = 10.24
DEBUG:matplotlib.font_manager:findfont: score(FontEntry(fname='/usr/share/fonts/TTF/IosevkaNerdFontMono-ExtraLight.ttf', name='Iosevka NFM', style='normal', variant='normal', weight=200, stretch='normal', size='scalable')) = 10.24
DEBUG:matplotlib.font_manager:findfont: score(FontEntry(fname='/usr/share/fonts/TTF/IosevkaTermNerdFontMono-LightItalic.ttf', name='IosevkaTerm NFM', style='italic', variant='normal', weight=300, stretch='normal', size='scalable')) = 11.145
DEBUG:matplotlib.font_manager:findfont: score(FontEntry(fname='/usr/share/fonts/TTF/JetBrainsMonoNLNerdFontMono-MediumItalic.ttf', name='JetBrainsMonoNL NFM', style='italic', variant='normal', weight=500, stretch='normal', size='scalable')) = 11.145
DEBUG:matplotlib.font_manager:findfont: score(FontEntry(fname='/usr/share/fonts/TTF/IosevkaNerdFont-SemiBoldOblique.ttf', name='Iosevka NF', style='oblique', variant='normal', weight=600, stretch='normal', size='scalable')) = 11.24
DEBUG:matplotlib.font_manager:findfont: score(FontEntry(fname='/usr/share/fonts/TTF/JetBrainsMonoNLNerdFontMono-Bold.ttf', name='JetBrainsMonoNL NFM', style='normal', variant='normal', weight=700, stretch='normal', size='scalable')) = 10.335
DEBUG:matplotlib.font_manager:findfont: score(FontEntry(fname='/home/joseph/.fonts/MapleMono-Regular.ttf', name='Maple Mono', style='normal', variant='normal', weight=400, stretch='normal', size='scalable')) = 10.05
DEBUG:matplotlib.font_manager:findfont: score(FontEntry(fname='/usr/share/fonts/TTF/IosevkaNerdFontPropo-BoldOblique.ttf', name='Iosevka NFP', style='oblique', variant='normal', weight=700, stretch='normal', size='scalable')) = 11.335
DEBUG:matplotlib.font_manager:findfont: score(FontEntry(fname='/usr/share/fonts/TTF/Roboto-BoldItalic.ttf', name='Roboto', style='italic', variant='normal', weight=700, stretch='normal', size='scalable')) = 11.335
DEBUG:matplotlib.font_manager:findfont: score(FontEntry(fname='/usr/share/fonts/TTF/IosevkaNerdFontPropo-Medium.ttf', name='Iosevka NFP', style='normal', variant='normal', weight=500, stretch='normal', size='scalable')) = 10.145
DEBUG:matplotlib.font_manager:findfont: score(FontEntry(fname='/usr/share/fonts/liberation/LiberationSans-Italic.ttf', name='Liberation Sans', style='italic', variant='normal', weight=400, stretch='normal', size='scalable')) = 11.05
DEBUG:matplotlib.font_manager:findfont: score(FontEntry(fname='/home/joseph/.fonts/Ubuntu.ttf', name='Ubuntu', style='normal', variant='normal', weight=400, stretch='normal', size='scalable')) = 10.05
DEBUG:matplotlib.font_manager:findfont: score(FontEntry(fname='/usr/share/fonts/TTF/JetBrainsMonoNLNerdFont-SemiBold.ttf', name='JetBrainsMonoNL NF', style='normal', variant='normal', weight=600, stretch='normal', size='scalable')) = 10.24
DEBUG:matplotlib.font_manager:findfont: score(FontEntry(fname='/usr/share/fonts/TTF/IosevkaNerdFontPropo-ExtraBold.ttf', name='Iosevka NFP', style='normal', variant='normal', weight=800, stretch='normal', size='scalable')) = 10.43
DEBUG:matplotlib.font_manager:findfont: score(FontEntry(fname='/usr/share/fonts/TTF/JetBrainsMono-Italic.ttf', name='JetBrains Mono', style='italic', variant='normal', weight=400, stretch='normal', size='scalable')) = 11.05
DEBUG:matplotlib.font_manager:findfont: score(FontEntry(fname='/usr/share/fonts/TTF/JetBrainsMonoNLNerdFontPropo-LightItalic.ttf', name='JetBrainsMonoNL NFP', style='italic', variant='normal', weight=300, stretch='normal', size='scalable')) = 11.145
DEBUG:matplotlib.font_manager:findfont: score(FontEntry(fname='/usr/share/fonts/TTF/InconsolataNerdFontMono-Regular.ttf', name='Inconsolata Nerd Font Mono', style='normal', variant='normal', weight=400, stretch='normal', size='scalable')) = 10.05
DEBUG:matplotlib.font_manager:findfont: score(FontEntry(fname='/usr/share/fonts/TTF/JetBrainsMonoNerdFontMono-MediumItalic.ttf', name='JetBrainsMono NFM', style='italic', variant='normal', weight=500, stretch='normal', size='scalable')) = 11.145
DEBUG:matplotlib.font_manager:findfont: score(FontEntry(fname='/usr/share/fonts/adobe-source-code-pro/SourceCodePro-SemiboldIt.otf', name='Source Code Pro', style='italic', variant='normal', weight=600, stretch='normal', size='scalable')) = 11.24
DEBUG:matplotlib.font_manager:findfont: score(FontEntry(fname='/usr/share/fonts/gnu-free/FreeSerifItalic.otf', name='FreeSerif', style='italic', variant='normal', weight=400, stretch='normal', size='scalable')) = 11.05
DEBUG:matplotlib.font_manager:findfont: score(FontEntry(fname='/usr/share/fonts/adobe-source-code-pro/SourceCodePro-Light.otf', name='Source Code Pro', style='normal', variant='normal', weight=300, stretch='normal', size='scalable')) = 10.145
DEBUG:matplotlib.font_manager:findfont: score(FontEntry(fname='/usr/share/fonts/gsfonts/URWBookman-Light.otf', name='URW Bookman', style='normal', variant='normal', weight=300, stretch='normal', size='scalable')) = 10.145
DEBUG:matplotlib.font_manager:findfont: score(FontEntry(fname='/usr/share/fonts/gsfonts/P052-Roman.otf', name='P052', style='normal', variant='normal', weight=400, stretch='normal', size='scalable')) = 10.05
DEBUG:matplotlib.font_manager:findfont: score(FontEntry(fname='/usr/share/fonts/TTF/Roboto-LightItalic.ttf', name='Roboto', style='italic', variant='normal', weight=300, stretch='normal', size='scalable')) = 11.145
DEBUG:matplotlib.font_manager:findfont: score(FontEntry(fname='/usr/share/fonts/TTF/JetBrainsMonoNLNerdFontMono-ExtraBoldItalic.ttf', name='JetBrainsMonoNL NFM', style='italic', variant='normal', weight=800, stretch='normal', size='scalable')) = 11.43
DEBUG:matplotlib.font_manager:findfont: score(FontEntry(fname='/usr/share/fonts/gsfonts/C059-Bold.otf', name='C059', style='normal', variant='normal', weight=700, stretch='normal', size='scalable')) = 10.335
DEBUG:matplotlib.font_manager:findfont: score(FontEntry(fname='/usr/share/fonts/TTF/JetBrainsMonoNLNerdFontPropo-Italic.ttf', name='JetBrainsMonoNL NFP', style='italic', variant='normal', weight=400, stretch='normal', size='scalable')) = 11.05
DEBUG:matplotlib.font_manager:findfont: score(FontEntry(fname='/usr/share/fonts/TTF/JetBrainsMonoNLNerdFontMono-LightItalic.ttf', name='JetBrainsMonoNL NFM', style='italic', variant='normal', weight=300, stretch='normal', size='scalable')) = 11.145
DEBUG:matplotlib.font_manager:findfont: score(FontEntry(fname='/usr/share/fonts/gsfonts/NimbusRoman-BoldItalic.otf', name='Nimbus Roman', style='italic', variant='normal', weight=700, stretch='normal', size='scalable')) = 11.335
DEBUG:matplotlib.font_manager:findfont: score(FontEntry(fname='/usr/share/fonts/TTF/IosevkaNerdFont-Italic.ttf', name='Iosevka NF', style='italic', variant='normal', weight=400, stretch='normal', size='scalable')) = 11.05
DEBUG:matplotlib.font_manager:findfont: score(FontEntry(fname='/usr/share/fonts/TTF/IosevkaNerdFontMono-SemiBoldItalic.ttf', name='Iosevka NFM', style='italic', variant='normal', weight=600, stretch='normal', size='scalable')) = 11.24
DEBUG:matplotlib.font_manager:findfont: score(FontEntry(fname='/usr/share/fonts/ttf-maple/MapleMono-NF-Regular.ttf', name='Maple Mono NF', style='normal', variant='normal', weight=400, stretch='normal', size='scalable')) = 10.05
DEBUG:matplotlib.font_manager:findfont: score(FontEntry(fname='/usr/share/fonts/TTF/IosevkaNerdFont-HeavyItalic.ttf', name='Iosevka NF', style='italic', variant='normal', weight=900, stretch='normal', size='scalable')) = 11.525
DEBUG:matplotlib.font_manager:findfont: score(FontEntry(fname='/usr/share/fonts/TTF/RobotoCondensed-LightItalic.ttf', name='Roboto Condensed', style='italic', variant='normal', weight=300, stretch='condensed', size='scalable')) = 11.344999999999999
DEBUG:matplotlib.font_manager:findfont: score(FontEntry(fname='/usr/share/fonts/gnu-free/FreeSansOblique.otf', name='FreeSans', style='oblique', variant='normal', weight=400, stretch='normal', size='scalable')) = 11.05
DEBUG:matplotlib.font_manager:findfont: score(FontEntry(fname='/usr/share/fonts/gsfonts/NimbusSans-Regular.otf', name='Nimbus Sans', style='normal', variant='normal', weight=400, stretch='normal', size='scalable')) = 10.05
DEBUG:matplotlib.font_manager:findfont: score(FontEntry(fname='/usr/share/fonts/TTF/IosevkaTermNerdFont-Heavy.ttf', name='IosevkaTerm NF', style='normal', variant='normal', weight=900, stretch='normal', size='scalable')) = 10.525
DEBUG:matplotlib.font_manager:findfont: score(FontEntry(fname='/usr/share/fonts/TTF/IosevkaNerdFontPropo-ExtraLightOblique.ttf', name='Iosevka NFP', style='oblique', variant='normal', weight=200, stretch='normal', size='scalable')) = 11.24
DEBUG:matplotlib.font_manager:findfont: score(FontEntry(fname='/usr/share/fonts/TTF/RobotoCondensed-Italic.ttf', name='Roboto Condensed', style='italic', variant='normal', weight=400, stretch='condensed', size='scalable')) = 11.25
DEBUG:matplotlib.font_manager:findfont: score(FontEntry(fname='/usr/share/fonts/TTF/IosevkaNerdFontMono-ThinOblique.ttf', name='Iosevka NFM', style='oblique', variant='normal', weight=100, stretch='normal', size='scalable')) = 11.335
DEBUG:matplotlib.font_manager:findfont: score(FontEntry(fname='/usr/share/fonts/TTF/IosevkaNerdFont-SemiBold.ttf', name='Iosevka NF', style='normal', variant='normal', weight=600, stretch='normal', size='scalable')) = 10.24
DEBUG:matplotlib.font_manager:findfont: score(FontEntry(fname='/usr/share/fonts/TTF/JetBrainsMonoNerdFontMono-Bold.ttf', name='JetBrainsMono NFM', style='normal', variant='normal', weight=700, stretch='normal', size='scalable')) = 10.335
DEBUG:matplotlib.font_manager:findfont: score(FontEntry(fname='/usr/share/fonts/gsfonts/NimbusSans-Italic.otf', name='Nimbus Sans', style='italic', variant='normal', weight=400, stretch='normal', size='scalable')) = 11.05
DEBUG:matplotlib.font_manager:findfont: score(FontEntry(fname='/usr/share/fonts/TTF/JetBrainsMonoNLNerdFontPropo-Thin.ttf', name='JetBrainsMonoNL NFP', style='normal', variant='normal', weight=100, stretch='normal', size='scalable')) = 10.335
DEBUG:matplotlib.font_manager:findfont: score(FontEntry(fname='/usr/share/fonts/TTF/JetBrainsMonoNL-ThinItalic.ttf', name='JetBrains Mono NL', style='italic', variant='normal', weight=100, stretch='normal', size='scalable')) = 11.335
DEBUG:matplotlib.font_manager:findfont: score(FontEntry(fname='/usr/share/fonts/TTF/IosevkaTermNerdFontMono-LightOblique.ttf', name='IosevkaTerm NFM', style='oblique', variant='normal', weight=300, stretch='normal', size='scalable')) = 11.145
DEBUG:matplotlib.font_manager:findfont: score(FontEntry(fname='/usr/share/fonts/TTF/JetBrainsMonoNerdFont-MediumItalic.ttf', name='JetBrainsMono NF', style='italic', variant='normal', weight=500, stretch='normal', size='scalable')) = 11.145
DEBUG:matplotlib.font_manager:findfont: score(FontEntry(fname='/usr/share/fonts/TTF/IosevkaNerdFontPropo-BoldItalic.ttf', name='Iosevka NFP', style='italic', variant='normal', weight=700, stretch='normal', size='scalable')) = 11.335
DEBUG:matplotlib.font_manager:findfont: score(FontEntry(fname='/usr/share/fonts/TTF/JetBrainsMonoNL-ExtraLight.ttf', name='JetBrains Mono NL', style='normal', variant='normal', weight=200, stretch='normal', size='scalable')) = 10.24
DEBUG:matplotlib.font_manager:findfont: score(FontEntry(fname='/home/joseph/.fonts/MapleMono-SC-NF-LightItalic.ttf', name='Maple Mono SC NF', style='italic', variant='normal', weight=300, stretch='normal', size='scalable')) = 11.145
DEBUG:matplotlib.font_manager:findfont: score(FontEntry(fname='/usr/share/fonts/TTF/JetBrainsMonoNerdFont-LightItalic.ttf', name='JetBrainsMono NF', style='italic', variant='normal', weight=300, stretch='normal', size='scalable')) = 11.145
DEBUG:matplotlib.font_manager:findfont: score(FontEntry(fname='/usr/share/fonts/adobe-source-code-pro/SourceCodePro-MediumIt.otf', name='Source Code Pro', style='italic', variant='normal', weight=500, stretch='normal', size='scalable')) = 11.145
DEBUG:matplotlib.font_manager:findfont: score(FontEntry(fname='/usr/share/fonts/TTF/JetBrainsMonoNerdFont-ExtraBoldItalic.ttf', name='JetBrainsMono NF', style='italic', variant='normal', weight=800, stretch='normal', size='scalable')) = 11.43
DEBUG:matplotlib.font_manager:findfont: score(FontEntry(fname='/usr/share/fonts/TTF/JetBrainsMonoNLNerdFont-Regular.ttf', name='JetBrainsMonoNL NF', style='normal', variant='normal', weight=400, stretch='normal', size='scalable')) = 10.05
DEBUG:matplotlib.font_manager:findfont: score(FontEntry(fname='/usr/share/fonts/TTF/IosevkaTermNerdFontPropo-Light.ttf', name='IosevkaTerm NFP', style='normal', variant='normal', weight=300, stretch='normal', size='scalable')) = 10.145
DEBUG:matplotlib.font_manager:findfont: score(FontEntry(fname='/usr/share/fonts/TTF/IosevkaNerdFontMono-Oblique.ttf', name='Iosevka NFM', style='oblique', variant='normal', weight=400, stretch='normal', size='scalable')) = 11.05
DEBUG:matplotlib.font_manager:findfont: score(FontEntry(fname='/usr/share/fonts/TTF/IosevkaNerdFontMono-ExtraBoldItalic.ttf', name='Iosevka NFM', style='italic', variant='normal', weight=800, stretch='normal', size='scalable')) = 11.43
DEBUG:matplotlib.font_manager:findfont: score(FontEntry(fname='/usr/share/fonts/TTF/JetBrainsMonoNerdFontPropo-ExtraBold.ttf', name='JetBrainsMono NFP', style='normal', variant='normal', weight=800, stretch='normal', size='scalable')) = 10.43
DEBUG:matplotlib.font_manager:findfont: score(FontEntry(fname='/usr/share/fonts/TTF/IosevkaTermNerdFontPropo-Medium.ttf', name='IosevkaTerm NFP', style='normal', variant='normal', weight=500, stretch='normal', size='scalable')) = 10.145
DEBUG:matplotlib.font_manager:findfont: score(FontEntry(fname='/usr/share/fonts/TTF/IosevkaNerdFont-Bold.ttf', name='Iosevka NF', style='normal', variant='normal', weight=700, stretch='normal', size='scalable')) = 10.335
DEBUG:matplotlib.font_manager:findfont: score(FontEntry(fname='/usr/share/fonts/TTF/IosevkaNerdFontMono-Italic.ttf', name='Iosevka NFM', style='italic', variant='normal', weight=400, stretch='normal', size='scalable')) = 11.05
DEBUG:matplotlib.font_manager:findfont: score(FontEntry(fname='/usr/share/fonts/TTF/JetBrainsMonoNLNerdFont-LightItalic.ttf', name='JetBrainsMonoNL NF', style='italic', variant='normal', weight=300, stretch='normal', size='scalable')) = 11.145
DEBUG:matplotlib.font_manager:findfont: score(FontEntry(fname='/usr/share/fonts/TTF/JetBrainsMonoNerdFontPropo-Bold.ttf', name='JetBrainsMono NFP', style='normal', variant='normal', weight=700, stretch='normal', size='scalable')) = 10.335
DEBUG:matplotlib.font_manager:findfont: score(FontEntry(fname='/usr/share/fonts/TTF/IosevkaTermNerdFontMono-MediumItalic.ttf', name='IosevkaTerm NFM', style='italic', variant='normal', weight=500, stretch='normal', size='scalable')) = 11.145
DEBUG:matplotlib.font_manager:findfont: score(FontEntry(fname='/usr/share/fonts/TTF/JetBrainsMonoNerdFontMono-ExtraLightItalic.ttf', name='JetBrainsMono NFM', style='italic', variant='normal', weight=200, stretch='normal', size='scalable')) = 11.24
DEBUG:matplotlib.font_manager:findfont: score(FontEntry(fname='/usr/share/fonts/TTF/JetBrainsMonoNLNerdFontPropo-SemiBold.ttf', name='JetBrainsMonoNL NFP', style='normal', variant='normal', weight=600, stretch='normal', size='scalable')) = 10.24
DEBUG:matplotlib.font_manager:findfont: score(FontEntry(fname='/usr/share/fonts/TTF/JetBrainsMonoNLNerdFontMono-BoldItalic.ttf', name='JetBrainsMonoNL NFM', style='italic', variant='normal', weight=700, stretch='normal', size='scalable')) = 11.335
DEBUG:matplotlib.font_manager:findfont: score(FontEntry(fname='/usr/share/fonts/gsfonts/C059-Roman.otf', name='C059', style='normal', variant='normal', weight=400, stretch='normal', size='scalable')) = 10.05
DEBUG:matplotlib.font_manager:findfont: score(FontEntry(fname='/usr/share/fonts/TTF/IosevkaNerdFont-ExtraLightItalic.ttf', name='Iosevka NF', style='italic', variant='normal', weight=200, stretch='normal', size='scalable')) = 11.24
DEBUG:matplotlib.font_manager:findfont: score(FontEntry(fname='/usr/share/fonts/TTF/JetBrainsMono-ExtraLight.ttf', name='JetBrains Mono', style='normal', variant='normal', weight=200, stretch='normal', size='scalable')) = 10.24
DEBUG:matplotlib.font_manager:findfont: score(FontEntry(fname='/usr/share/fonts/gnu-free/FreeSerif.otf', name='FreeSerif', style='normal', variant='normal', weight=400, stretch='normal', size='scalable')) = 10.05
DEBUG:matplotlib.font_manager:findfont: score(FontEntry(fname='/usr/share/fonts/gnu-free/FreeSans.otf', name='FreeSans', style='normal', variant='normal', weight=400, stretch='normal', size='scalable')) = 10.05
DEBUG:matplotlib.font_manager:findfont: score(FontEntry(fname='/usr/share/fonts/TTF/JetBrainsMonoNLNerdFont-SemiBoldItalic.ttf', name='JetBrainsMonoNL NF', style='italic', variant='normal', weight=600, stretch='normal', size='scalable')) = 11.24
DEBUG:matplotlib.font_manager:findfont: score(FontEntry(fname='/usr/share/fonts/TTF/JetBrainsMonoNerdFontPropo-Medium.ttf', name='JetBrainsMono NFP', style='normal', variant='normal', weight=500, stretch='normal', size='scalable')) = 10.145
DEBUG:matplotlib.font_manager:findfont: score(FontEntry(fname='/usr/share/fonts/OTF/SyrCOMMalankara.otf', name='Serto Malankara', style='normal', variant='normal', weight=400, stretch='normal', size='scalable')) = 10.05
DEBUG:matplotlib.font_manager:findfont: score(FontEntry(fname='/usr/share/fonts/TTF/JetBrainsMonoNerdFont-Italic.ttf', name='JetBrainsMono NF', style='italic', variant='normal', weight=400, stretch='normal', size='scalable')) = 11.05
DEBUG:matplotlib.font_manager:findfont: score(FontEntry(fname='/usr/share/fonts/TTF/JetBrainsMonoNerdFontMono-Regular.ttf', name='JetBrainsMono NFM', style='normal', variant='normal', weight=400, stretch='normal', size='scalable')) = 10.05
DEBUG:matplotlib.font_manager:findfont: score(FontEntry(fname='/usr/share/fonts/TTF/JetBrainsMonoNerdFontPropo-LightItalic.ttf', name='JetBrainsMono NFP', style='italic', variant='normal', weight=300, stretch='normal', size='scalable')) = 11.145
DEBUG:matplotlib.font_manager:findfont: score(FontEntry(fname='/usr/share/fonts/adobe-source-code-pro/SourceCodePro-ExtraLight.otf', name='Source Code Pro', style='normal', variant='normal', weight=200, stretch='normal', size='scalable')) = 10.24
DEBUG:matplotlib.font_manager:findfont: score(FontEntry(fname='/home/joseph/.fonts/AvantGarde_LT_Medium.ttf', name='AvantGarde LT Medium', style='normal', variant='normal', weight=500, stretch='normal', size='scalable')) = 10.145
DEBUG:matplotlib.font_manager:findfont: score(FontEntry(fname='/usr/share/fonts/TTF/InconsolataNerdFont-Bold.ttf', name='Inconsolata Nerd Font', style='normal', variant='normal', weight=700, stretch='normal', size='scalable')) = 10.335
DEBUG:matplotlib.font_manager:findfont: score(FontEntry(fname='/home/joseph/.fonts/MapleMono-NF-Regular.ttf', name='Maple Mono NF', style='normal', variant='normal', weight=400, stretch='normal', size='scalable')) = 10.05
DEBUG:matplotlib.font_manager:findfont: score(FontEntry(fname='/usr/share/fonts/TTF/Roboto-BlackItalic.ttf', name='Roboto', style='italic', variant='normal', weight=900, stretch='normal', size='scalable')) = 11.525
DEBUG:matplotlib.font_manager:findfont: score(FontEntry(fname='/usr/share/fonts/TTF/Roboto-Black.ttf', name='Roboto', style='normal', variant='normal', weight=900, stretch='normal', size='scalable')) = 10.525
DEBUG:matplotlib.font_manager:findfont: score(FontEntry(fname='/usr/share/fonts/TTF/JetBrainsMonoNerdFontPropo-ExtraBoldItalic.ttf', name='JetBrainsMono NFP', style='italic', variant='normal', weight=800, stretch='normal', size='scalable')) = 11.43
DEBUG:matplotlib.font_manager:findfont: score(FontEntry(fname='/usr/share/fonts/TTF/Roboto-Bold.ttf', name='Roboto', style='normal', variant='normal', weight=700, stretch='normal', size='scalable')) = 10.335
DEBUG:matplotlib.font_manager:findfont: score(FontEntry(fname='/usr/share/fonts/TTF/JetBrainsMonoNLNerdFont-ExtraBold.ttf', name='JetBrainsMonoNL NF', style='normal', variant='normal', weight=800, stretch='normal', size='scalable')) = 10.43
DEBUG:matplotlib.font_manager:findfont: score(FontEntry(fname='/usr/share/fonts/TTF/IosevkaNerdFontMono-BoldOblique.ttf', name='Iosevka NFM', style='oblique', variant='normal', weight=700, stretch='normal', size='scalable')) = 11.335
DEBUG:matplotlib.font_manager:findfont: score(FontEntry(fname='/usr/share/fonts/TTF/JetBrainsMonoNL-Light.ttf', name='JetBrains Mono NL', style='normal', variant='normal', weight=300, stretch='normal', size='scalable')) = 10.145
DEBUG:matplotlib.font_manager:findfont: score(FontEntry(fname='/usr/share/fonts/TTF/JetBrainsMonoNL-BoldItalic.ttf', name='JetBrains Mono NL', style='italic', variant='normal', weight=700, stretch='normal', size='scalable')) = 11.335
DEBUG:matplotlib.font_manager:findfont: score(FontEntry(fname='/usr/share/fonts/TTF/InconsolataNerdFont-Regular.ttf', name='Inconsolata Nerd Font', style='normal', variant='normal', weight=400, stretch='normal', size='scalable')) = 10.05
DEBUG:matplotlib.font_manager:findfont: score(FontEntry(fname='/usr/share/fonts/gsfonts/NimbusSansNarrow-BoldOblique.otf', name='Nimbus Sans Narrow', style='oblique', variant='normal', weight=700, stretch='condensed', size='scalable')) = 11.535
DEBUG:matplotlib.font_manager:findfont: score(FontEntry(fname='/usr/share/fonts/TTF/IosevkaTermNerdFont-ThinItalic.ttf', name='IosevkaTerm NF', style='italic', variant='normal', weight=100, stretch='normal', size='scalable')) = 11.335
DEBUG:matplotlib.font_manager:findfont: score(FontEntry(fname='/usr/share/fonts/OTF/SyrCOMBatnan.otf', name='Serto Batnan', style='normal', variant='normal', weight=400, stretch='normal', size='scalable')) = 10.05
DEBUG:matplotlib.font_manager:findfont: score(FontEntry(fname='/usr/share/fonts/TTF/IosevkaNerdFont-Thin.ttf', name='Iosevka NF', style='normal', variant='normal', weight=100, stretch='normal', size='scalable')) = 10.335
DEBUG:matplotlib.font_manager:findfont: score(FontEntry(fname='/usr/share/fonts/TTF/IosevkaNerdFontPropo-Oblique.ttf', name='Iosevka NFP', style='oblique', variant='normal', weight=400, stretch='normal', size='scalable')) = 11.05
DEBUG:matplotlib.font_manager:findfont: score(FontEntry(fname='/usr/share/fonts/ttf-maple/MapleMono-Italic.ttf', name='Maple Mono', style='italic', variant='normal', weight=400, stretch='normal', size='scalable')) = 11.05
DEBUG:matplotlib.font_manager:findfont: score(FontEntry(fname='/usr/share/fonts/TTF/JetBrainsMono-SemiBold.ttf', name='JetBrains Mono', style='normal', variant='normal', weight=600, stretch='normal', size='scalable')) = 10.24
DEBUG:matplotlib.font_manager:findfont: score(FontEntry(fname='/usr/share/fonts/TTF/JetBrainsMonoNerdFontPropo-SemiBoldItalic.ttf', name='JetBrainsMono NFP', style='italic', variant='normal', weight=600, stretch='normal', size='scalable')) = 11.24
DEBUG:matplotlib.font_manager:findfont: score(FontEntry(fname='/usr/share/fonts/TTF/JetBrainsMonoNerdFontMono-Italic.ttf', name='JetBrainsMono NFM', style='italic', variant='normal', weight=400, stretch='normal', size='scalable')) = 11.05
DEBUG:matplotlib.font_manager:findfont: score(FontEntry(fname='/usr/share/fonts/ttf-maple/MapleMono-NF-LightItalic.ttf', name='Maple Mono NF', style='italic', variant='normal', weight=300, stretch='normal', size='scalable')) = 11.145
DEBUG:matplotlib.font_manager:findfont: score(FontEntry(fname='/usr/share/fonts/TTF/IosevkaTermNerdFontPropo-Bold.ttf', name='IosevkaTerm NFP', style='normal', variant='normal', weight=700, stretch='normal', size='scalable')) = 10.335
DEBUG:matplotlib.font_manager:findfont: score(FontEntry(fname='/usr/share/fonts/TTF/IosevkaTermNerdFontMono-Regular.ttf', name='IosevkaTerm NFM', style='normal', variant='normal', weight=400, stretch='normal', size='scalable')) = 10.05
DEBUG:matplotlib.font_manager:findfont: score(FontEntry(fname='/usr/share/fonts/TTF/IosevkaTermNerdFont-BoldOblique.ttf', name='IosevkaTerm NF', style='oblique', variant='normal', weight=700, stretch='normal', size='scalable')) = 11.335
DEBUG:matplotlib.font_manager:findfont: score(FontEntry(fname='/usr/share/fonts/TTF/JetBrainsMonoNerdFontMono-SemiBold.ttf', name='JetBrainsMono NFM', style='normal', variant='normal', weight=600, stretch='normal', size='scalable')) = 10.24
DEBUG:matplotlib.font_manager:findfont: score(FontEntry(fname='/usr/share/fonts/TTF/IosevkaNerdFont-Medium.ttf', name='Iosevka NF', style='normal', variant='normal', weight=500, stretch='normal', size='scalable')) = 10.145
DEBUG:matplotlib.font_manager:findfont: score(FontEntry(fname='/usr/share/fonts/TTF/IosevkaTermNerdFontPropo-BoldOblique.ttf', name='IosevkaTerm NFP', style='oblique', variant='normal', weight=700, stretch='normal', size='scalable')) = 11.335
DEBUG:matplotlib.font_manager:findfont: score(FontEntry(fname='/usr/share/fonts/liberation/LiberationMono-BoldItalic.ttf', name='Liberation Mono', style='italic', variant='normal', weight=700, stretch='normal', size='scalable')) = 11.335
DEBUG:matplotlib.font_manager:findfont: score(FontEntry(fname='/usr/share/fonts/OTF/SyrCOMUrhoy.otf', name='Serto Urhoy', style='normal', variant='normal', weight=400, stretch='normal', size='scalable')) = 10.05
DEBUG:matplotlib.font_manager:findfont: score(FontEntry(fname='/usr/share/fonts/TTF/Unifont_CSUR.ttf', name='Unifont CSUR', style='normal', variant='normal', weight=500, stretch='normal', size='scalable')) = 10.145
DEBUG:matplotlib.font_manager:findfont: score(FontEntry(fname='/usr/share/fonts/TTF/JetBrainsMonoNerdFontPropo-ExtraLightItalic.ttf', name='JetBrainsMono NFP', style='italic', variant='normal', weight=200, stretch='normal', size='scalable')) = 11.24
DEBUG:matplotlib.font_manager:findfont: score(FontEntry(fname='/usr/share/fonts/TTF/JetBrainsMonoNerdFontPropo-MediumItalic.ttf', name='JetBrainsMono NFP', style='italic', variant='normal', weight=500, stretch='normal', size='scalable')) = 11.145
DEBUG:matplotlib.font_manager:findfont: score(FontEntry(fname='/usr/share/fonts/TTF/JetBrainsMonoNLNerdFontMono-Medium.ttf', name='JetBrainsMonoNL NFM', style='normal', variant='normal', weight=500, stretch='normal', size='scalable')) = 10.145
DEBUG:matplotlib.font_manager:findfont: score(FontEntry(fname='/usr/share/fonts/gsfonts/Z003-MediumItalic.otf', name='Z003', style='italic', variant='normal', weight=500, stretch='normal', size='scalable')) = 11.145
DEBUG:matplotlib.font_manager:findfont: score(FontEntry(fname='/usr/share/fonts/TTF/JetBrainsMonoNLNerdFontMono-Thin.ttf', name='JetBrainsMonoNL NFM', style='normal', variant='normal', weight=100, stretch='normal', size='scalable')) = 10.335
DEBUG:matplotlib.font_manager:findfont: score(FontEntry(fname='/usr/share/fonts/TTF/JetBrainsMonoNLNerdFont-ThinItalic.ttf', name='JetBrainsMonoNL NF', style='italic', variant='normal', weight=100, stretch='normal', size='scalable')) = 11.335
DEBUG:matplotlib.font_manager:findfont: score(FontEntry(fname='/usr/share/fonts/TTF/IosevkaTermNerdFontMono-HeavyItalic.ttf', name='IosevkaTerm NFM', style='italic', variant='normal', weight=900, stretch='normal', size='scalable')) = 11.525
DEBUG:matplotlib.font_manager:findfont: score(FontEntry(fname='/usr/share/fonts/TTF/JetBrainsMonoNLNerdFont-MediumItalic.ttf', name='JetBrainsMonoNL NF', style='italic', variant='normal', weight=500, stretch='normal', size='scalable')) = 11.145
DEBUG:matplotlib.font_manager:findfont: score(FontEntry(fname='/usr/share/fonts/OTF/SyrCOMEdessa.otf', name='Estrangelo Edessa', style='normal', variant='normal', weight=400, stretch='normal', size='scalable')) = 10.05
DEBUG:matplotlib.font_manager:findfont: score(FontEntry(fname='/usr/share/fonts/TTF/IosevkaNerdFontPropo-ExtraBoldItalic.ttf', name='Iosevka NFP', style='italic', variant='normal', weight=800, stretch='normal', size='scalable')) = 11.43
DEBUG:matplotlib.font_manager:findfont: score(FontEntry(fname='/usr/share/fonts/TTF/JetBrainsMono-MediumItalic.ttf', name='JetBrains Mono', style='italic', variant='normal', weight=500, stretch='normal', size='scalable')) = 11.145
DEBUG:matplotlib.font_manager:findfont: score(FontEntry(fname='/usr/share/fonts/TTF/IosevkaTermNerdFont-SemiBoldItalic.ttf', name='IosevkaTerm NF', style='italic', variant='normal', weight=600, stretch='normal', size='scalable')) = 11.24
DEBUG:matplotlib.font_manager:findfont: score(FontEntry(fname='/usr/share/fonts/TTF/JetBrainsMonoNerdFontMono-LightItalic.ttf', name='JetBrainsMono NFM', style='italic', variant='normal', weight=300, stretch='normal', size='scalable')) = 11.145
DEBUG:matplotlib.font_manager:findfont: score(FontEntry(fname='/usr/share/fonts/TTF/IosevkaTermNerdFont-Medium.ttf', name='IosevkaTerm NF', style='normal', variant='normal', weight=500, stretch='normal', size='scalable')) = 10.145
DEBUG:matplotlib.font_manager:findfont: score(FontEntry(fname='/usr/share/fonts/TTF/IosevkaNerdFontMono-ExtraLightOblique.ttf', name='Iosevka NFM', style='oblique', variant='normal', weight=200, stretch='normal', size='scalable')) = 11.24
DEBUG:matplotlib.font_manager:findfont: score(FontEntry(fname='/usr/share/fonts/TTF/IosevkaTermNerdFont-Italic.ttf', name='IosevkaTerm NF', style='italic', variant='normal', weight=400, stretch='normal', size='scalable')) = 11.05
DEBUG:matplotlib.font_manager:findfont: score(FontEntry(fname='/usr/share/fonts/TTF/IosevkaTermNerdFontMono-ExtraLightItalic.ttf', name='IosevkaTerm NFM', style='italic', variant='normal', weight=200, stretch='normal', size='scalable')) = 11.24
DEBUG:matplotlib.font_manager:findfont: score(FontEntry(fname='/usr/share/fonts/gsfonts/C059-BdIta.otf', name='C059', style='italic', variant='normal', weight=700, stretch='normal', size='scalable')) = 11.335
DEBUG:matplotlib.font_manager:findfont: score(FontEntry(fname='/usr/share/fonts/TTF/IosevkaNerdFontMono-ThinItalic.ttf', name='Iosevka NFM', style='italic', variant='normal', weight=100, stretch='normal', size='scalable')) = 11.335
DEBUG:matplotlib.font_manager:findfont: score(FontEntry(fname='/usr/share/fonts/TTF/JetBrainsMono-Bold.ttf', name='JetBrains Mono', style='normal', variant='normal', weight=700, stretch='normal', size='scalable')) = 10.335
DEBUG:matplotlib.font_manager:findfont: score(FontEntry(fname='/usr/share/fonts/OTF/SyrCOMAdiabene.otf', name='East Syriac Adiabene', style='normal', variant='normal', weight=400, stretch='normal', size='scalable')) = 10.05
DEBUG:matplotlib.font_manager:findfont: score(FontEntry(fname='/home/joseph/.fonts/MapleMono-SC-NF-Light.ttf', name='Maple Mono SC NF', style='normal', variant='normal', weight=300, stretch='normal', size='scalable')) = 10.145
DEBUG:matplotlib.font_manager:findfont: score(FontEntry(fname='/usr/share/fonts/TTF/IosevkaNerdFont-ThinOblique.ttf', name='Iosevka NF', style='oblique', variant='normal', weight=100, stretch='normal', size='scalable')) = 11.335
DEBUG:matplotlib.font_manager:findfont: score(FontEntry(fname='/usr/share/fonts/TTF/IosevkaNerdFontMono-HeavyOblique.ttf', name='Iosevka NFM', style='oblique', variant='normal', weight=900, stretch='normal', size='scalable')) = 11.525
DEBUG:matplotlib.font_manager:findfont: score(FontEntry(fname='/usr/share/fonts/TTF/IosevkaNerdFontPropo-Light.ttf', name='Iosevka NFP', style='normal', variant='normal', weight=300, stretch='normal', size='scalable')) = 10.145
DEBUG:matplotlib.font_manager:findfont: score(FontEntry(fname='/usr/share/fonts/TTF/JetBrainsMonoNLNerdFontPropo-SemiBoldItalic.ttf', name='JetBrainsMonoNL NFP', style='italic', variant='normal', weight=600, stretch='normal', size='scalable')) = 11.24
DEBUG:matplotlib.font_manager:findfont: score(FontEntry(fname='/usr/share/fonts/TTF/JetBrainsMonoNLNerdFontPropo-MediumItalic.ttf', name='JetBrainsMonoNL NFP', style='italic', variant='normal', weight=500, stretch='normal', size='scalable')) = 11.145
DEBUG:matplotlib.font_manager:findfont: score(FontEntry(fname='/usr/share/fonts/TTF/IosevkaNerdFontPropo-SemiBoldItalic.ttf', name='Iosevka NFP', style='italic', variant='normal', weight=600, stretch='normal', size='scalable')) = 11.24
DEBUG:matplotlib.font_manager:findfont: score(FontEntry(fname='/usr/share/fonts/Unifont/Unifont_Upper.ttf', name='Unifont Upper', style='normal', variant='normal', weight=500, stretch='normal', size='scalable')) = 10.145
DEBUG:matplotlib.font_manager:findfont: score(FontEntry(fname='/usr/share/fonts/TTF/JetBrainsMonoNerdFont-Light.ttf', name='JetBrainsMono NF', style='normal', variant='normal', weight=300, stretch='normal', size='scalable')) = 10.145
DEBUG:matplotlib.font_manager:findfont: score(FontEntry(fname='/usr/share/fonts/TTF/IosevkaTermNerdFontMono-Thin.ttf', name='IosevkaTerm NFM', style='normal', variant='normal', weight=100, stretch='normal', size='scalable')) = 10.335
DEBUG:matplotlib.font_manager:findfont: score(FontEntry(fname='/usr/share/fonts/gsfonts/NimbusSansNarrow-Regular.otf', name='Nimbus Sans Narrow', style='normal', variant='normal', weight=400, stretch='condensed', size='scalable')) = 10.25
DEBUG:matplotlib.font_manager:findfont: score(FontEntry(fname='/usr/share/fonts/gsfonts/URWGothic-BookOblique.otf', name='URW Gothic', style='oblique', variant='normal', weight=400, stretch='normal', size='scalable')) = 11.05
DEBUG:matplotlib.font_manager:findfont: score(FontEntry(fname='/usr/share/fonts/TTF/IosevkaTermNerdFontMono-ExtraBoldItalic.ttf', name='IosevkaTerm NFM', style='italic', variant='normal', weight=800, stretch='normal', size='scalable')) = 11.43
DEBUG:matplotlib.font_manager:findfont: score(FontEntry(fname='/usr/share/fonts/TTF/JetBrainsMonoNL-Bold.ttf', name='JetBrains Mono NL', style='normal', variant='normal', weight=700, stretch='normal', size='scalable')) = 10.335
DEBUG:matplotlib.font_manager:findfont: score(FontEntry(fname='/usr/share/fonts/TTF/IosevkaNerdFontPropo-HeavyItalic.ttf', name='Iosevka NFP', style='italic', variant='normal', weight=900, stretch='normal', size='scalable')) = 11.525
DEBUG:matplotlib.font_manager:findfont: score(FontEntry(fname='/usr/share/fonts/TTF/IosevkaTermNerdFontMono-MediumOblique.ttf', name='IosevkaTerm NFM', style='oblique', variant='normal', weight=500, stretch='normal', size='scalable')) = 11.145
DEBUG:matplotlib.font_manager:findfont: score(FontEntry(fname='/usr/share/fonts/TTF/IosevkaTermNerdFontPropo-Oblique.ttf', name='IosevkaTerm NFP', style='oblique', variant='normal', weight=400, stretch='normal', size='scalable')) = 11.05
DEBUG:matplotlib.font_manager:findfont: score(FontEntry(fname='/usr/share/fonts/adobe-source-code-pro/SourceCodePro-LightIt.otf', name='Source Code Pro', style='italic', variant='normal', weight=300, stretch='normal', size='scalable')) = 11.145
DEBUG:matplotlib.font_manager:findfont: score(FontEntry(fname='/usr/share/fonts/TTF/JetBrainsMono-ExtraBoldItalic.ttf', name='JetBrains Mono', style='italic', variant='normal', weight=800, stretch='normal', size='scalable')) = 11.43
DEBUG:matplotlib.font_manager:findfont: score(FontEntry(fname='/usr/share/fonts/TTF/IosevkaTermNerdFontPropo-ExtraBoldItalic.ttf', name='IosevkaTerm NFP', style='italic', variant='normal', weight=800, stretch='normal', size='scalable')) = 11.43
DEBUG:matplotlib.font_manager:findfont: score(FontEntry(fname='/usr/share/fonts/TTF/JetBrainsMonoNerdFontMono-ExtraBoldItalic.ttf', name='JetBrainsMono NFM', style='italic', variant='normal', weight=800, stretch='normal', size='scalable')) = 11.43
DEBUG:matplotlib.font_manager:findfont: score(FontEntry(fname='/usr/share/fonts/TTF/JetBrainsMonoNerdFontMono-SemiBoldItalic.ttf', name='JetBrainsMono NFM', style='italic', variant='normal', weight=600, stretch='normal', size='scalable')) = 11.24
DEBUG:matplotlib.font_manager:findfont: score(FontEntry(fname='/home/joseph/.fonts/GE_Inspira.ttf', name='GE Inspira', style='normal', variant='normal', weight=400, stretch='normal', size='scalable')) = 10.05
DEBUG:matplotlib.font_manager:findfont: score(FontEntry(fname='/usr/share/fonts/gnu-free/FreeSerifBoldItalic.otf', name='FreeSerif', style='italic', variant='normal', weight=700, stretch='normal', size='scalable')) = 11.335
DEBUG:matplotlib.font_manager:findfont: score(FontEntry(fname='/usr/share/fonts/TTF/IosevkaTermNerdFontMono-HeavyOblique.ttf', name='IosevkaTerm NFM', style='oblique', variant='normal', weight=900, stretch='normal', size='scalable')) = 11.525
DEBUG:matplotlib.font_manager:findfont: score(FontEntry(fname='/home/joseph/.fonts/MapleMono-NF-Bold.ttf', name='Maple Mono NF', style='normal', variant='normal', weight=700, stretch='normal', size='scalable')) = 10.335
DEBUG:matplotlib.font_manager:findfont: score(FontEntry(fname='/usr/share/fonts/TTF/IosevkaNerdFontMono-LightItalic.ttf', name='Iosevka NFM', style='italic', variant='normal', weight=300, stretch='normal', size='scalable')) = 11.145
DEBUG:matplotlib.font_manager:findfont: score(FontEntry(fname='/usr/share/fonts/gnu-free/FreeSerifBold.otf', name='FreeSerif', style='normal', variant='normal', weight=700, stretch='normal', size='scalable')) = 10.335
DEBUG:matplotlib.font_manager:findfont: score(FontEntry(fname='/usr/share/fonts/OTF/SyrCOMJerusalemOutline.otf', name='Serto Jerusalem Outline', style='normal', variant='normal', weight=400, stretch='normal', size='scalable')) = 10.05
DEBUG:matplotlib.font_manager:findfont: score(FontEntry(fname='/usr/share/fonts/TTF/IosevkaNerdFont-Regular.ttf', name='Iosevka NF', style='normal', variant='normal', weight=400, stretch='normal', size='scalable')) = 10.05
DEBUG:matplotlib.font_manager:findfont: score(FontEntry(fname='/usr/share/fonts/liberation/LiberationSerif-BoldItalic.ttf', name='Liberation Serif', style='italic', variant='normal', weight=700, stretch='normal', size='scalable')) = 11.335
DEBUG:matplotlib.font_manager:findfont: score(FontEntry(fname='/usr/share/fonts/TTF/IosevkaTermNerdFontMono-SemiBoldOblique.ttf', name='IosevkaTerm NFM', style='oblique', variant='normal', weight=600, stretch='normal', size='scalable')) = 11.24
DEBUG:matplotlib.font_manager:findfont: score(FontEntry(fname='/usr/share/fonts/OTF/SyrCOMQenNeshrin.otf', name='Estrangelo Quenneshrin', style='normal', variant='normal', weight=400, stretch='normal', size='scalable')) = 10.05
DEBUG:matplotlib.font_manager:findfont: score(FontEntry(fname='/usr/share/fonts/TTF/IosevkaTermNerdFont-Oblique.ttf', name='IosevkaTerm NF', style='oblique', variant='normal', weight=400, stretch='normal', size='scalable')) = 11.05
DEBUG:matplotlib.font_manager:findfont: score(FontEntry(fname='/usr/share/fonts/TTF/IosevkaTermNerdFontPropo-ExtraBoldOblique.ttf', name='IosevkaTerm NFP', style='oblique', variant='normal', weight=800, stretch='normal', size='scalable')) = 11.43
DEBUG:matplotlib.font_manager:findfont: score(FontEntry(fname='/usr/share/fonts/TTF/JetBrainsMono-SemiBoldItalic.ttf', name='JetBrains Mono', style='italic', variant='normal', weight=600, stretch='normal', size='scalable')) = 11.24
DEBUG:matplotlib.font_manager:findfont: score(FontEntry(fname='/usr/share/fonts/TTF/JetBrainsMonoNLNerdFontPropo-Light.ttf', name='JetBrainsMonoNL NFP', style='normal', variant='normal', weight=300, stretch='normal', size='scalable')) = 10.145
DEBUG:matplotlib.font_manager:findfont: score(FontEntry(fname='/usr/share/fonts/gnu-free/FreeMono.otf', name='FreeMono', style='normal', variant='normal', weight=400, stretch='normal', size='scalable')) = 10.05
DEBUG:matplotlib.font_manager:findfont: score(FontEntry(fname='/usr/share/fonts/gsfonts/StandardSymbolsPS.otf', name='Standard Symbols PS', style='normal', variant='normal', weight=400, stretch='normal', size='scalable')) = 10.05
DEBUG:matplotlib.font_manager:findfont: score(FontEntry(fname='/usr/share/fonts/TTF/JetBrainsMonoNerdFontPropo-Light.ttf', name='JetBrainsMono NFP', style='normal', variant='normal', weight=300, stretch='normal', size='scalable')) = 10.145
DEBUG:matplotlib.font_manager:findfont: score(FontEntry(fname='/usr/share/fonts/OTF/SyrCOMJerusalem.otf', name='Serto Jerusalem', style='normal', variant='normal', weight=400, stretch='normal', size='scalable')) = 10.05
DEBUG:matplotlib.font_manager:findfont: score(FontEntry(fname='/usr/share/fonts/TTF/JetBrainsMonoNLNerdFontMono-ExtraLightItalic.ttf', name='JetBrainsMonoNL NFM', style='italic', variant='normal', weight=200, stretch='normal', size='scalable')) = 11.24
DEBUG:matplotlib.font_manager:findfont: score(FontEntry(fname='/usr/share/fonts/TTF/IosevkaTermNerdFont-Bold.ttf', name='IosevkaTerm NF', style='normal', variant='normal', weight=700, stretch='normal', size='scalable')) = 10.335
DEBUG:matplotlib.font_manager:findfont: score(FontEntry(fname='/usr/share/fonts/TTF/JetBrainsMonoNerdFont-ThinItalic.ttf', name='JetBrainsMono NF', style='italic', variant='normal', weight=100, stretch='normal', size='scalable')) = 11.335
DEBUG:matplotlib.font_manager:findfont: score(FontEntry(fname='/usr/share/fonts/TTF/JetBrainsMonoNLNerdFontPropo-BoldItalic.ttf', name='JetBrainsMonoNL NFP', style='italic', variant='normal', weight=700, stretch='normal', size='scalable')) = 11.335
DEBUG:matplotlib.font_manager:findfont: score(FontEntry(fname='/usr/share/fonts/adobe-source-code-pro/SourceCodePro-Black.otf', name='Source Code Pro', style='normal', variant='normal', weight=900, stretch='normal', size='scalable')) = 10.525
DEBUG:matplotlib.font_manager:findfont: score(FontEntry(fname='/usr/share/fonts/ttf-maple/MapleMono-NF-Italic.ttf', name='Maple Mono NF', style='italic', variant='normal', weight=400, stretch='normal', size='scalable')) = 11.05
DEBUG:matplotlib.font_manager:findfont: score(FontEntry(fname='/home/joseph/.fonts/MapleMono-Bold.ttf', name='Maple Mono', style='normal', variant='normal', weight=700, stretch='normal', size='scalable')) = 10.335
DEBUG:matplotlib.font_manager:findfont: score(FontEntry(fname='/usr/share/fonts/TTF/JetBrainsMonoNerdFontPropo-Italic.ttf', name='JetBrainsMono NFP', style='italic', variant='normal', weight=400, stretch='normal', size='scalable')) = 11.05
DEBUG:matplotlib.font_manager:findfont: score(FontEntry(fname='/usr/share/fonts/TTF/IosevkaNerdFont-Heavy.ttf', name='Iosevka NF', style='normal', variant='normal', weight=900, stretch='normal', size='scalable')) = 10.525
DEBUG:matplotlib.font_manager:findfont: score(FontEntry(fname='/usr/share/fonts/adobe-source-code-pro/SourceCodePro-It.otf', name='Source Code Pro', style='italic', variant='normal', weight=400, stretch='normal', size='scalable')) = 11.05
DEBUG:matplotlib.font_manager:findfont: score(FontEntry(fname='/usr/share/fonts/liberation/LiberationSerif-Italic.ttf', name='Liberation Serif', style='italic', variant='normal', weight=400, stretch='normal', size='scalable')) = 11.05
DEBUG:matplotlib.font_manager:findfont: score(FontEntry(fname='/usr/share/fonts/TTF/IosevkaNerdFont-ExtraBold.ttf', name='Iosevka NF', style='normal', variant='normal', weight=800, stretch='normal', size='scalable')) = 10.43
DEBUG:matplotlib.font_manager:findfont: score(FontEntry(fname='/home/joseph/.fonts/MapleMono-NF-Italic.ttf', name='Maple Mono NF', style='italic', variant='normal', weight=400, stretch='normal', size='scalable')) = 11.05
DEBUG:matplotlib.font_manager:findfont: score(FontEntry(fname='/usr/share/fonts/adobe-source-code-pro/SourceCodePro-Medium.otf', name='Source Code Pro', style='normal', variant='normal', weight=500, stretch='normal', size='scalable')) = 10.145
DEBUG:matplotlib.font_manager:findfont: score(FontEntry(fname='/usr/share/fonts/TTF/JetBrainsMonoNerdFontMono-Light.ttf', name='JetBrainsMono NFM', style='normal', variant='normal', weight=300, stretch='normal', size='scalable')) = 10.145
DEBUG:matplotlib.font_manager:findfont: score(FontEntry(fname='/usr/share/fonts/TTF/IosevkaTermNerdFont-ExtraBoldItalic.ttf', name='IosevkaTerm NF', style='italic', variant='normal', weight=800, stretch='normal', size='scalable')) = 11.43
DEBUG:matplotlib.font_manager:findfont: score(FontEntry(fname='/usr/share/fonts/TTF/IosevkaNerdFont-Oblique.ttf', name='Iosevka NF', style='oblique', variant='normal', weight=400, stretch='normal', size='scalable')) = 11.05
DEBUG:matplotlib.font_manager:findfont: score(FontEntry(fname='/usr/share/fonts/TTF/IosevkaTermNerdFontPropo-Italic.ttf', name='IosevkaTerm NFP', style='italic', variant='normal', weight=400, stretch='normal', size='scalable')) = 11.05
DEBUG:matplotlib.font_manager:findfont: score(FontEntry(fname='/usr/share/fonts/OTF/SyrCOMAntioch.otf', name='Estrangelo Antioch', style='normal', variant='normal', weight=400, stretch='normal', size='scalable')) = 10.05
DEBUG:matplotlib.font_manager:findfont: score(FontEntry(fname='/usr/share/fonts/TTF/IosevkaNerdFontMono-Heavy.ttf', name='Iosevka NFM', style='normal', variant='normal', weight=900, stretch='normal', size='scalable')) = 10.525
DEBUG:matplotlib.font_manager:findfont: score(FontEntry(fname='/usr/share/fonts/TTF/JetBrainsMonoNerdFont-BoldItalic.ttf', name='JetBrainsMono NF', style='italic', variant='normal', weight=700, stretch='normal', size='scalable')) = 11.335
DEBUG:matplotlib.font_manager:findfont: score(FontEntry(fname='/usr/share/fonts/TTF/IosevkaNerdFont-HeavyOblique.ttf', name='Iosevka NF', style='oblique', variant='normal', weight=900, stretch='normal', size='scalable')) = 11.525
DEBUG:matplotlib.font_manager:findfont: score(FontEntry(fname='/usr/share/fonts/TTF/IosevkaTermNerdFontMono-Light.ttf', name='IosevkaTerm NFM', style='normal', variant='normal', weight=300, stretch='normal', size='scalable')) = 10.145
DEBUG:matplotlib.font_manager:findfont: score(FontEntry(fname='/usr/share/fonts/liberation/LiberationSans-Regular.ttf', name='Liberation Sans', style='normal', variant='normal', weight=400, stretch='normal', size='scalable')) = 10.05
DEBUG:matplotlib.font_manager:findfont: score(FontEntry(fname='/usr/share/fonts/Unifont/Unifont.ttf', name='Unifont', style='normal', variant='normal', weight=500, stretch='normal', size='scalable')) = 10.145
DEBUG:matplotlib.font_manager:findfont: score(FontEntry(fname='/usr/share/fonts/TTF/IosevkaNerdFont-BoldOblique.ttf', name='Iosevka NF', style='oblique', variant='normal', weight=700, stretch='normal', size='scalable')) = 11.335
DEBUG:matplotlib.font_manager:findfont: score(FontEntry(fname='/usr/share/fonts/TTF/JetBrainsMonoNerdFont-SemiBoldItalic.ttf', name='JetBrainsMono NF', style='italic', variant='normal', weight=600, stretch='normal', size='scalable')) = 11.24
DEBUG:matplotlib.font_manager:findfont: score(FontEntry(fname='/usr/share/fonts/TTF/JetBrainsMonoNL-Italic.ttf', name='JetBrains Mono NL', style='italic', variant='normal', weight=400, stretch='normal', size='scalable')) = 11.05
DEBUG:matplotlib.font_manager:findfont: score(FontEntry(fname='/usr/share/fonts/TTF/IosevkaNerdFontMono-SemiBoldOblique.ttf', name='Iosevka NFM', style='oblique', variant='normal', weight=600, stretch='normal', size='scalable')) = 11.24
DEBUG:matplotlib.font_manager:findfont: score(FontEntry(fname='/home/joseph/.fonts/MapleMono-NF-LightItalic.ttf', name='Maple Mono NF', style='italic', variant='normal', weight=300, stretch='normal', size='scalable')) = 11.145
DEBUG:matplotlib.font_manager:findfont: score(FontEntry(fname='/usr/share/fonts/gsfonts/P052-Bold.otf', name='P052', style='normal', variant='normal', weight=700, stretch='normal', size='scalable')) = 10.335
DEBUG:matplotlib.font_manager:findfont: score(FontEntry(fname='/usr/share/fonts/TTF/JetBrainsMonoNL-ExtraBold.ttf', name='JetBrains Mono NL', style='normal', variant='normal', weight=800, stretch='normal', size='scalable')) = 10.43
DEBUG:matplotlib.font_manager:findfont: score(FontEntry(fname='/usr/share/fonts/TTF/IosevkaNerdFontPropo-LightOblique.ttf', name='Iosevka NFP', style='oblique', variant='normal', weight=300, stretch='normal', size='scalable')) = 11.145
DEBUG:matplotlib.font_manager:findfont: score(FontEntry(fname='/usr/share/fonts/TTF/IosevkaNerdFont-ExtraLight.ttf', name='Iosevka NF', style='normal', variant='normal', weight=200, stretch='normal', size='scalable')) = 10.24
DEBUG:matplotlib.font_manager:findfont: score(FontEntry(fname='/usr/share/fonts/TTF/IosevkaTermNerdFont-Light.ttf', name='IosevkaTerm NF', style='normal', variant='normal', weight=300, stretch='normal', size='scalable')) = 10.145
DEBUG:matplotlib.font_manager:findfont: score(FontEntry(fname='/usr/share/fonts/TTF/IosevkaNerdFont-ThinItalic.ttf', name='Iosevka NF', style='italic', variant='normal', weight=100, stretch='normal', size='scalable')) = 11.335
DEBUG:matplotlib.font_manager:findfont: score(FontEntry(fname='/usr/share/fonts/TTF/JetBrainsMonoNLNerdFontPropo-ExtraLightItalic.ttf', name='JetBrainsMonoNL NFP', style='italic', variant='normal', weight=200, stretch='normal', size='scalable')) = 11.24
DEBUG:matplotlib.font_manager:findfont: score(FontEntry(fname='/usr/share/fonts/OTF/SyrCOMMardin.otf', name='Serto Mardin', style='normal', variant='normal', weight=400, stretch='normal', size='scalable')) = 10.05
DEBUG:matplotlib.font_manager:findfont: score(FontEntry(fname='/usr/share/fonts/TTF/Roboto-Italic.ttf', name='Roboto', style='italic', variant='normal', weight=400, stretch='normal', size='scalable')) = 11.05
DEBUG:matplotlib.font_manager:findfont: score(FontEntry(fname='/home/joseph/.fonts/MapleMono-SC-NF-Bold.ttf', name='Maple Mono SC NF', style='normal', variant='normal', weight=700, stretch='normal', size='scalable')) = 10.335
DEBUG:matplotlib.font_manager:findfont: score(FontEntry(fname='/usr/share/fonts/TTF/IosevkaNerdFontPropo-SemiBoldOblique.ttf', name='Iosevka NFP', style='oblique', variant='normal', weight=600, stretch='normal', size='scalable')) = 11.24
DEBUG:matplotlib.font_manager:findfont: score(FontEntry(fname='/usr/share/fonts/TTF/IosevkaTermNerdFontPropo-LightOblique.ttf', name='IosevkaTerm NFP', style='oblique', variant='normal', weight=300, stretch='normal', size='scalable')) = 11.145
DEBUG:matplotlib.font_manager:findfont: score(FontEntry(fname='/usr/share/fonts/TTF/JetBrainsMonoNerdFontMono-BoldItalic.ttf', name='JetBrainsMono NFM', style='italic', variant='normal', weight=700, stretch='normal', size='scalable')) = 11.335
DEBUG:matplotlib.font_manager:findfont: score(FontEntry(fname='/usr/share/fonts/TTF/IosevkaTermNerdFontMono-Oblique.ttf', name='IosevkaTerm NFM', style='oblique', variant='normal', weight=400, stretch='normal', size='scalable')) = 11.05
DEBUG:matplotlib.font_manager:findfont: score(FontEntry(fname='/usr/share/fonts/gsfonts/URWGothic-DemiOblique.otf', name='URW Gothic', style='oblique', variant='normal', weight=600, stretch='normal', size='scalable')) = 11.24
DEBUG:matplotlib.font_manager:findfont: score(FontEntry(fname='/usr/share/fonts/ttf-maple/MapleMono-Light.ttf', name='Maple Mono', style='normal', variant='normal', weight=300, stretch='normal', size='scalable')) = 10.145
DEBUG:matplotlib.font_manager:findfont: score(FontEntry(fname='/usr/share/fonts/TTF/IosevkaTermNerdFontPropo-ExtraLight.ttf', name='IosevkaTerm NFP', style='normal', variant='normal', weight=200, stretch='normal', size='scalable')) = 10.24
DEBUG:matplotlib.font_manager:findfont: score(FontEntry(fname='/usr/share/fonts/TTF/RobotoCondensed-Bold.ttf', name='Roboto Condensed', style='normal', variant='normal', weight=700, stretch='condensed', size='scalable')) = 10.535
DEBUG:matplotlib.font_manager:findfont: score(FontEntry(fname='/usr/share/fonts/TTF/JetBrainsMono-ExtraLightItalic.ttf', name='JetBrains Mono', style='italic', variant='normal', weight=200, stretch='normal', size='scalable')) = 11.24
DEBUG:matplotlib.font_manager:findfont: score(FontEntry(fname='/usr/share/fonts/TTF/IosevkaTermNerdFontPropo-ExtraBold.ttf', name='IosevkaTerm NFP', style='normal', variant='normal', weight=800, stretch='normal', size='scalable')) = 10.43
DEBUG:matplotlib.font_manager:findfont: score(FontEntry(fname='/usr/share/fonts/TTF/IosevkaTermNerdFontPropo-Thin.ttf', name='IosevkaTerm NFP', style='normal', variant='normal', weight=100, stretch='normal', size='scalable')) = 10.335
DEBUG:matplotlib.font_manager:findfont: score(FontEntry(fname='/usr/share/fonts/TTF/IosevkaNerdFontPropo-MediumOblique.ttf', name='Iosevka NFP', style='oblique', variant='normal', weight=500, stretch='normal', size='scalable')) = 11.145
DEBUG:matplotlib.font_manager:findfont: score(FontEntry(fname='/usr/share/fonts/TTF/JetBrainsMono-ExtraBold.ttf', name='JetBrains Mono', style='normal', variant='normal', weight=800, stretch='normal', size='scalable')) = 10.43
DEBUG:matplotlib.font_manager:findfont: score(FontEntry(fname='/usr/share/fonts/OTF/GohaTibebZemen.otf', name='Goha-Tibeb Zemen', style='normal', variant='normal', weight=500, stretch='normal', size='scalable')) = 10.145
DEBUG:matplotlib.font_manager:findfont: score(FontEntry(fname='/usr/share/fonts/TTF/JetBrainsMonoNLNerdFont-Thin.ttf', name='JetBrainsMonoNL NF', style='normal', variant='normal', weight=100, stretch='normal', size='scalable')) = 10.335
DEBUG:matplotlib.font_manager:findfont: score(FontEntry(fname='/usr/share/fonts/gsfonts/NimbusRoman-Bold.otf', name='Nimbus Roman', style='normal', variant='normal', weight=700, stretch='normal', size='scalable')) = 10.335
DEBUG:matplotlib.font_manager:findfont: score(FontEntry(fname='/usr/share/fonts/TTF/IosevkaTermNerdFont-LightOblique.ttf', name='IosevkaTerm NF', style='oblique', variant='normal', weight=300, stretch='normal', size='scalable')) = 11.145
DEBUG:matplotlib.font_manager:findfont: score(FontEntry(fname='/usr/share/fonts/TTF/IosevkaTermNerdFontMono-BoldItalic.ttf', name='IosevkaTerm NFM', style='italic', variant='normal', weight=700, stretch='normal', size='scalable')) = 11.335
DEBUG:matplotlib.font_manager:findfont: score(FontEntry(fname='/usr/share/fonts/TTF/IosevkaTermNerdFontPropo-ExtraLightOblique.ttf', name='IosevkaTerm NFP', style='oblique', variant='normal', weight=200, stretch='normal', size='scalable')) = 11.24
DEBUG:matplotlib.font_manager:findfont: score(FontEntry(fname='/usr/share/fonts/TTF/JetBrainsMonoNLNerdFont-ExtraBoldItalic.ttf', name='JetBrainsMonoNL NF', style='italic', variant='normal', weight=800, stretch='normal', size='scalable')) = 11.43
DEBUG:matplotlib.font_manager:findfont: score(FontEntry(fname='/usr/share/fonts/TTF/IosevkaTermNerdFontMono-ExtraBoldOblique.ttf', name='IosevkaTerm NFM', style='oblique', variant='normal', weight=800, stretch='normal', size='scalable')) = 11.43
DEBUG:matplotlib.font_manager:findfont: score(FontEntry(fname='/usr/share/fonts/TTF/IosevkaTermNerdFontMono-BoldOblique.ttf', name='IosevkaTerm NFM', style='oblique', variant='normal', weight=700, stretch='normal', size='scalable')) = 11.335
DEBUG:matplotlib.font_manager:findfont: score(FontEntry(fname='/usr/share/fonts/TTF/IosevkaTermNerdFontPropo-ThinOblique.ttf', name='IosevkaTerm NFP', style='oblique', variant='normal', weight=100, stretch='normal', size='scalable')) = 11.335
DEBUG:matplotlib.font_manager:findfont: score(FontEntry(fname='/usr/share/fonts/gsfonts/NimbusSansNarrow-Oblique.otf', name='Nimbus Sans Narrow', style='oblique', variant='normal', weight=400, stretch='condensed', size='scalable')) = 11.25
DEBUG:matplotlib.font_manager:findfont: score(FontEntry(fname='/usr/share/fonts/TTF/JetBrainsMonoNerdFontMono-Medium.ttf', name='JetBrainsMono NFM', style='normal', variant='normal', weight=500, stretch='normal', size='scalable')) = 10.145
DEBUG:matplotlib.font_manager:findfont: score(FontEntry(fname='/usr/share/fonts/TTF/JetBrainsMonoNLNerdFontPropo-ExtraLight.ttf', name='JetBrainsMonoNL NFP', style='normal', variant='normal', weight=200, stretch='normal', size='scalable')) = 10.24
DEBUG:matplotlib.font_manager:findfont: score(FontEntry(fname='/usr/share/fonts/OTF/SyrCOMTalada.otf', name='Estrangelo Talada', style='normal', variant='normal', weight=400, stretch='normal', size='scalable')) = 10.05
DEBUG:matplotlib.font_manager:findfont: score(FontEntry(fname='/usr/share/fonts/TTF/IosevkaNerdFontMono-Medium.ttf', name='Iosevka NFM', style='normal', variant='normal', weight=500, stretch='normal', size='scalable')) = 10.145
DEBUG:matplotlib.font_manager:findfont: score(FontEntry(fname='/usr/share/fonts/gsfonts/URWBookman-DemiItalic.otf', name='URW Bookman', style='italic', variant='normal', weight=600, stretch='normal', size='scalable')) = 11.24
DEBUG:matplotlib.font_manager:findfont: score(FontEntry(fname='/usr/share/fonts/TTF/SymbolsNerdFontMono-Regular.ttf', name='Symbols Nerd Font Mono', style='normal', variant='normal', weight=400, stretch='normal', size='scalable')) = 10.05
DEBUG:matplotlib.font_manager:findfont: score(FontEntry(fname='/usr/share/fonts/TTF/IosevkaNerdFont-Light.ttf', name='Iosevka NF', style='normal', variant='normal', weight=300, stretch='normal', size='scalable')) = 10.145
DEBUG:matplotlib.font_manager:findfont: score(FontEntry(fname='/usr/share/fonts/TTF/JetBrainsMonoNLNerdFontMono-Light.ttf', name='JetBrainsMonoNL NFM', style='normal', variant='normal', weight=300, stretch='normal', size='scalable')) = 10.145
DEBUG:matplotlib.font_manager:findfont: score(FontEntry(fname='/usr/share/fonts/gsfonts/P052-Italic.otf', name='P052', style='italic', variant='normal', weight=400, stretch='normal', size='scalable')) = 11.05
DEBUG:matplotlib.font_manager:findfont: score(FontEntry(fname='/usr/share/fonts/ttf-maple/MapleMono-NF-Light.ttf', name='Maple Mono NF', style='normal', variant='normal', weight=300, stretch='normal', size='scalable')) = 10.145
DEBUG:matplotlib.font_manager:findfont: score(FontEntry(fname='/usr/share/fonts/TTF/RobotoCondensed-Regular.ttf', name='Roboto Condensed', style='normal', variant='normal', weight=400, stretch='condensed', size='scalable')) = 10.25
DEBUG:matplotlib.font_manager:findfont: score(FontEntry(fname='/usr/share/fonts/TTF/JetBrainsMonoNL-ExtraLightItalic.ttf', name='JetBrains Mono NL', style='italic', variant='normal', weight=200, stretch='normal', size='scalable')) = 11.24
DEBUG:matplotlib.font_manager:findfont: score(FontEntry(fname='/usr/share/fonts/liberation/LiberationSans-BoldItalic.ttf', name='Liberation Sans', style='italic', variant='normal', weight=700, stretch='normal', size='scalable')) = 11.335
DEBUG:matplotlib.font_manager:findfont: score(FontEntry(fname='/usr/share/fonts/TTF/IosevkaTermNerdFontMono-Italic.ttf', name='IosevkaTerm NFM', style='italic', variant='normal', weight=400, stretch='normal', size='scalable')) = 11.05
DEBUG:matplotlib.font_manager:findfont: score(FontEntry(fname='/home/joseph/.fonts/MapleMono-NF-BoldItalic.ttf', name='Maple Mono NF', style='italic', variant='normal', weight=700, stretch='normal', size='scalable')) = 11.335
DEBUG:matplotlib.font_manager:findfont: score(FontEntry(fname='/usr/share/fonts/OTF/SyrCOMMidyat.otf', name='Estrangelo Midyat', style='normal', variant='normal', weight=400, stretch='normal', size='scalable')) = 10.05
DEBUG:matplotlib.font_manager:findfont: score(FontEntry(fname='/usr/share/fonts/TTF/IosevkaTermNerdFont-HeavyOblique.ttf', name='IosevkaTerm NF', style='oblique', variant='normal', weight=900, stretch='normal', size='scalable')) = 11.525
DEBUG:matplotlib.font_manager:findfont: score(FontEntry(fname='/usr/share/fonts/TTF/IosevkaNerdFontPropo-SemiBold.ttf', name='Iosevka NFP', style='normal', variant='normal', weight=600, stretch='normal', size='scalable')) = 10.24
DEBUG:matplotlib.font_manager:findfont: score(FontEntry(fname='/usr/share/fonts/TTF/IosevkaTermNerdFont-Thin.ttf', name='IosevkaTerm NF', style='normal', variant='normal', weight=100, stretch='normal', size='scalable')) = 10.335
DEBUG:matplotlib.font_manager:findfont: score(FontEntry(fname='/usr/share/fonts/TTF/JetBrainsMonoNerdFont-ExtraLight.ttf', name='JetBrainsMono NF', style='normal', variant='normal', weight=200, stretch='normal', size='scalable')) = 10.24
DEBUG:matplotlib.font_manager:findfont: score(FontEntry(fname='/usr/share/fonts/TTF/InconsolataNerdFontPropo-Regular.ttf', name='Inconsolata Nerd Font Propo', style='normal', variant='normal', weight=400, stretch='normal', size='scalable')) = 10.05
DEBUG:matplotlib.font_manager:findfont: score(FontEntry(fname='/usr/share/fonts/OTF/SyrCOMJerusalemBold.otf', name='Serto Jerusalem', style='normal', variant='normal', weight=700, stretch='normal', size='scalable')) = 10.335
DEBUG:matplotlib.font_manager:findfont: score(FontEntry(fname='/usr/share/fonts/TTF/Roboto-MediumItalic.ttf', name='Roboto', style='italic', variant='normal', weight=500, stretch='normal', size='scalable')) = 11.145
DEBUG:matplotlib.font_manager:findfont: score(FontEntry(fname='/usr/share/fonts/TTF/JetBrainsMonoNLNerdFontMono-SemiBoldItalic.ttf', name='JetBrainsMonoNL NFM', style='italic', variant='normal', weight=600, stretch='normal', size='scalable')) = 11.24
DEBUG:matplotlib.font_manager:findfont: score(FontEntry(fname='/usr/share/fonts/TTF/IosevkaTermNerdFontMono-ExtraBold.ttf', name='IosevkaTerm NFM', style='normal', variant='normal', weight=800, stretch='normal', size='scalable')) = 10.43
DEBUG:matplotlib.font_manager:findfont: score(FontEntry(fname='/usr/share/fonts/TTF/JetBrainsMonoNLNerdFontMono-ExtraBold.ttf', name='JetBrainsMonoNL NFM', style='normal', variant='normal', weight=800, stretch='normal', size='scalable')) = 10.43
DEBUG:matplotlib.font_manager:findfont: score(FontEntry(fname='/usr/share/fonts/TTF/JetBrainsMonoNL-Medium.ttf', name='JetBrains Mono NL', style='normal', variant='normal', weight=500, stretch='normal', size='scalable')) = 10.145
DEBUG:matplotlib.font_manager:findfont: score(FontEntry(fname='/usr/share/fonts/adobe-source-code-pro/SourceCodePro-ExtraLightIt.otf', name='Source Code Pro', style='italic', variant='normal', weight=200, stretch='normal', size='scalable')) = 11.24
DEBUG:matplotlib.font_manager:findfont: score(FontEntry(fname='/usr/share/fonts/TTF/JetBrainsMonoNerdFontPropo-SemiBold.ttf', name='JetBrainsMono NFP', style='normal', variant='normal', weight=600, stretch='normal', size='scalable')) = 10.24
DEBUG:matplotlib.font_manager:findfont: score(FontEntry(fname='/usr/share/fonts/gsfonts/NimbusMonoPS-Italic.otf', name='Nimbus Mono PS', style='italic', variant='normal', weight=400, stretch='normal', size='scalable')) = 11.05
DEBUG:matplotlib.font_manager:findfont: score(FontEntry(fname='/usr/share/fonts/TTF/IosevkaNerdFont-MediumOblique.ttf', name='Iosevka NF', style='oblique', variant='normal', weight=500, stretch='normal', size='scalable')) = 11.145
DEBUG:matplotlib.font_manager:findfont: score(FontEntry(fname='/usr/share/fonts/TTF/IosevkaTermNerdFontPropo-SemiBold.ttf', name='IosevkaTerm NFP', style='normal', variant='normal', weight=600, stretch='normal', size='scalable')) = 10.24
DEBUG:matplotlib.font_manager:findfont: score(FontEntry(fname='/usr/share/fonts/TTF/IosevkaTermNerdFont-ExtraLight.ttf', name='IosevkaTerm NF', style='normal', variant='normal', weight=200, stretch='normal', size='scalable')) = 10.24
DEBUG:matplotlib.font_manager:findfont: score(FontEntry(fname='/usr/share/fonts/TTF/JetBrainsMonoNerdFontPropo-Regular.ttf', name='JetBrainsMono NFP', style='normal', variant='normal', weight=400, stretch='normal', size='scalable')) = 10.05
DEBUG:matplotlib.font_manager:findfont: score(FontEntry(fname='/usr/share/fonts/TTF/JetBrainsMonoNLNerdFont-Italic.ttf', name='JetBrainsMonoNL NF', style='italic', variant='normal', weight=400, stretch='normal', size='scalable')) = 11.05
DEBUG:matplotlib.font_manager:findfont: score(FontEntry(fname='/usr/share/fonts/gsfonts/URWGothic-Book.otf', name='URW Gothic', style='normal', variant='normal', weight=400, stretch='normal', size='scalable')) = 10.05
DEBUG:matplotlib.font_manager:findfont: score(FontEntry(fname='/usr/share/fonts/TTF/IosevkaTermNerdFont-HeavyItalic.ttf', name='IosevkaTerm NF', style='italic', variant='normal', weight=900, stretch='normal', size='scalable')) = 11.525
DEBUG:matplotlib.font_manager:findfont: score(FontEntry(fname='/usr/share/fonts/TTF/IosevkaTermNerdFont-ExtraLightOblique.ttf', name='IosevkaTerm NF', style='oblique', variant='normal', weight=200, stretch='normal', size='scalable')) = 11.24
DEBUG:matplotlib.font_manager:findfont: score(FontEntry(fname='/usr/share/fonts/TTF/JetBrainsMonoNLNerdFontPropo-ExtraBoldItalic.ttf', name='JetBrainsMonoNL NFP', style='italic', variant='normal', weight=800, stretch='normal', size='scalable')) = 11.43
DEBUG:matplotlib.font_manager:findfont: score(FontEntry(fname='/usr/share/fonts/TTF/JetBrainsMonoNL-MediumItalic.ttf', name='JetBrains Mono NL', style='italic', variant='normal', weight=500, stretch='normal', size='scalable')) = 11.145
DEBUG:matplotlib.font_manager:findfont: score(FontEntry(fname='/usr/share/fonts/TTF/JetBrainsMono-Light.ttf', name='JetBrains Mono', style='normal', variant='normal', weight=300, stretch='normal', size='scalable')) = 10.145
DEBUG:matplotlib.font_manager:findfont: score(FontEntry(fname='/usr/share/fonts/OTF/SyrCOMTurAbdin.otf', name='Estrangelo TurAbdin', style='normal', variant='normal', weight=400, stretch='normal', size='scalable')) = 10.05
DEBUG:matplotlib.font_manager:findfont: score(FontEntry(fname='/usr/share/fonts/TTF/JetBrainsMonoNerdFontMono-Thin.ttf', name='JetBrainsMono NFM', style='normal', variant='normal', weight=100, stretch='normal', size='scalable')) = 10.335
DEBUG:matplotlib.font_manager:findfont: score(FontEntry(fname='/usr/share/fonts/TTF/JetBrainsMonoNLNerdFontPropo-Medium.ttf', name='JetBrainsMonoNL NFP', style='normal', variant='normal', weight=500, stretch='normal', size='scalable')) = 10.145
DEBUG:matplotlib.font_manager:findfont: score(FontEntry(fname='/usr/share/fonts/TTF/IosevkaNerdFont-ExtraBoldItalic.ttf', name='Iosevka NF', style='italic', variant='normal', weight=800, stretch='normal', size='scalable')) = 11.43
DEBUG:matplotlib.font_manager:findfont: score(FontEntry(fname='/usr/share/fonts/TTF/IosevkaTermNerdFont-MediumOblique.ttf', name='IosevkaTerm NF', style='oblique', variant='normal', weight=500, stretch='normal', size='scalable')) = 11.145
DEBUG:matplotlib.font_manager:findfont: score(FontEntry(fname='/usr/share/fonts/TTF/JetBrainsMono-Thin.ttf', name='JetBrains Mono', style='normal', variant='normal', weight=100, stretch='normal', size='scalable')) = 10.335
DEBUG:matplotlib.font_manager:findfont: score(FontEntry(fname='/usr/share/fonts/TTF/JetBrainsMonoNerdFontMono-ExtraBold.ttf', name='JetBrainsMono NFM', style='normal', variant='normal', weight=800, stretch='normal', size='scalable')) = 10.43
DEBUG:matplotlib.font_manager:findfont: score(FontEntry(fname='/usr/share/fonts/TTF/IosevkaNerdFontMono-Thin.ttf', name='Iosevka NFM', style='normal', variant='normal', weight=100, stretch='normal', size='scalable')) = 10.335
DEBUG:matplotlib.font_manager:findfont: score(FontEntry(fname='/usr/share/fonts/gsfonts/NimbusRoman-Regular.otf', name='Nimbus Roman', style='normal', variant='normal', weight=400, stretch='normal', size='scalable')) = 10.05
DEBUG:matplotlib.font_manager:findfont: score(FontEntry(fname='/usr/share/fonts/TTF/JetBrainsMonoNLNerdFontMono-Italic.ttf', name='JetBrainsMonoNL NFM', style='italic', variant='normal', weight=400, stretch='normal', size='scalable')) = 11.05
DEBUG:matplotlib.font_manager:findfont: score(FontEntry(fname='/usr/share/fonts/TTF/IosevkaNerdFontMono-MediumItalic.ttf', name='Iosevka NFM', style='italic', variant='normal', weight=500, stretch='normal', size='scalable')) = 11.145
DEBUG:matplotlib.font_manager:findfont: score(FontEntry(fname='/usr/share/fonts/TTF/IosevkaNerdFontPropo-ThinItalic.ttf', name='Iosevka NFP', style='italic', variant='normal', weight=100, stretch='normal', size='scalable')) = 11.335
DEBUG:matplotlib.font_manager:findfont: score(FontEntry(fname='/usr/share/fonts/adobe-source-code-pro/SourceCodePro-BoldIt.otf', name='Source Code Pro', style='italic', variant='normal', weight=700, stretch='normal', size='scalable')) = 11.335
DEBUG:matplotlib.font_manager:findfont: score(FontEntry(fname='/usr/share/fonts/gnu-free/FreeMonoOblique.otf', name='FreeMono', style='oblique', variant='normal', weight=400, stretch='normal', size='scalable')) = 11.05
DEBUG:matplotlib.font_manager:findfont: score(FontEntry(fname='/usr/share/fonts/gsfonts/NimbusMonoPS-Bold.otf', name='Nimbus Mono PS', style='normal', variant='normal', weight=700, stretch='normal', size='scalable')) = 10.335
DEBUG:matplotlib.font_manager:findfont: score(FontEntry(fname='/usr/share/fonts/TTF/IosevkaNerdFontPropo-Heavy.ttf', name='Iosevka NFP', style='normal', variant='normal', weight=900, stretch='normal', size='scalable')) = 10.525
DEBUG:matplotlib.font_manager:findfont: score(FontEntry(fname='/usr/share/fonts/TTF/IosevkaTermNerdFontMono-ExtraLight.ttf', name='IosevkaTerm NFM', style='normal', variant='normal', weight=200, stretch='normal', size='scalable')) = 10.24
DEBUG:matplotlib.font_manager:findfont: score(FontEntry(fname='/usr/share/fonts/TTF/IosevkaTermNerdFontPropo-MediumItalic.ttf', name='IosevkaTerm NFP', style='italic', variant='normal', weight=500, stretch='normal', size='scalable')) = 11.145
DEBUG:matplotlib.font_manager:findfont: score(FontEntry(fname='/usr/share/fonts/TTF/JetBrainsMonoNerdFontPropo-ExtraLight.ttf', name='JetBrainsMono NFP', style='normal', variant='normal', weight=200, stretch='normal', size='scalable')) = 10.24
DEBUG:matplotlib.font_manager:findfont: score(FontEntry(fname='/usr/share/fonts/TTF/JetBrainsMonoNerdFont-ExtraLightItalic.ttf', name='JetBrainsMono NF', style='italic', variant='normal', weight=200, stretch='normal', size='scalable')) = 11.24
DEBUG:matplotlib.font_manager:findfont: score(FontEntry(fname='/usr/share/fonts/ttf-maple/MapleMono-SC-NF-Regular.ttf', name='Maple Mono SC NF', style='normal', variant='normal', weight=400, stretch='normal', size='scalable')) = 10.05
DEBUG:matplotlib.font_manager:findfont: score(FontEntry(fname='/usr/share/fonts/ttf-maple/MapleMono-SC-NF-Italic.ttf', name='Maple Mono SC NF', style='italic', variant='normal', weight=400, stretch='normal', size='scalable')) = 11.05
DEBUG:matplotlib.font_manager:findfont: score(FontEntry(fname='/usr/share/fonts/TTF/IosevkaNerdFont-MediumItalic.ttf', name='Iosevka NF', style='italic', variant='normal', weight=500, stretch='normal', size='scalable')) = 11.145
DEBUG:matplotlib.font_manager:findfont: score(FontEntry(fname='/home/joseph/.fonts/MapleMono-Italic.ttf', name='Maple Mono', style='italic', variant='normal', weight=400, stretch='normal', size='scalable')) = 11.05
DEBUG:matplotlib.font_manager:findfont: score(FontEntry(fname='/usr/share/fonts/TTF/SymbolsNerdFont-Regular.ttf', name='Symbols Nerd Font', style='normal', variant='normal', weight=400, stretch='normal', size='scalable')) = 10.05
DEBUG:matplotlib.font_manager:findfont: score(FontEntry(fname='/usr/share/fonts/TTF/IosevkaTermNerdFontPropo-ThinItalic.ttf', name='IosevkaTerm NFP', style='italic', variant='normal', weight=100, stretch='normal', size='scalable')) = 11.335
DEBUG:matplotlib.font_manager:findfont: score(FontEntry(fname='/home/joseph/.fonts/MapleMono-LightItalic.ttf', name='Maple Mono', style='italic', variant='normal', weight=300, stretch='normal', size='scalable')) = 11.145
DEBUG:matplotlib.font_manager:findfont: score(FontEntry(fname='/usr/share/fonts/TTF/IosevkaTermNerdFontPropo-Heavy.ttf', name='IosevkaTerm NFP', style='normal', variant='normal', weight=900, stretch='normal', size='scalable')) = 10.525
DEBUG:matplotlib.font_manager:findfont: score(FontEntry(fname='/usr/share/fonts/TTF/JetBrainsMonoNL-LightItalic.ttf', name='JetBrains Mono NL', style='italic', variant='normal', weight=300, stretch='normal', size='scalable')) = 11.145
DEBUG:matplotlib.font_manager:findfont: score(FontEntry(fname='/usr/share/fonts/TTF/JetBrainsMonoNerdFont-Thin.ttf', name='JetBrainsMono NF', style='normal', variant='normal', weight=100, stretch='normal', size='scalable')) = 10.335
DEBUG:matplotlib.font_manager:findfont: score(FontEntry(fname='/usr/share/fonts/TTF/JetBrainsMonoNL-SemiBoldItalic.ttf', name='JetBrains Mono NL', style='italic', variant='normal', weight=600, stretch='normal', size='scalable')) = 11.24
DEBUG:matplotlib.font_manager:findfont: score(FontEntry(fname='/usr/share/fonts/gsfonts/NimbusRoman-Italic.otf', name='Nimbus Roman', style='italic', variant='normal', weight=400, stretch='normal', size='scalable')) = 11.05
DEBUG:matplotlib.font_manager:findfont: score(FontEntry(fname='/usr/share/fonts/TTF/IosevkaNerdFontMono-ExtraLightItalic.ttf', name='Iosevka NFM', style='italic', variant='normal', weight=200, stretch='normal', size='scalable')) = 11.24
DEBUG:matplotlib.font_manager:findfont: score(FontEntry(fname='/usr/share/fonts/OTF/SyrCOMJerusalemItalic.otf', name='Serto Jerusalem', style='italic', variant='normal', weight=400, stretch='normal', size='scalable')) = 11.05
DEBUG:matplotlib.font_manager:findfont: score(FontEntry(fname='/usr/share/fonts/TTF/IosevkaTermNerdFontPropo-HeavyOblique.ttf', name='IosevkaTerm NFP', style='oblique', variant='normal', weight=900, stretch='normal', size='scalable')) = 11.525
DEBUG:matplotlib.font_manager:findfont: score(FontEntry(fname='/usr/share/fonts/gsfonts/NimbusSansNarrow-Bold.otf', name='Nimbus Sans Narrow', style='normal', variant='normal', weight=700, stretch='condensed', size='scalable')) = 10.535
DEBUG:matplotlib.font_manager:findfont: score(FontEntry(fname='/usr/share/fonts/gsfonts/C059-Italic.otf', name='C059', style='italic', variant='normal', weight=400, stretch='normal', size='scalable')) = 11.05
DEBUG:matplotlib.font_manager:findfont: score(FontEntry(fname='/usr/share/fonts/TTF/RobotoCondensed-Light.ttf', name='Roboto Condensed', style='normal', variant='normal', weight=300, stretch='condensed', size='scalable')) = 10.344999999999999
DEBUG:matplotlib.font_manager:findfont: score(FontEntry(fname='/usr/share/fonts/gsfonts/URWGothic-Demi.otf', name='URW Gothic', style='normal', variant='normal', weight=600, stretch='normal', size='scalable')) = 10.24
DEBUG:matplotlib.font_manager:findfont: score(FontEntry(fname='/usr/share/fonts/TTF/IosevkaNerdFontPropo-ExtraLightItalic.ttf', name='Iosevka NFP', style='italic', variant='normal', weight=200, stretch='normal', size='scalable')) = 11.24
DEBUG:matplotlib.font_manager:findfont: score(FontEntry(fname='/usr/share/fonts/TTF/JetBrainsMonoNerdFontPropo-BoldItalic.ttf', name='JetBrainsMono NFP', style='italic', variant='normal', weight=700, stretch='normal', size='scalable')) = 11.335
DEBUG:matplotlib.font_manager:findfont: score(FontEntry(fname='/usr/share/fonts/TTF/JetBrainsMonoNerdFont-Medium.ttf', name='JetBrainsMono NF', style='normal', variant='normal', weight=500, stretch='normal', size='scalable')) = 10.145
DEBUG:matplotlib.font_manager:findfont: score(FontEntry(fname='/home/joseph/.local/share/fonts/GrapeNuts-Regular.ttf', name='Grape Nuts', style='normal', variant='normal', weight=400, stretch='normal', size='scalable')) = 10.05
DEBUG:matplotlib.font_manager:findfont: score(FontEntry(fname='/usr/share/fonts/TTF/IosevkaNerdFontPropo-Regular.ttf', name='Iosevka NFP', style='normal', variant='normal', weight=400, stretch='normal', size='scalable')) = 10.05
DEBUG:matplotlib.font_manager:findfont: score(FontEntry(fname='/usr/share/fonts/TTF/Roboto-ThinItalic.ttf', name='Roboto', style='italic', variant='normal', weight=250, stretch='normal', size='scalable')) = 11.1925
DEBUG:matplotlib.font_manager:findfont: score(FontEntry(fname='/usr/share/fonts/TTF/IosevkaNerdFont-ExtraBoldOblique.ttf', name='Iosevka NF', style='oblique', variant='normal', weight=800, stretch='normal', size='scalable')) = 11.43
DEBUG:matplotlib.font_manager:findfont: score(FontEntry(fname='/usr/share/fonts/gsfonts/D050000L.otf', name='D050000L', style='normal', variant='normal', weight=400, stretch='normal', size='scalable')) = 10.05
DEBUG:matplotlib.font_manager:findfont: score(FontEntry(fname='/usr/share/fonts/adobe-source-code-pro/SourceCodePro-Semibold.otf', name='Source Code Pro', style='normal', variant='normal', weight=600, stretch='normal', size='scalable')) = 10.24
DEBUG:matplotlib.font_manager:findfont: score(FontEntry(fname='/usr/share/fonts/TTF/IosevkaNerdFontPropo-Italic.ttf', name='Iosevka NFP', style='italic', variant='normal', weight=400, stretch='normal', size='scalable')) = 11.05
DEBUG:matplotlib.font_manager:findfont: score(FontEntry(fname='/usr/share/fonts/ttf-maple/MapleMono-NF-Bold.ttf', name='Maple Mono NF', style='normal', variant='normal', weight=700, stretch='normal', size='scalable')) = 10.335
DEBUG:matplotlib.font_manager:findfont: score(FontEntry(fname='/usr/share/fonts/TTF/Roboto-Thin.ttf', name='Roboto', style='normal', variant='normal', weight=250, stretch='normal', size='scalable')) = 10.1925
DEBUG:matplotlib.font_manager:findfont: score(FontEntry(fname='/usr/share/fonts/gsfonts/URWBookman-Demi.otf', name='URW Bookman', style='normal', variant='normal', weight=600, stretch='normal', size='scalable')) = 10.24
DEBUG:matplotlib.font_manager:findfont: score(FontEntry(fname='/usr/share/fonts/TTF/IosevkaTermNerdFont-ThinOblique.ttf', name='IosevkaTerm NF', style='oblique', variant='normal', weight=100, stretch='normal', size='scalable')) = 11.335
DEBUG:matplotlib.font_manager:findfont: score(FontEntry(fname='/usr/share/fonts/TTF/JetBrainsMonoNerdFontMono-ThinItalic.ttf', name='JetBrainsMono NFM', style='italic', variant='normal', weight=100, stretch='normal', size='scalable')) = 11.335
DEBUG:matplotlib.font_manager:findfont: score(FontEntry(fname='/home/joseph/.fonts/MapleMono-SC-NF-Italic.ttf', name='Maple Mono SC NF', style='italic', variant='normal', weight=400, stretch='normal', size='scalable')) = 11.05
DEBUG:matplotlib.font_manager:findfont: score(FontEntry(fname='/usr/share/fonts/OTF/SyrCOMCtesiphon.otf', name='East Syriac Ctesiphon', style='normal', variant='normal', weight=400, stretch='normal', size='scalable')) = 10.05
DEBUG:matplotlib.font_manager:findfont: score(FontEntry(fname='/usr/share/fonts/TTF/IosevkaTermNerdFont-Regular.ttf', name='IosevkaTerm NF', style='normal', variant='normal', weight=400, stretch='normal', size='scalable')) = 10.05
DEBUG:matplotlib.font_manager:findfont: score(FontEntry(fname='/usr/share/fonts/ttf-maple/MapleMono-SC-NF-LightItalic.ttf', name='Maple Mono SC NF', style='italic', variant='normal', weight=300, stretch='normal', size='scalable')) = 11.145
DEBUG:matplotlib.font_manager:findfont: score(FontEntry(fname='/usr/share/fonts/TTF/JetBrainsMonoNLNerdFont-Light.ttf', name='JetBrainsMonoNL NF', style='normal', variant='normal', weight=300, stretch='normal', size='scalable')) = 10.145
DEBUG:matplotlib.font_manager:findfont: score(FontEntry(fname='/usr/share/fonts/TTF/JetBrainsMonoNerdFont-Bold.ttf', name='JetBrainsMono NF', style='normal', variant='normal', weight=700, stretch='normal', size='scalable')) = 10.335
DEBUG:matplotlib.font_manager:findfont: score(FontEntry(fname='/usr/share/fonts/TTF/IosevkaTermNerdFontPropo-BoldItalic.ttf', name='IosevkaTerm NFP', style='italic', variant='normal', weight=700, stretch='normal', size='scalable')) = 11.335
DEBUG:matplotlib.font_manager:findfont: score(FontEntry(fname='/usr/share/fonts/TTF/IosevkaNerdFontPropo-ThinOblique.ttf', name='Iosevka NFP', style='oblique', variant='normal', weight=100, stretch='normal', size='scalable')) = 11.335
DEBUG:matplotlib.font_manager:findfont: score(FontEntry(fname='/usr/share/fonts/ttf-maple/MapleMono-SC-NF-BoldItalic.ttf', name='Maple Mono SC NF', style='italic', variant='normal', weight=700, stretch='normal', size='scalable')) = 11.335
DEBUG:matplotlib.font_manager:findfont: score(FontEntry(fname='/usr/share/fonts/TTF/JetBrainsMonoNLNerdFontPropo-Bold.ttf', name='JetBrainsMonoNL NFP', style='normal', variant='normal', weight=700, stretch='normal', size='scalable')) = 10.335
DEBUG:matplotlib.font_manager:findfont: score(FontEntry(fname='/usr/share/fonts/TTF/IosevkaTermNerdFont-ExtraBold.ttf', name='IosevkaTerm NF', style='normal', variant='normal', weight=800, stretch='normal', size='scalable')) = 10.43
DEBUG:matplotlib.font_manager:findfont: score(FontEntry(fname='/usr/share/fonts/gsfonts/NimbusMonoPS-BoldItalic.otf', name='Nimbus Mono PS', style='italic', variant='normal', weight=700, stretch='normal', size='scalable')) = 11.335
DEBUG:matplotlib.font_manager:findfont: score(FontEntry(fname='/usr/share/fonts/TTF/JetBrainsMonoNL-Regular.ttf', name='JetBrains Mono NL', style='normal', variant='normal', weight=400, stretch='normal', size='scalable')) = 10.05
DEBUG:matplotlib.font_manager:findfont: score(FontEntry(fname='/usr/share/fonts/TTF/IosevkaNerdFont-LightOblique.ttf', name='Iosevka NF', style='oblique', variant='normal', weight=300, stretch='normal', size='scalable')) = 11.145
DEBUG:matplotlib.font_manager:findfont: score(FontEntry(fname='/usr/share/fonts/TTF/IosevkaTermNerdFontMono-Bold.ttf', name='IosevkaTerm NFM', style='normal', variant='normal', weight=700, stretch='normal', size='scalable')) = 10.335
DEBUG:matplotlib.font_manager:findfont: score(FontEntry(fname='/usr/share/fonts/TTF/JetBrainsMono-ThinItalic.ttf', name='JetBrains Mono', style='italic', variant='normal', weight=100, stretch='normal', size='scalable')) = 11.335
DEBUG:matplotlib.font_manager:findfont: score(FontEntry(fname='/usr/share/fonts/TTF/JetBrainsMono-LightItalic.ttf', name='JetBrains Mono', style='italic', variant='normal', weight=300, stretch='normal', size='scalable')) = 11.145
DEBUG:matplotlib.font_manager:findfont: score(FontEntry(fname='/usr/share/fonts/TTF/JetBrainsMonoNLNerdFont-ExtraLight.ttf', name='JetBrainsMonoNL NF', style='normal', variant='normal', weight=200, stretch='normal', size='scalable')) = 10.24
DEBUG:matplotlib.font_manager:findfont: score(FontEntry(fname='/usr/share/fonts/ttf-maple/MapleMono-Regular.ttf', name='Maple Mono', style='normal', variant='normal', weight=400, stretch='normal', size='scalable')) = 10.05
DEBUG:matplotlib.font_manager:findfont: score(FontEntry(fname='/usr/share/fonts/TTF/JetBrainsMonoNerdFont-ExtraBold.ttf', name='JetBrainsMono NF', style='normal', variant='normal', weight=800, stretch='normal', size='scalable')) = 10.43
DEBUG:matplotlib.font_manager:findfont: score(FontEntry(fname='/usr/share/fonts/TTF/JetBrainsMonoNLNerdFontPropo-ThinItalic.ttf', name='JetBrainsMonoNL NFP', style='italic', variant='normal', weight=100, stretch='normal', size='scalable')) = 11.335
DEBUG:matplotlib.font_manager:findfont: score(FontEntry(fname='/usr/share/fonts/TTF/JetBrainsMonoNerdFont-Regular.ttf', name='JetBrainsMono NF', style='normal', variant='normal', weight=400, stretch='normal', size='scalable')) = 10.05
DEBUG:matplotlib.font_manager:findfont: score(FontEntry(fname='/usr/share/fonts/TTF/IosevkaTermNerdFontPropo-ExtraLightItalic.ttf', name='IosevkaTerm NFP', style='italic', variant='normal', weight=200, stretch='normal', size='scalable')) = 11.24
DEBUG:matplotlib.font_manager:findfont: score(FontEntry(fname='/usr/share/fonts/TTF/JetBrainsMono-Medium.ttf', name='JetBrains Mono', style='normal', variant='normal', weight=500, stretch='normal', size='scalable')) = 10.145
DEBUG:matplotlib.font_manager:findfont: score(FontEntry(fname='/usr/share/fonts/TTF/IosevkaNerdFontPropo-ExtraBoldOblique.ttf', name='Iosevka NFP', style='oblique', variant='normal', weight=800, stretch='normal', size='scalable')) = 11.43
DEBUG:matplotlib.font_manager:findfont: score(FontEntry(fname='/usr/share/fonts/ttf-maple/MapleMono-LightItalic.ttf', name='Maple Mono', style='italic', variant='normal', weight=300, stretch='normal', size='scalable')) = 11.145
DEBUG:matplotlib.font_manager:findfont: score(FontEntry(fname='/usr/share/fonts/TTF/GohaTibebZemen.ttf', name='Goha-Tibeb Zemen', style='normal', variant='normal', weight=500, stretch='normal', size='scalable')) = 10.145
DEBUG:matplotlib.font_manager:findfont: score(FontEntry(fname='/usr/share/fonts/TTF/JetBrainsMonoNerdFont-SemiBold.ttf', name='JetBrainsMono NF', style='normal', variant='normal', weight=600, stretch='normal', size='scalable')) = 10.24
DEBUG:matplotlib.font_manager:findfont: score(FontEntry(fname='/usr/share/fonts/adobe-source-code-pro/SourceCodePro-Regular.otf', name='Source Code Pro', style='normal', variant='normal', weight=400, stretch='normal', size='scalable')) = 10.05
DEBUG:matplotlib.font_manager:findfont: score(FontEntry(fname='/usr/share/fonts/gsfonts/NimbusSans-Bold.otf', name='Nimbus Sans', style='normal', variant='normal', weight=700, stretch='normal', size='scalable')) = 10.335
DEBUG:matplotlib.font_manager:findfont: score(FontEntry(fname='/usr/share/fonts/gnu-free/FreeMonoBoldOblique.otf', name='FreeMono', style='oblique', variant='normal', weight=700, stretch='normal', size='scalable')) = 11.335
DEBUG:matplotlib.font_manager:findfont: score(FontEntry(fname='/home/joseph/.fonts/MapleMono-NF-Light.ttf', name='Maple Mono NF', style='normal', variant='normal', weight=300, stretch='normal', size='scalable')) = 10.145
DEBUG:matplotlib.font_manager:findfont: score(FontEntry(fname='/usr/share/fonts/TTF/IosevkaNerdFontPropo-HeavyOblique.ttf', name='Iosevka NFP', style='oblique', variant='normal', weight=900, stretch='normal', size='scalable')) = 11.525
DEBUG:matplotlib.font_manager:findfont: score(FontEntry(fname='/usr/share/fonts/TTF/IosevkaNerdFont-BoldItalic.ttf', name='Iosevka NF', style='italic', variant='normal', weight=700, stretch='normal', size='scalable')) = 11.335
DEBUG:matplotlib.font_manager:findfont: score(FontEntry(fname='/usr/share/fonts/TTF/IosevkaTermNerdFontMono-SemiBold.ttf', name='IosevkaTerm NFM', style='normal', variant='normal', weight=600, stretch='normal', size='scalable')) = 10.24
DEBUG:matplotlib.font_manager:findfont: score(FontEntry(fname='/usr/share/fonts/ttf-maple/MapleMono-NF-BoldItalic.ttf', name='Maple Mono NF', style='italic', variant='normal', weight=700, stretch='normal', size='scalable')) = 11.335
DEBUG:matplotlib.font_manager:findfont: score(FontEntry(fname='/usr/share/fonts/TTF/IosevkaNerdFontMono-MediumOblique.ttf', name='Iosevka NFM', style='oblique', variant='normal', weight=500, stretch='normal', size='scalable')) = 11.145
DEBUG:matplotlib.font_manager:findfont: score(FontEntry(fname='/usr/share/fonts/TTF/IosevkaNerdFont-LightItalic.ttf', name='Iosevka NF', style='italic', variant='normal', weight=300, stretch='normal', size='scalable')) = 11.145
DEBUG:matplotlib.font_manager:findfont: score(FontEntry(fname='/usr/share/fonts/ttf-maple/MapleMono-SC-NF-Bold.ttf', name='Maple Mono SC NF', style='normal', variant='normal', weight=700, stretch='normal', size='scalable')) = 10.335
DEBUG:matplotlib.font_manager:findfont: score(FontEntry(fname='/usr/share/fonts/gsfonts/URWBookman-LightItalic.otf', name='URW Bookman', style='italic', variant='normal', weight=300, stretch='normal', size='scalable')) = 11.145
DEBUG:matplotlib.font_manager:findfont: score(FontEntry(fname='/usr/share/fonts/TTF/IosevkaNerdFontMono-SemiBold.ttf', name='Iosevka NFM', style='normal', variant='normal', weight=600, stretch='normal', size='scalable')) = 10.24
DEBUG:matplotlib.font_manager:findfont: score(FontEntry(fname='/usr/share/fonts/TTF/IosevkaTermNerdFontMono-Medium.ttf', name='IosevkaTerm NFM', style='normal', variant='normal', weight=500, stretch='normal', size='scalable')) = 10.145
DEBUG:matplotlib.font_manager:findfont: score(FontEntry(fname='/usr/share/fonts/TTF/IosevkaTermNerdFont-MediumItalic.ttf', name='IosevkaTerm NF', style='italic', variant='normal', weight=500, stretch='normal', size='scalable')) = 11.145
DEBUG:matplotlib.font_manager:findfont: score(FontEntry(fname='/home/joseph/.fonts/MapleMono-BoldItalic.ttf', name='Maple Mono', style='italic', variant='normal', weight=700, stretch='normal', size='scalable')) = 11.335
DEBUG:matplotlib.font_manager:findfont: score(FontEntry(fname='/usr/share/fonts/OTF/SyrCOMMardinBold.otf', name='Serto Mardin', style='normal', variant='normal', weight=700, stretch='normal', size='scalable')) = 10.335
DEBUG:matplotlib.font_manager:findfont: Matching sans\-serif:style=normal:variant=normal:weight=normal:stretch=normal:size=9.0 to DejaVu Sans ('/home/joseph/projects/follicle_fork/python_utilities/tissuegenenv/lib/python3.13/site-packages/matplotlib/mpl-data/fonts/ttf/DejaVuSans.ttf') with score of 0.050000.
DEBUG:root:ics_tab.py: fill_celltype_combobox(): ['oocyte', 'granulosa', 'matrix']
DEBUG:root:ics_tab.py: ------- fill_substrate_combobox
DEBUG:root: --> NaCl
DEBUG:matplotlib.colorbar:colorbar update normal <matplotlib.colors.Normalize object at 0x7626901a1150> <matplotlib.colors.Normalize object at 0x762690191010>
DEBUG:matplotlib.colorbar:locator: <matplotlib.ticker.AutoLocator object at 0x762691932f90>
DEBUG:matplotlib.colorbar:colorbar update normal <matplotlib.colors.Normalize object at 0x76268af2ba10> <matplotlib.colors.Normalize object at 0x7626901a1150>
DEBUG:matplotlib.colorbar:locator: <matplotlib.ticker.AutoLocator object at 0x7626901a1040>
DEBUG:root: --> EG
DEBUG:root:ics_tab.py: fill_celltype_combobox(): ['oocyte', 'granulosa', 'matrix']
DEBUG:root:ics_tab.py: ------- fill_substrate_combobox
DEBUG:matplotlib.colorbar:colorbar update normal <matplotlib.colors.Normalize object at 0x76269193f0e0> <matplotlib.colors.Normalize object at 0x76268af2ba10>
DEBUG:matplotlib.colorbar:locator: <matplotlib.ticker.AutoLocator object at 0x7626901a0f30>
DEBUG:matplotlib.colorbar:colorbar update normal <matplotlib.colors.Normalize object at 0x76269193ec80> <matplotlib.colors.Normalize object at 0x76269193f0e0>
DEBUG:matplotlib.colorbar:locator: <matplotlib.ticker.AutoLocator object at 0x762691941b50>
DEBUG:root: --> NaCl
DEBUG:matplotlib.colorbar:colorbar update normal <matplotlib.colors.Normalize object at 0x76269193e900> <matplotlib.colors.Normalize object at 0x76269193ec80>
DEBUG:matplotlib.colorbar:locator: <matplotlib.ticker.AutoLocator object at 0x762694e25c50>
DEBUG:matplotlib.colorbar:colorbar update normal <matplotlib.colors.Normalize object at 0x76269193f070> <matplotlib.colors.Normalize object at 0x76269193e900>
DEBUG:matplotlib.colorbar:locator: <matplotlib.ticker.AutoLocator object at 0x76268af58320>
DEBUG:root: --> EG
DEBUG:root:ics_tab.py: ------- fill_substrate_combobox
DEBUG:matplotlib.colorbar:colorbar update normal <matplotlib.colors.Normalize object at 0x76269193dd30> <matplotlib.colors.Normalize object at 0x76269193f070>
DEBUG:matplotlib.colorbar:locator: <matplotlib.ticker.AutoLocator object at 0x76268af58230>
DEBUG:matplotlib.colorbar:colorbar update normal <matplotlib.colors.Normalize object at 0x76269193f5b0> <matplotlib.colors.Normalize object at 0x76269193dd30>
DEBUG:matplotlib.colorbar:locator: <matplotlib.ticker.AutoLocator object at 0x76268af36190>
DEBUG:root: --> NaCl
DEBUG:matplotlib.colorbar:colorbar update normal <matplotlib.colors.Normalize object at 0x76269193eac0> <matplotlib.colors.Normalize object at 0x76269193f5b0>
DEBUG:matplotlib.colorbar:locator: <matplotlib.ticker.AutoLocator object at 0x76268af36350>
DEBUG:matplotlib.colorbar:colorbar update normal <matplotlib.colors.Normalize object at 0x76269193dd30> <matplotlib.colors.Normalize object at 0x76269193eac0>
DEBUG:matplotlib.colorbar:locator: <matplotlib.ticker.AutoLocator object at 0x762691927450>
DEBUG:root: --> EG
DEBUG:root:studio.py: calling vis_tab.substrates_cbox_changed_cb(2)
DEBUG:matplotlib.font_manager:findfont: Matching sans\-serif:style=normal:variant=normal:weight=normal:stretch=normal:size=7.0.
DEBUG:matplotlib.font_manager:findfont: score(FontEntry(fname='/home/joseph/projects/follicle_fork/python_utilities/tissuegenenv/lib/python3.13/site-packages/matplotlib/mpl-data/fonts/ttf/cmmi10.ttf', name='cmmi10', style='normal', variant='normal', weight=400, stretch='normal', size='scalable')) = 10.05
DEBUG:matplotlib.font_manager:findfont: score(FontEntry(fname='/home/joseph/projects/follicle_fork/python_utilities/tissuegenenv/lib/python3.13/site-packages/matplotlib/mpl-data/fonts/ttf/DejaVuSansMono-BoldOblique.ttf', name='DejaVu Sans Mono', style='oblique', variant='normal', weight=700, stretch='normal', size='scalable')) = 11.335
DEBUG:matplotlib.font_manager:findfont: score(FontEntry(fname='/home/joseph/projects/follicle_fork/python_utilities/tissuegenenv/lib/python3.13/site-packages/matplotlib/mpl-data/fonts/ttf/DejaVuSerif-BoldItalic.ttf', name='DejaVu Serif', style='italic', variant='normal', weight=700, stretch='normal', size='scalable')) = 11.335
DEBUG:matplotlib.font_manager:findfont: score(FontEntry(fname='/home/joseph/projects/follicle_fork/python_utilities/tissuegenenv/lib/python3.13/site-packages/matplotlib/mpl-data/fonts/ttf/STIXGeneral.ttf', name='STIXGeneral', style='normal', variant='normal', weight=400, stretch='normal', size='scalable')) = 10.05
DEBUG:matplotlib.font_manager:findfont: score(FontEntry(fname='/home/joseph/projects/follicle_fork/python_utilities/tissuegenenv/lib/python3.13/site-packages/matplotlib/mpl-data/fonts/ttf/DejaVuSansDisplay.ttf', name='DejaVu Sans Display', style='normal', variant='normal', weight=400, stretch='normal', size='scalable')) = 10.05
DEBUG:matplotlib.font_manager:findfont: score(FontEntry(fname='/home/joseph/projects/follicle_fork/python_utilities/tissuegenenv/lib/python3.13/site-packages/matplotlib/mpl-data/fonts/ttf/DejaVuSansMono.ttf', name='DejaVu Sans Mono', style='normal', variant='normal', weight=400, stretch='normal', size='scalable')) = 10.05
DEBUG:matplotlib.font_manager:findfont: score(FontEntry(fname='/home/joseph/projects/follicle_fork/python_utilities/tissuegenenv/lib/python3.13/site-packages/matplotlib/mpl-data/fonts/ttf/STIXGeneralItalic.ttf', name='STIXGeneral', style='italic', variant='normal', weight=400, stretch='normal', size='scalable')) = 11.05
DEBUG:matplotlib.font_manager:findfont: score(FontEntry(fname='/home/joseph/projects/follicle_fork/python_utilities/tissuegenenv/lib/python3.13/site-packages/matplotlib/mpl-data/fonts/ttf/STIXSizThreeSymBol.ttf', name='STIXSizeThreeSym', style='normal', variant='normal', weight=700, stretch='normal', size='scalable')) = 10.335
DEBUG:matplotlib.font_manager:findfont: score(FontEntry(fname='/home/joseph/projects/follicle_fork/python_utilities/tissuegenenv/lib/python3.13/site-packages/matplotlib/mpl-data/fonts/ttf/STIXNonUniBolIta.ttf', name='STIXNonUnicode', style='italic', variant='normal', weight=700, stretch='normal', size='scalable')) = 11.335
DEBUG:matplotlib.font_manager:findfont: score(FontEntry(fname='/home/joseph/projects/follicle_fork/python_utilities/tissuegenenv/lib/python3.13/site-packages/matplotlib/mpl-data/fonts/ttf/DejaVuSerif-Italic.ttf', name='DejaVu Serif', style='italic', variant='normal', weight=400, stretch='normal', size='scalable')) = 11.05
DEBUG:matplotlib.font_manager:findfont: score(FontEntry(fname='/home/joseph/projects/follicle_fork/python_utilities/tissuegenenv/lib/python3.13/site-packages/matplotlib/mpl-data/fonts/ttf/STIXSizTwoSymBol.ttf', name='STIXSizeTwoSym', style='normal', variant='normal', weight=700, stretch='normal', size='scalable')) = 10.335
DEBUG:matplotlib.font_manager:findfont: score(FontEntry(fname='/home/joseph/projects/follicle_fork/python_utilities/tissuegenenv/lib/python3.13/site-packages/matplotlib/mpl-data/fonts/ttf/STIXSizOneSymReg.ttf', name='STIXSizeOneSym', style='normal', variant='normal', weight=400, stretch='normal', size='scalable')) = 10.05
DEBUG:matplotlib.font_manager:findfont: score(FontEntry(fname='/home/joseph/projects/follicle_fork/python_utilities/tissuegenenv/lib/python3.13/site-packages/matplotlib/mpl-data/fonts/ttf/STIXGeneralBol.ttf', name='STIXGeneral', style='normal', variant='normal', weight=700, stretch='normal', size='scalable')) = 10.335
DEBUG:matplotlib.font_manager:findfont: score(FontEntry(fname='/home/joseph/projects/follicle_fork/python_utilities/tissuegenenv/lib/python3.13/site-packages/matplotlib/mpl-data/fonts/ttf/DejaVuSerifDisplay.ttf', name='DejaVu Serif Display', style='normal', variant='normal', weight=400, stretch='normal', size='scalable')) = 10.05
DEBUG:matplotlib.font_manager:findfont: score(FontEntry(fname='/home/joseph/projects/follicle_fork/python_utilities/tissuegenenv/lib/python3.13/site-packages/matplotlib/mpl-data/fonts/ttf/DejaVuSerif.ttf', name='DejaVu Serif', style='normal', variant='normal', weight=400, stretch='normal', size='scalable')) = 10.05
DEBUG:matplotlib.font_manager:findfont: score(FontEntry(fname='/home/joseph/projects/follicle_fork/python_utilities/tissuegenenv/lib/python3.13/site-packages/matplotlib/mpl-data/fonts/ttf/STIXNonUniIta.ttf', name='STIXNonUnicode', style='italic', variant='normal', weight=400, stretch='normal', size='scalable')) = 11.05
DEBUG:matplotlib.font_manager:findfont: score(FontEntry(fname='/home/joseph/projects/follicle_fork/python_utilities/tissuegenenv/lib/python3.13/site-packages/matplotlib/mpl-data/fonts/ttf/STIXSizFourSymBol.ttf', name='STIXSizeFourSym', style='normal', variant='normal', weight=700, stretch='normal', size='scalable')) = 10.335
DEBUG:matplotlib.font_manager:findfont: score(FontEntry(fname='/home/joseph/projects/follicle_fork/python_utilities/tissuegenenv/lib/python3.13/site-packages/matplotlib/mpl-data/fonts/ttf/STIXNonUni.ttf', name='STIXNonUnicode', style='normal', variant='normal', weight=400, stretch='normal', size='scalable')) = 10.05
DEBUG:matplotlib.font_manager:findfont: score(FontEntry(fname='/home/joseph/projects/follicle_fork/python_utilities/tissuegenenv/lib/python3.13/site-packages/matplotlib/mpl-data/fonts/ttf/DejaVuSans-Bold.ttf', name='DejaVu Sans', style='normal', variant='normal', weight=700, stretch='normal', size='scalable')) = 0.33499999999999996
DEBUG:matplotlib.font_manager:findfont: score(FontEntry(fname='/home/joseph/projects/follicle_fork/python_utilities/tissuegenenv/lib/python3.13/site-packages/matplotlib/mpl-data/fonts/ttf/cmb10.ttf', name='cmb10', style='normal', variant='normal', weight=400, stretch='normal', size='scalable')) = 10.05
DEBUG:matplotlib.font_manager:findfont: score(FontEntry(fname='/home/joseph/projects/follicle_fork/python_utilities/tissuegenenv/lib/python3.13/site-packages/matplotlib/mpl-data/fonts/ttf/cmex10.ttf', name='cmex10', style='normal', variant='normal', weight=400, stretch='normal', size='scalable')) = 10.05
DEBUG:matplotlib.font_manager:findfont: score(FontEntry(fname='/home/joseph/projects/follicle_fork/python_utilities/tissuegenenv/lib/python3.13/site-packages/matplotlib/mpl-data/fonts/ttf/cmsy10.ttf', name='cmsy10', style='normal', variant='normal', weight=400, stretch='normal', size='scalable')) = 10.05
DEBUG:matplotlib.font_manager:findfont: score(FontEntry(fname='/home/joseph/projects/follicle_fork/python_utilities/tissuegenenv/lib/python3.13/site-packages/matplotlib/mpl-data/fonts/ttf/STIXSizThreeSymReg.ttf', name='STIXSizeThreeSym', style='normal', variant='normal', weight=400, stretch='normal', size='scalable')) = 10.05
DEBUG:matplotlib.font_manager:findfont: score(FontEntry(fname='/home/joseph/projects/follicle_fork/python_utilities/tissuegenenv/lib/python3.13/site-packages/matplotlib/mpl-data/fonts/ttf/DejaVuSansMono-Bold.ttf', name='DejaVu Sans Mono', style='normal', variant='normal', weight=700, stretch='normal', size='scalable')) = 10.335
DEBUG:matplotlib.font_manager:findfont: score(FontEntry(fname='/home/joseph/projects/follicle_fork/python_utilities/tissuegenenv/lib/python3.13/site-packages/matplotlib/mpl-data/fonts/ttf/DejaVuSans-Oblique.ttf', name='DejaVu Sans', style='oblique', variant='normal', weight=400, stretch='normal', size='scalable')) = 1.05
DEBUG:matplotlib.font_manager:findfont: score(FontEntry(fname='/home/joseph/projects/follicle_fork/python_utilities/tissuegenenv/lib/python3.13/site-packages/matplotlib/mpl-data/fonts/ttf/cmtt10.ttf', name='cmtt10', style='normal', variant='normal', weight=400, stretch='normal', size='scalable')) = 10.05
DEBUG:matplotlib.font_manager:findfont: score(FontEntry(fname='/home/joseph/projects/follicle_fork/python_utilities/tissuegenenv/lib/python3.13/site-packages/matplotlib/mpl-data/fonts/ttf/STIXNonUniBol.ttf', name='STIXNonUnicode', style='normal', variant='normal', weight=700, stretch='normal', size='scalable')) = 10.335
DEBUG:matplotlib.font_manager:findfont: score(FontEntry(fname='/home/joseph/projects/follicle_fork/python_utilities/tissuegenenv/lib/python3.13/site-packages/matplotlib/mpl-data/fonts/ttf/DejaVuSans.ttf', name='DejaVu Sans', style='normal', variant='normal', weight=400, stretch='normal', size='scalable')) = 0.05
DEBUG:matplotlib.font_manager:findfont: score(FontEntry(fname='/home/joseph/projects/follicle_fork/python_utilities/tissuegenenv/lib/python3.13/site-packages/matplotlib/mpl-data/fonts/ttf/cmss10.ttf', name='cmss10', style='normal', variant='normal', weight=400, stretch='normal', size='scalable')) = 10.05
DEBUG:matplotlib.font_manager:findfont: score(FontEntry(fname='/home/joseph/projects/follicle_fork/python_utilities/tissuegenenv/lib/python3.13/site-packages/matplotlib/mpl-data/fonts/ttf/STIXSizFiveSymReg.ttf', name='STIXSizeFiveSym', style='normal', variant='normal', weight=400, stretch='normal', size='scalable')) = 10.05
DEBUG:matplotlib.font_manager:findfont: score(FontEntry(fname='/home/joseph/projects/follicle_fork/python_utilities/tissuegenenv/lib/python3.13/site-packages/matplotlib/mpl-data/fonts/ttf/DejaVuSansMono-Oblique.ttf', name='DejaVu Sans Mono', style='oblique', variant='normal', weight=400, stretch='normal', size='scalable')) = 11.05
DEBUG:matplotlib.font_manager:findfont: score(FontEntry(fname='/home/joseph/projects/follicle_fork/python_utilities/tissuegenenv/lib/python3.13/site-packages/matplotlib/mpl-data/fonts/ttf/STIXSizOneSymBol.ttf', name='STIXSizeOneSym', style='normal', variant='normal', weight=700, stretch='normal', size='scalable')) = 10.335
DEBUG:matplotlib.font_manager:findfont: score(FontEntry(fname='/home/joseph/projects/follicle_fork/python_utilities/tissuegenenv/lib/python3.13/site-packages/matplotlib/mpl-data/fonts/ttf/DejaVuSerif-Bold.ttf', name='DejaVu Serif', style='normal', variant='normal', weight=700, stretch='normal', size='scalable')) = 10.335
DEBUG:matplotlib.font_manager:findfont: score(FontEntry(fname='/home/joseph/projects/follicle_fork/python_utilities/tissuegenenv/lib/python3.13/site-packages/matplotlib/mpl-data/fonts/ttf/STIXSizTwoSymReg.ttf', name='STIXSizeTwoSym', style='normal', variant='normal', weight=400, stretch='normal', size='scalable')) = 10.05
DEBUG:matplotlib.font_manager:findfont: score(FontEntry(fname='/home/joseph/projects/follicle_fork/python_utilities/tissuegenenv/lib/python3.13/site-packages/matplotlib/mpl-data/fonts/ttf/cmr10.ttf', name='cmr10', style='normal', variant='normal', weight=400, stretch='normal', size='scalable')) = 10.05
DEBUG:matplotlib.font_manager:findfont: score(FontEntry(fname='/home/joseph/projects/follicle_fork/python_utilities/tissuegenenv/lib/python3.13/site-packages/matplotlib/mpl-data/fonts/ttf/DejaVuSans-BoldOblique.ttf', name='DejaVu Sans', style='oblique', variant='normal', weight=700, stretch='normal', size='scalable')) = 1.335
DEBUG:matplotlib.font_manager:findfont: score(FontEntry(fname='/home/joseph/projects/follicle_fork/python_utilities/tissuegenenv/lib/python3.13/site-packages/matplotlib/mpl-data/fonts/ttf/STIXGeneralBolIta.ttf', name='STIXGeneral', style='italic', variant='normal', weight=700, stretch='normal', size='scalable')) = 11.335
DEBUG:matplotlib.font_manager:findfont: score(FontEntry(fname='/home/joseph/projects/follicle_fork/python_utilities/tissuegenenv/lib/python3.13/site-packages/matplotlib/mpl-data/fonts/ttf/STIXSizFourSymReg.ttf', name='STIXSizeFourSym', style='normal', variant='normal', weight=400, stretch='normal', size='scalable')) = 10.05
DEBUG:matplotlib.font_manager:findfont: score(FontEntry(fname='/home/joseph/.fonts/MapleMono-SC-NF-BoldItalic.ttf', name='Maple Mono SC NF', style='italic', variant='normal', weight=700, stretch='normal', size='scalable')) = 11.335
DEBUG:matplotlib.font_manager:findfont: score(FontEntry(fname='/usr/share/fonts/TTF/IosevkaNerdFontMono-HeavyItalic.ttf', name='Iosevka NFM', style='italic', variant='normal', weight=900, stretch='normal', size='scalable')) = 11.525
DEBUG:matplotlib.font_manager:findfont: score(FontEntry(fname='/usr/share/fonts/gnu-free/FreeMonoBold.otf', name='FreeMono', style='normal', variant='normal', weight=700, stretch='normal', size='scalable')) = 10.335
DEBUG:matplotlib.font_manager:findfont: score(FontEntry(fname='/home/joseph/.fonts/MapleMono-SC-NF-Regular.ttf', name='Maple Mono SC NF', style='normal', variant='normal', weight=400, stretch='normal', size='scalable')) = 10.05
DEBUG:matplotlib.font_manager:findfont: score(FontEntry(fname='/usr/share/fonts/TTF/JetBrainsMonoNLNerdFontMono-ThinItalic.ttf', name='JetBrainsMonoNL NFM', style='italic', variant='normal', weight=100, stretch='normal', size='scalable')) = 11.335
DEBUG:matplotlib.font_manager:findfont: score(FontEntry(fname='/usr/share/fonts/TTF/IosevkaNerdFontMono-ExtraBold.ttf', name='Iosevka NFM', style='normal', variant='normal', weight=800, stretch='normal', size='scalable')) = 10.43
DEBUG:matplotlib.font_manager:findfont: score(FontEntry(fname='/usr/share/fonts/TTF/IosevkaTermNerdFontPropo-LightItalic.ttf', name='IosevkaTerm NFP', style='italic', variant='normal', weight=300, stretch='normal', size='scalable')) = 11.145
DEBUG:matplotlib.font_manager:findfont: score(FontEntry(fname='/usr/share/fonts/ttf-maple/MapleMono-Bold.ttf', name='Maple Mono', style='normal', variant='normal', weight=700, stretch='normal', size='scalable')) = 10.335
DEBUG:matplotlib.font_manager:findfont: score(FontEntry(fname='/usr/share/fonts/OTF/SyrCOMUrhoyBold.otf', name='Serto Urhoy', style='normal', variant='normal', weight=700, stretch='normal', size='scalable')) = 10.335
DEBUG:matplotlib.font_manager:findfont: score(FontEntry(fname='/usr/share/fonts/TTF/IosevkaNerdFont-SemiBoldItalic.ttf', name='Iosevka NF', style='italic', variant='normal', weight=600, stretch='normal', size='scalable')) = 11.24
DEBUG:matplotlib.font_manager:findfont: score(FontEntry(fname='/usr/share/fonts/Unifont/Unifont_CSUR.ttf', name='Unifont CSUR', style='normal', variant='normal', weight=500, stretch='normal', size='scalable')) = 10.145
DEBUG:matplotlib.font_manager:findfont: score(FontEntry(fname='/usr/share/fonts/TTF/IosevkaNerdFontPropo-MediumItalic.ttf', name='Iosevka NFP', style='italic', variant='normal', weight=500, stretch='normal', size='scalable')) = 11.145
DEBUG:matplotlib.font_manager:findfont: score(FontEntry(fname='/usr/share/fonts/TTF/IosevkaNerdFontMono-BoldItalic.ttf', name='Iosevka NFM', style='italic', variant='normal', weight=700, stretch='normal', size='scalable')) = 11.335
DEBUG:matplotlib.font_manager:findfont: score(FontEntry(fname='/usr/share/fonts/TTF/IosevkaNerdFontPropo-Thin.ttf', name='Iosevka NFP', style='normal', variant='normal', weight=100, stretch='normal', size='scalable')) = 10.335
DEBUG:matplotlib.font_manager:findfont: score(FontEntry(fname='/usr/share/fonts/TTF/IosevkaTermNerdFont-SemiBoldOblique.ttf', name='IosevkaTerm NF', style='oblique', variant='normal', weight=600, stretch='normal', size='scalable')) = 11.24
DEBUG:matplotlib.font_manager:findfont: score(FontEntry(fname='/usr/share/fonts/TTF/IosevkaNerdFont-ExtraLightOblique.ttf', name='Iosevka NF', style='oblique', variant='normal', weight=200, stretch='normal', size='scalable')) = 11.24
DEBUG:matplotlib.font_manager:findfont: score(FontEntry(fname='/usr/share/fonts/TTF/JetBrainsMonoNLNerdFontMono-ExtraLight.ttf', name='JetBrainsMonoNL NFM', style='normal', variant='normal', weight=200, stretch='normal', size='scalable')) = 10.24
DEBUG:matplotlib.font_manager:findfont: score(FontEntry(fname='/usr/share/fonts/liberation/LiberationMono-Italic.ttf', name='Liberation Mono', style='italic', variant='normal', weight=400, stretch='normal', size='scalable')) = 11.05
DEBUG:matplotlib.font_manager:findfont: score(FontEntry(fname='/usr/share/fonts/liberation/LiberationMono-Regular.ttf', name='Liberation Mono', style='normal', variant='normal', weight=400, stretch='normal', size='scalable')) = 10.05
DEBUG:matplotlib.font_manager:findfont: score(FontEntry(fname='/usr/share/fonts/TTF/IosevkaNerdFontPropo-LightItalic.ttf', name='Iosevka NFP', style='italic', variant='normal', weight=300, stretch='normal', size='scalable')) = 11.145
DEBUG:matplotlib.font_manager:findfont: score(FontEntry(fname='/usr/share/fonts/TTF/JetBrainsMonoNLNerdFontMono-SemiBold.ttf', name='JetBrainsMonoNL NFM', style='normal', variant='normal', weight=600, stretch='normal', size='scalable')) = 10.24
DEBUG:matplotlib.font_manager:findfont: score(FontEntry(fname='/home/joseph/.local/share/fonts/Iosevka-Nerd-Font-Complete.ttf', name='Iosevka', style='normal', variant='normal', weight=400, stretch='normal', size='scalable')) = 10.05
DEBUG:matplotlib.font_manager:findfont: score(FontEntry(fname='/usr/share/fonts/TTF/Roboto-Regular.ttf', name='Roboto', style='normal', variant='normal', weight=400, stretch='normal', size='scalable')) = 10.05
DEBUG:matplotlib.font_manager:findfont: score(FontEntry(fname='/usr/share/fonts/gsfonts/NimbusSans-BoldItalic.otf', name='Nimbus Sans', style='italic', variant='normal', weight=700, stretch='normal', size='scalable')) = 11.335
DEBUG:matplotlib.font_manager:findfont: score(FontEntry(fname='/usr/share/fonts/TTF/IosevkaTermNerdFontMono-Heavy.ttf', name='IosevkaTerm NFM', style='normal', variant='normal', weight=900, stretch='normal', size='scalable')) = 10.525
DEBUG:matplotlib.font_manager:findfont: score(FontEntry(fname='/usr/share/fonts/TTF/JetBrainsMonoNLNerdFontPropo-ExtraBold.ttf', name='JetBrainsMonoNL NFP', style='normal', variant='normal', weight=800, stretch='normal', size='scalable')) = 10.43
DEBUG:matplotlib.font_manager:findfont: score(FontEntry(fname='/usr/share/fonts/gsfonts/NimbusMonoPS-Regular.otf', name='Nimbus Mono PS', style='normal', variant='normal', weight=400, stretch='normal', size='scalable')) = 10.05
DEBUG:matplotlib.font_manager:findfont: score(FontEntry(fname='/home/joseph/.local/share/fonts/JetBrains-Mono-Nerd-Font-Complete.ttf', name='JetBrainsMono Nerd Font', style='normal', variant='normal', weight=400, stretch='normal', size='scalable')) = 10.05
DEBUG:matplotlib.font_manager:findfont: score(FontEntry(fname='/usr/share/fonts/TTF/JetBrainsMono-BoldItalic.ttf', name='JetBrains Mono', style='italic', variant='normal', weight=700, stretch='normal', size='scalable')) = 11.335
DEBUG:matplotlib.font_manager:findfont: score(FontEntry(fname='/usr/share/fonts/TTF/IosevkaTermNerdFontPropo-MediumOblique.ttf', name='IosevkaTerm NFP', style='oblique', variant='normal', weight=500, stretch='normal', size='scalable')) = 11.145
DEBUG:matplotlib.font_manager:findfont: score(FontEntry(fname='/usr/share/fonts/TTF/JetBrainsMonoNerdFontPropo-Thin.ttf', name='JetBrainsMono NFP', style='normal', variant='normal', weight=100, stretch='normal', size='scalable')) = 10.335
DEBUG:matplotlib.font_manager:findfont: score(FontEntry(fname='/usr/share/fonts/TTF/IosevkaTermNerdFont-SemiBold.ttf', name='IosevkaTerm NF', style='normal', variant='normal', weight=600, stretch='normal', size='scalable')) = 10.24
DEBUG:matplotlib.font_manager:findfont: score(FontEntry(fname='/usr/share/fonts/TTF/JetBrainsMonoNL-Thin.ttf', name='JetBrains Mono NL', style='normal', variant='normal', weight=100, stretch='normal', size='scalable')) = 10.335
DEBUG:matplotlib.font_manager:findfont: score(FontEntry(fname='/usr/share/fonts/liberation/LiberationSerif-Bold.ttf', name='Liberation Serif', style='normal', variant='normal', weight=700, stretch='normal', size='scalable')) = 10.335
DEBUG:matplotlib.font_manager:findfont: score(FontEntry(fname='/usr/share/fonts/TTF/IosevkaNerdFontMono-ExtraBoldOblique.ttf', name='Iosevka NFM', style='oblique', variant='normal', weight=800, stretch='normal', size='scalable')) = 11.43
DEBUG:matplotlib.font_manager:findfont: score(FontEntry(fname='/usr/share/fonts/TTF/IosevkaTermNerdFontPropo-Regular.ttf', name='IosevkaTerm NFP', style='normal', variant='normal', weight=400, stretch='normal', size='scalable')) = 10.05
DEBUG:matplotlib.font_manager:findfont: score(FontEntry(fname='/usr/share/fonts/TTF/IosevkaTermNerdFontMono-ExtraLightOblique.ttf', name='IosevkaTerm NFM', style='oblique', variant='normal', weight=200, stretch='normal', size='scalable')) = 11.24
DEBUG:matplotlib.font_manager:findfont: score(FontEntry(fname='/usr/share/fonts/TTF/IosevkaTermNerdFont-ExtraLightItalic.ttf', name='IosevkaTerm NF', style='italic', variant='normal', weight=200, stretch='normal', size='scalable')) = 11.24
DEBUG:matplotlib.font_manager:findfont: score(FontEntry(fname='/usr/share/fonts/ttf-maple/MapleMono-BoldItalic.ttf', name='Maple Mono', style='italic', variant='normal', weight=700, stretch='normal', size='scalable')) = 11.335
DEBUG:matplotlib.font_manager:findfont: score(FontEntry(fname='/usr/share/fonts/TTF/IosevkaTermNerdFontMono-ThinItalic.ttf', name='IosevkaTerm NFM', style='italic', variant='normal', weight=100, stretch='normal', size='scalable')) = 11.335
DEBUG:matplotlib.font_manager:findfont: score(FontEntry(fname='/usr/share/fonts/TTF/Roboto-Light.ttf', name='Roboto', style='normal', variant='normal', weight=300, stretch='normal', size='scalable')) = 10.145
DEBUG:matplotlib.font_manager:findfont: score(FontEntry(fname='/usr/share/fonts/TTF/RobotoCondensed-BoldItalic.ttf', name='Roboto Condensed', style='italic', variant='normal', weight=700, stretch='condensed', size='scalable')) = 11.535
DEBUG:matplotlib.font_manager:findfont: score(FontEntry(fname='/usr/share/fonts/adobe-source-code-pro/SourceCodePro-Bold.otf', name='Source Code Pro', style='normal', variant='normal', weight=700, stretch='normal', size='scalable')) = 10.335
DEBUG:matplotlib.font_manager:findfont: score(FontEntry(fname='/usr/share/fonts/TTF/Roboto-Medium.ttf', name='Roboto', style='normal', variant='normal', weight=500, stretch='normal', size='scalable')) = 10.145
DEBUG:matplotlib.font_manager:findfont: score(FontEntry(fname='/usr/share/fonts/gnu-free/FreeSansBold.otf', name='FreeSans', style='normal', variant='normal', weight=600, stretch='normal', size='scalable')) = 10.24
DEBUG:matplotlib.font_manager:findfont: score(FontEntry(fname='/usr/share/fonts/TTF/JetBrainsMonoNerdFontPropo-ThinItalic.ttf', name='JetBrainsMono NFP', style='italic', variant='normal', weight=100, stretch='normal', size='scalable')) = 11.335
DEBUG:matplotlib.font_manager:findfont: score(FontEntry(fname='/usr/share/fonts/adobe-source-code-pro/SourceCodePro-BlackIt.otf', name='Source Code Pro', style='italic', variant='normal', weight=900, stretch='normal', size='scalable')) = 11.525
DEBUG:matplotlib.font_manager:findfont: score(FontEntry(fname='/usr/share/fonts/TTF/IosevkaNerdFontPropo-ExtraLight.ttf', name='Iosevka NFP', style='normal', variant='normal', weight=200, stretch='normal', size='scalable')) = 10.24
DEBUG:matplotlib.font_manager:findfont: score(FontEntry(fname='/usr/share/fonts/liberation/LiberationSans-Bold.ttf', name='Liberation Sans', style='normal', variant='normal', weight=700, stretch='normal', size='scalable')) = 10.335
DEBUG:matplotlib.font_manager:findfont: score(FontEntry(fname='/usr/share/fonts/TTF/JetBrainsMonoNerdFontMono-ExtraLight.ttf', name='JetBrainsMono NFM', style='normal', variant='normal', weight=200, stretch='normal', size='scalable')) = 10.24
DEBUG:matplotlib.font_manager:findfont: score(FontEntry(fname='/usr/share/fonts/TTF/IosevkaNerdFontPropo-Bold.ttf', name='Iosevka NFP', style='normal', variant='normal', weight=700, stretch='normal', size='scalable')) = 10.335
DEBUG:matplotlib.font_manager:findfont: score(FontEntry(fname='/usr/share/fonts/OTF/SyrCOMKharput.otf', name='Serto Kharput', style='normal', variant='normal', weight=400, stretch='normal', size='scalable')) = 10.05
DEBUG:matplotlib.font_manager:findfont: score(FontEntry(fname='/usr/share/fonts/TTF/IosevkaNerdFontMono-LightOblique.ttf', name='Iosevka NFM', style='oblique', variant='normal', weight=300, stretch='normal', size='scalable')) = 11.145
DEBUG:matplotlib.font_manager:findfont: score(FontEntry(fname='/usr/share/fonts/OTF/SyrCOMNisibinOutline.otf', name='Estrangelo Nisibin Outline', style='normal', variant='normal', weight=400, stretch='normal', size='scalable')) = 10.05
DEBUG:matplotlib.font_manager:findfont: score(FontEntry(fname='/usr/share/fonts/TTF/IosevkaTermNerdFontPropo-HeavyItalic.ttf', name='IosevkaTerm NFP', style='italic', variant='normal', weight=900, stretch='normal', size='scalable')) = 11.525
DEBUG:matplotlib.font_manager:findfont: score(FontEntry(fname='/usr/share/fonts/TTF/IosevkaTermNerdFontPropo-SemiBoldOblique.ttf', name='IosevkaTerm NFP', style='oblique', variant='normal', weight=600, stretch='normal', size='scalable')) = 11.24
DEBUG:matplotlib.font_manager:findfont: score(FontEntry(fname='/usr/share/fonts/TTF/IosevkaNerdFontMono-Light.ttf', name='Iosevka NFM', style='normal', variant='normal', weight=300, stretch='normal', size='scalable')) = 10.145
DEBUG:matplotlib.font_manager:findfont: score(FontEntry(fname='/usr/share/fonts/TTF/InconsolataNerdFontMono-Bold.ttf', name='Inconsolata Nerd Font Mono', style='normal', variant='normal', weight=700, stretch='normal', size='scalable')) = 10.335
DEBUG:matplotlib.font_manager:findfont: score(FontEntry(fname='/usr/share/fonts/TTF/JetBrainsMonoNLNerdFont-ExtraLightItalic.ttf', name='JetBrainsMonoNL NF', style='italic', variant='normal', weight=200, stretch='normal', size='scalable')) = 11.24
DEBUG:matplotlib.font_manager:findfont: score(FontEntry(fname='/usr/share/fonts/TTF/InconsolataNerdFontPropo-Bold.ttf', name='Inconsolata Nerd Font Propo', style='normal', variant='normal', weight=700, stretch='normal', size='scalable')) = 10.335
DEBUG:matplotlib.font_manager:findfont: score(FontEntry(fname='/usr/share/fonts/TTF/JetBrainsMono-Regular.ttf', name='JetBrains Mono', style='normal', variant='normal', weight=400, stretch='normal', size='scalable')) = 10.05
DEBUG:matplotlib.font_manager:findfont: score(FontEntry(fname='/usr/share/fonts/TTF/IosevkaNerdFontMono-Regular.ttf', name='Iosevka NFM', style='normal', variant='normal', weight=400, stretch='normal', size='scalable')) = 10.05
DEBUG:matplotlib.font_manager:findfont: score(FontEntry(fname='/usr/share/fonts/liberation/LiberationMono-Bold.ttf', name='Liberation Mono', style='normal', variant='normal', weight=700, stretch='normal', size='scalable')) = 10.335
DEBUG:matplotlib.font_manager:findfont: score(FontEntry(fname='/usr/share/fonts/gnu-free/FreeSansBoldOblique.otf', name='FreeSans', style='oblique', variant='normal', weight=600, stretch='normal', size='scalable')) = 11.24
DEBUG:matplotlib.font_manager:findfont: score(FontEntry(fname='/usr/share/fonts/TTF/JetBrainsMonoNLNerdFont-BoldItalic.ttf', name='JetBrainsMonoNL NF', style='italic', variant='normal', weight=700, stretch='normal', size='scalable')) = 11.335
DEBUG:matplotlib.font_manager:findfont: score(FontEntry(fname='/usr/share/fonts/TTF/JetBrainsMonoNLNerdFont-Medium.ttf', name='JetBrainsMonoNL NF', style='normal', variant='normal', weight=500, stretch='normal', size='scalable')) = 10.145
DEBUG:matplotlib.font_manager:findfont: score(FontEntry(fname='/usr/share/fonts/TTF/JetBrainsMonoNLNerdFontPropo-Regular.ttf', name='JetBrainsMonoNL NFP', style='normal', variant='normal', weight=400, stretch='normal', size='scalable')) = 10.05
DEBUG:matplotlib.font_manager:findfont: score(FontEntry(fname='/usr/share/fonts/TTF/IosevkaTermNerdFont-BoldItalic.ttf', name='IosevkaTerm NF', style='italic', variant='normal', weight=700, stretch='normal', size='scalable')) = 11.335
DEBUG:matplotlib.font_manager:findfont: score(FontEntry(fname='/usr/share/fonts/gsfonts/P052-BoldItalic.otf', name='P052', style='italic', variant='normal', weight=700, stretch='normal', size='scalable')) = 11.335
DEBUG:matplotlib.font_manager:findfont: score(FontEntry(fname='/usr/share/fonts/TTF/IosevkaTermNerdFontMono-SemiBoldItalic.ttf', name='IosevkaTerm NFM', style='italic', variant='normal', weight=600, stretch='normal', size='scalable')) = 11.24
DEBUG:matplotlib.font_manager:findfont: score(FontEntry(fname='/usr/share/fonts/TTF/IosevkaTermNerdFont-LightItalic.ttf', name='IosevkaTerm NF', style='italic', variant='normal', weight=300, stretch='normal', size='scalable')) = 11.145
DEBUG:matplotlib.font_manager:findfont: score(FontEntry(fname='/usr/share/fonts/TTF/IosevkaTermNerdFontMono-ThinOblique.ttf', name='IosevkaTerm NFM', style='oblique', variant='normal', weight=100, stretch='normal', size='scalable')) = 11.335
DEBUG:matplotlib.font_manager:findfont: score(FontEntry(fname='/usr/share/fonts/TTF/IosevkaNerdFontMono-Bold.ttf', name='Iosevka NFM', style='normal', variant='normal', weight=700, stretch='normal', size='scalable')) = 10.335
DEBUG:matplotlib.font_manager:findfont: score(FontEntry(fname='/usr/share/fonts/TTF/JetBrainsMonoNLNerdFontMono-Regular.ttf', name='JetBrainsMonoNL NFM', style='normal', variant='normal', weight=400, stretch='normal', size='scalable')) = 10.05
DEBUG:matplotlib.font_manager:findfont: score(FontEntry(fname='/usr/share/fonts/TTF/IosevkaTermNerdFont-ExtraBoldOblique.ttf', name='IosevkaTerm NF', style='oblique', variant='normal', weight=800, stretch='normal', size='scalable')) = 11.43
DEBUG:matplotlib.font_manager:findfont: score(FontEntry(fname='/usr/share/fonts/TTF/JetBrainsMonoNLNerdFont-Bold.ttf', name='JetBrainsMonoNL NF', style='normal', variant='normal', weight=700, stretch='normal', size='scalable')) = 10.335
DEBUG:matplotlib.font_manager:findfont: score(FontEntry(fname='/usr/share/fonts/Unifont/Unifont_jp.ttf', name='Unifont-JP', style='normal', variant='normal', weight=500, stretch='normal', size='scalable')) = 10.145
DEBUG:matplotlib.font_manager:findfont: score(FontEntry(fname='/usr/share/fonts/liberation/LiberationSerif-Regular.ttf', name='Liberation Serif', style='normal', variant='normal', weight=400, stretch='normal', size='scalable')) = 10.05
DEBUG:matplotlib.font_manager:findfont: score(FontEntry(fname='/usr/share/fonts/TTF/JetBrainsMonoNL-ExtraBoldItalic.ttf', name='JetBrains Mono NL', style='italic', variant='normal', weight=800, stretch='normal', size='scalable')) = 11.43
DEBUG:matplotlib.font_manager:findfont: score(FontEntry(fname='/usr/share/fonts/OTF/SyrCOMBatnanBold.otf', name='Serto Batnan', style='normal', variant='normal', weight=700, stretch='normal', size='scalable')) = 10.335
DEBUG:matplotlib.font_manager:findfont: score(FontEntry(fname='/home/joseph/.fonts/MapleMono-Light.ttf', name='Maple Mono', style='normal', variant='normal', weight=300, stretch='normal', size='scalable')) = 10.145
DEBUG:matplotlib.font_manager:findfont: score(FontEntry(fname='/usr/share/fonts/TTF/IosevkaTermNerdFontPropo-SemiBoldItalic.ttf', name='IosevkaTerm NFP', style='italic', variant='normal', weight=600, stretch='normal', size='scalable')) = 11.24
DEBUG:matplotlib.font_manager:findfont: score(FontEntry(fname='/usr/share/fonts/ttf-maple/MapleMono-SC-NF-Light.ttf', name='Maple Mono SC NF', style='normal', variant='normal', weight=300, stretch='normal', size='scalable')) = 10.145
DEBUG:matplotlib.font_manager:findfont: score(FontEntry(fname='/usr/share/fonts/OTF/SyrCOMNisibin.otf', name='Estrangelo Nisibin', style='normal', variant='normal', weight=400, stretch='normal', size='scalable')) = 10.05
DEBUG:matplotlib.font_manager:findfont: score(FontEntry(fname='/home/joseph/.local/share/fonts/Icomoon-Feather.ttf', name='feather', style='normal', variant='normal', weight=400, stretch='normal', size='scalable')) = 10.05
DEBUG:matplotlib.font_manager:findfont: score(FontEntry(fname='/usr/share/fonts/TTF/JetBrainsMonoNL-SemiBold.ttf', name='JetBrains Mono NL', style='normal', variant='normal', weight=600, stretch='normal', size='scalable')) = 10.24
DEBUG:matplotlib.font_manager:findfont: score(FontEntry(fname='/usr/share/fonts/TTF/IosevkaNerdFontMono-ExtraLight.ttf', name='Iosevka NFM', style='normal', variant='normal', weight=200, stretch='normal', size='scalable')) = 10.24
DEBUG:matplotlib.font_manager:findfont: score(FontEntry(fname='/usr/share/fonts/TTF/IosevkaTermNerdFontMono-LightItalic.ttf', name='IosevkaTerm NFM', style='italic', variant='normal', weight=300, stretch='normal', size='scalable')) = 11.145
DEBUG:matplotlib.font_manager:findfont: score(FontEntry(fname='/usr/share/fonts/TTF/JetBrainsMonoNLNerdFontMono-MediumItalic.ttf', name='JetBrainsMonoNL NFM', style='italic', variant='normal', weight=500, stretch='normal', size='scalable')) = 11.145
DEBUG:matplotlib.font_manager:findfont: score(FontEntry(fname='/usr/share/fonts/TTF/IosevkaNerdFont-SemiBoldOblique.ttf', name='Iosevka NF', style='oblique', variant='normal', weight=600, stretch='normal', size='scalable')) = 11.24
DEBUG:matplotlib.font_manager:findfont: score(FontEntry(fname='/usr/share/fonts/TTF/JetBrainsMonoNLNerdFontMono-Bold.ttf', name='JetBrainsMonoNL NFM', style='normal', variant='normal', weight=700, stretch='normal', size='scalable')) = 10.335
DEBUG:matplotlib.font_manager:findfont: score(FontEntry(fname='/home/joseph/.fonts/MapleMono-Regular.ttf', name='Maple Mono', style='normal', variant='normal', weight=400, stretch='normal', size='scalable')) = 10.05
DEBUG:matplotlib.font_manager:findfont: score(FontEntry(fname='/usr/share/fonts/TTF/IosevkaNerdFontPropo-BoldOblique.ttf', name='Iosevka NFP', style='oblique', variant='normal', weight=700, stretch='normal', size='scalable')) = 11.335
DEBUG:matplotlib.font_manager:findfont: score(FontEntry(fname='/usr/share/fonts/TTF/Roboto-BoldItalic.ttf', name='Roboto', style='italic', variant='normal', weight=700, stretch='normal', size='scalable')) = 11.335
DEBUG:matplotlib.font_manager:findfont: score(FontEntry(fname='/usr/share/fonts/TTF/IosevkaNerdFontPropo-Medium.ttf', name='Iosevka NFP', style='normal', variant='normal', weight=500, stretch='normal', size='scalable')) = 10.145
DEBUG:matplotlib.font_manager:findfont: score(FontEntry(fname='/usr/share/fonts/liberation/LiberationSans-Italic.ttf', name='Liberation Sans', style='italic', variant='normal', weight=400, stretch='normal', size='scalable')) = 11.05
DEBUG:matplotlib.font_manager:findfont: score(FontEntry(fname='/home/joseph/.fonts/Ubuntu.ttf', name='Ubuntu', style='normal', variant='normal', weight=400, stretch='normal', size='scalable')) = 10.05
DEBUG:matplotlib.font_manager:findfont: score(FontEntry(fname='/usr/share/fonts/TTF/JetBrainsMonoNLNerdFont-SemiBold.ttf', name='JetBrainsMonoNL NF', style='normal', variant='normal', weight=600, stretch='normal', size='scalable')) = 10.24
DEBUG:matplotlib.font_manager:findfont: score(FontEntry(fname='/usr/share/fonts/TTF/IosevkaNerdFontPropo-ExtraBold.ttf', name='Iosevka NFP', style='normal', variant='normal', weight=800, stretch='normal', size='scalable')) = 10.43
DEBUG:matplotlib.font_manager:findfont: score(FontEntry(fname='/usr/share/fonts/TTF/JetBrainsMono-Italic.ttf', name='JetBrains Mono', style='italic', variant='normal', weight=400, stretch='normal', size='scalable')) = 11.05
DEBUG:matplotlib.font_manager:findfont: score(FontEntry(fname='/usr/share/fonts/TTF/JetBrainsMonoNLNerdFontPropo-LightItalic.ttf', name='JetBrainsMonoNL NFP', style='italic', variant='normal', weight=300, stretch='normal', size='scalable')) = 11.145
DEBUG:matplotlib.font_manager:findfont: score(FontEntry(fname='/usr/share/fonts/TTF/InconsolataNerdFontMono-Regular.ttf', name='Inconsolata Nerd Font Mono', style='normal', variant='normal', weight=400, stretch='normal', size='scalable')) = 10.05
DEBUG:matplotlib.font_manager:findfont: score(FontEntry(fname='/usr/share/fonts/TTF/JetBrainsMonoNerdFontMono-MediumItalic.ttf', name='JetBrainsMono NFM', style='italic', variant='normal', weight=500, stretch='normal', size='scalable')) = 11.145
DEBUG:matplotlib.font_manager:findfont: score(FontEntry(fname='/usr/share/fonts/adobe-source-code-pro/SourceCodePro-SemiboldIt.otf', name='Source Code Pro', style='italic', variant='normal', weight=600, stretch='normal', size='scalable')) = 11.24
DEBUG:matplotlib.font_manager:findfont: score(FontEntry(fname='/usr/share/fonts/gnu-free/FreeSerifItalic.otf', name='FreeSerif', style='italic', variant='normal', weight=400, stretch='normal', size='scalable')) = 11.05
DEBUG:matplotlib.font_manager:findfont: score(FontEntry(fname='/usr/share/fonts/adobe-source-code-pro/SourceCodePro-Light.otf', name='Source Code Pro', style='normal', variant='normal', weight=300, stretch='normal', size='scalable')) = 10.145
DEBUG:matplotlib.font_manager:findfont: score(FontEntry(fname='/usr/share/fonts/gsfonts/URWBookman-Light.otf', name='URW Bookman', style='normal', variant='normal', weight=300, stretch='normal', size='scalable')) = 10.145
DEBUG:matplotlib.font_manager:findfont: score(FontEntry(fname='/usr/share/fonts/gsfonts/P052-Roman.otf', name='P052', style='normal', variant='normal', weight=400, stretch='normal', size='scalable')) = 10.05
DEBUG:matplotlib.font_manager:findfont: score(FontEntry(fname='/usr/share/fonts/TTF/Roboto-LightItalic.ttf', name='Roboto', style='italic', variant='normal', weight=300, stretch='normal', size='scalable')) = 11.145
DEBUG:matplotlib.font_manager:findfont: score(FontEntry(fname='/usr/share/fonts/TTF/JetBrainsMonoNLNerdFontMono-ExtraBoldItalic.ttf', name='JetBrainsMonoNL NFM', style='italic', variant='normal', weight=800, stretch='normal', size='scalable')) = 11.43
DEBUG:matplotlib.font_manager:findfont: score(FontEntry(fname='/usr/share/fonts/gsfonts/C059-Bold.otf', name='C059', style='normal', variant='normal', weight=700, stretch='normal', size='scalable')) = 10.335
DEBUG:matplotlib.font_manager:findfont: score(FontEntry(fname='/usr/share/fonts/TTF/JetBrainsMonoNLNerdFontPropo-Italic.ttf', name='JetBrainsMonoNL NFP', style='italic', variant='normal', weight=400, stretch='normal', size='scalable')) = 11.05
DEBUG:matplotlib.font_manager:findfont: score(FontEntry(fname='/usr/share/fonts/TTF/JetBrainsMonoNLNerdFontMono-LightItalic.ttf', name='JetBrainsMonoNL NFM', style='italic', variant='normal', weight=300, stretch='normal', size='scalable')) = 11.145
DEBUG:matplotlib.font_manager:findfont: score(FontEntry(fname='/usr/share/fonts/gsfonts/NimbusRoman-BoldItalic.otf', name='Nimbus Roman', style='italic', variant='normal', weight=700, stretch='normal', size='scalable')) = 11.335
DEBUG:matplotlib.font_manager:findfont: score(FontEntry(fname='/usr/share/fonts/TTF/IosevkaNerdFont-Italic.ttf', name='Iosevka NF', style='italic', variant='normal', weight=400, stretch='normal', size='scalable')) = 11.05
DEBUG:matplotlib.font_manager:findfont: score(FontEntry(fname='/usr/share/fonts/TTF/IosevkaNerdFontMono-SemiBoldItalic.ttf', name='Iosevka NFM', style='italic', variant='normal', weight=600, stretch='normal', size='scalable')) = 11.24
DEBUG:matplotlib.font_manager:findfont: score(FontEntry(fname='/usr/share/fonts/ttf-maple/MapleMono-NF-Regular.ttf', name='Maple Mono NF', style='normal', variant='normal', weight=400, stretch='normal', size='scalable')) = 10.05
DEBUG:matplotlib.font_manager:findfont: score(FontEntry(fname='/usr/share/fonts/TTF/IosevkaNerdFont-HeavyItalic.ttf', name='Iosevka NF', style='italic', variant='normal', weight=900, stretch='normal', size='scalable')) = 11.525
DEBUG:matplotlib.font_manager:findfont: score(FontEntry(fname='/usr/share/fonts/TTF/RobotoCondensed-LightItalic.ttf', name='Roboto Condensed', style='italic', variant='normal', weight=300, stretch='condensed', size='scalable')) = 11.344999999999999
DEBUG:matplotlib.font_manager:findfont: score(FontEntry(fname='/usr/share/fonts/gnu-free/FreeSansOblique.otf', name='FreeSans', style='oblique', variant='normal', weight=400, stretch='normal', size='scalable')) = 11.05
DEBUG:matplotlib.font_manager:findfont: score(FontEntry(fname='/usr/share/fonts/gsfonts/NimbusSans-Regular.otf', name='Nimbus Sans', style='normal', variant='normal', weight=400, stretch='normal', size='scalable')) = 10.05
DEBUG:matplotlib.font_manager:findfont: score(FontEntry(fname='/usr/share/fonts/TTF/IosevkaTermNerdFont-Heavy.ttf', name='IosevkaTerm NF', style='normal', variant='normal', weight=900, stretch='normal', size='scalable')) = 10.525
DEBUG:matplotlib.font_manager:findfont: score(FontEntry(fname='/usr/share/fonts/TTF/IosevkaNerdFontPropo-ExtraLightOblique.ttf', name='Iosevka NFP', style='oblique', variant='normal', weight=200, stretch='normal', size='scalable')) = 11.24
DEBUG:matplotlib.font_manager:findfont: score(FontEntry(fname='/usr/share/fonts/TTF/RobotoCondensed-Italic.ttf', name='Roboto Condensed', style='italic', variant='normal', weight=400, stretch='condensed', size='scalable')) = 11.25
DEBUG:matplotlib.font_manager:findfont: score(FontEntry(fname='/usr/share/fonts/TTF/IosevkaNerdFontMono-ThinOblique.ttf', name='Iosevka NFM', style='oblique', variant='normal', weight=100, stretch='normal', size='scalable')) = 11.335
DEBUG:matplotlib.font_manager:findfont: score(FontEntry(fname='/usr/share/fonts/TTF/IosevkaNerdFont-SemiBold.ttf', name='Iosevka NF', style='normal', variant='normal', weight=600, stretch='normal', size='scalable')) = 10.24
DEBUG:matplotlib.font_manager:findfont: score(FontEntry(fname='/usr/share/fonts/TTF/JetBrainsMonoNerdFontMono-Bold.ttf', name='JetBrainsMono NFM', style='normal', variant='normal', weight=700, stretch='normal', size='scalable')) = 10.335
DEBUG:matplotlib.font_manager:findfont: score(FontEntry(fname='/usr/share/fonts/gsfonts/NimbusSans-Italic.otf', name='Nimbus Sans', style='italic', variant='normal', weight=400, stretch='normal', size='scalable')) = 11.05
DEBUG:matplotlib.font_manager:findfont: score(FontEntry(fname='/usr/share/fonts/TTF/JetBrainsMonoNLNerdFontPropo-Thin.ttf', name='JetBrainsMonoNL NFP', style='normal', variant='normal', weight=100, stretch='normal', size='scalable')) = 10.335
DEBUG:matplotlib.font_manager:findfont: score(FontEntry(fname='/usr/share/fonts/TTF/JetBrainsMonoNL-ThinItalic.ttf', name='JetBrains Mono NL', style='italic', variant='normal', weight=100, stretch='normal', size='scalable')) = 11.335
DEBUG:matplotlib.font_manager:findfont: score(FontEntry(fname='/usr/share/fonts/TTF/IosevkaTermNerdFontMono-LightOblique.ttf', name='IosevkaTerm NFM', style='oblique', variant='normal', weight=300, stretch='normal', size='scalable')) = 11.145
DEBUG:matplotlib.font_manager:findfont: score(FontEntry(fname='/usr/share/fonts/TTF/JetBrainsMonoNerdFont-MediumItalic.ttf', name='JetBrainsMono NF', style='italic', variant='normal', weight=500, stretch='normal', size='scalable')) = 11.145
DEBUG:matplotlib.font_manager:findfont: score(FontEntry(fname='/usr/share/fonts/TTF/IosevkaNerdFontPropo-BoldItalic.ttf', name='Iosevka NFP', style='italic', variant='normal', weight=700, stretch='normal', size='scalable')) = 11.335
DEBUG:matplotlib.font_manager:findfont: score(FontEntry(fname='/usr/share/fonts/TTF/JetBrainsMonoNL-ExtraLight.ttf', name='JetBrains Mono NL', style='normal', variant='normal', weight=200, stretch='normal', size='scalable')) = 10.24
DEBUG:matplotlib.font_manager:findfont: score(FontEntry(fname='/home/joseph/.fonts/MapleMono-SC-NF-LightItalic.ttf', name='Maple Mono SC NF', style='italic', variant='normal', weight=300, stretch='normal', size='scalable')) = 11.145
DEBUG:matplotlib.font_manager:findfont: score(FontEntry(fname='/usr/share/fonts/TTF/JetBrainsMonoNerdFont-LightItalic.ttf', name='JetBrainsMono NF', style='italic', variant='normal', weight=300, stretch='normal', size='scalable')) = 11.145
DEBUG:matplotlib.font_manager:findfont: score(FontEntry(fname='/usr/share/fonts/adobe-source-code-pro/SourceCodePro-MediumIt.otf', name='Source Code Pro', style='italic', variant='normal', weight=500, stretch='normal', size='scalable')) = 11.145
DEBUG:matplotlib.font_manager:findfont: score(FontEntry(fname='/usr/share/fonts/TTF/JetBrainsMonoNerdFont-ExtraBoldItalic.ttf', name='JetBrainsMono NF', style='italic', variant='normal', weight=800, stretch='normal', size='scalable')) = 11.43
DEBUG:matplotlib.font_manager:findfont: score(FontEntry(fname='/usr/share/fonts/TTF/JetBrainsMonoNLNerdFont-Regular.ttf', name='JetBrainsMonoNL NF', style='normal', variant='normal', weight=400, stretch='normal', size='scalable')) = 10.05
DEBUG:matplotlib.font_manager:findfont: score(FontEntry(fname='/usr/share/fonts/TTF/IosevkaTermNerdFontPropo-Light.ttf', name='IosevkaTerm NFP', style='normal', variant='normal', weight=300, stretch='normal', size='scalable')) = 10.145
DEBUG:matplotlib.font_manager:findfont: score(FontEntry(fname='/usr/share/fonts/TTF/IosevkaNerdFontMono-Oblique.ttf', name='Iosevka NFM', style='oblique', variant='normal', weight=400, stretch='normal', size='scalable')) = 11.05
DEBUG:matplotlib.font_manager:findfont: score(FontEntry(fname='/usr/share/fonts/TTF/IosevkaNerdFontMono-ExtraBoldItalic.ttf', name='Iosevka NFM', style='italic', variant='normal', weight=800, stretch='normal', size='scalable')) = 11.43
DEBUG:matplotlib.font_manager:findfont: score(FontEntry(fname='/usr/share/fonts/TTF/JetBrainsMonoNerdFontPropo-ExtraBold.ttf', name='JetBrainsMono NFP', style='normal', variant='normal', weight=800, stretch='normal', size='scalable')) = 10.43
DEBUG:matplotlib.font_manager:findfont: score(FontEntry(fname='/usr/share/fonts/TTF/IosevkaTermNerdFontPropo-Medium.ttf', name='IosevkaTerm NFP', style='normal', variant='normal', weight=500, stretch='normal', size='scalable')) = 10.145
DEBUG:matplotlib.font_manager:findfont: score(FontEntry(fname='/usr/share/fonts/TTF/IosevkaNerdFont-Bold.ttf', name='Iosevka NF', style='normal', variant='normal', weight=700, stretch='normal', size='scalable')) = 10.335
DEBUG:matplotlib.font_manager:findfont: score(FontEntry(fname='/usr/share/fonts/TTF/IosevkaNerdFontMono-Italic.ttf', name='Iosevka NFM', style='italic', variant='normal', weight=400, stretch='normal', size='scalable')) = 11.05
DEBUG:matplotlib.font_manager:findfont: score(FontEntry(fname='/usr/share/fonts/TTF/JetBrainsMonoNLNerdFont-LightItalic.ttf', name='JetBrainsMonoNL NF', style='italic', variant='normal', weight=300, stretch='normal', size='scalable')) = 11.145
DEBUG:matplotlib.font_manager:findfont: score(FontEntry(fname='/usr/share/fonts/TTF/JetBrainsMonoNerdFontPropo-Bold.ttf', name='JetBrainsMono NFP', style='normal', variant='normal', weight=700, stretch='normal', size='scalable')) = 10.335
DEBUG:matplotlib.font_manager:findfont: score(FontEntry(fname='/usr/share/fonts/TTF/IosevkaTermNerdFontMono-MediumItalic.ttf', name='IosevkaTerm NFM', style='italic', variant='normal', weight=500, stretch='normal', size='scalable')) = 11.145
DEBUG:matplotlib.font_manager:findfont: score(FontEntry(fname='/usr/share/fonts/TTF/JetBrainsMonoNerdFontMono-ExtraLightItalic.ttf', name='JetBrainsMono NFM', style='italic', variant='normal', weight=200, stretch='normal', size='scalable')) = 11.24
DEBUG:matplotlib.font_manager:findfont: score(FontEntry(fname='/usr/share/fonts/TTF/JetBrainsMonoNLNerdFontPropo-SemiBold.ttf', name='JetBrainsMonoNL NFP', style='normal', variant='normal', weight=600, stretch='normal', size='scalable')) = 10.24
DEBUG:matplotlib.font_manager:findfont: score(FontEntry(fname='/usr/share/fonts/TTF/JetBrainsMonoNLNerdFontMono-BoldItalic.ttf', name='JetBrainsMonoNL NFM', style='italic', variant='normal', weight=700, stretch='normal', size='scalable')) = 11.335
DEBUG:matplotlib.font_manager:findfont: score(FontEntry(fname='/usr/share/fonts/gsfonts/C059-Roman.otf', name='C059', style='normal', variant='normal', weight=400, stretch='normal', size='scalable')) = 10.05
DEBUG:matplotlib.font_manager:findfont: score(FontEntry(fname='/usr/share/fonts/TTF/IosevkaNerdFont-ExtraLightItalic.ttf', name='Iosevka NF', style='italic', variant='normal', weight=200, stretch='normal', size='scalable')) = 11.24
DEBUG:matplotlib.font_manager:findfont: score(FontEntry(fname='/usr/share/fonts/TTF/JetBrainsMono-ExtraLight.ttf', name='JetBrains Mono', style='normal', variant='normal', weight=200, stretch='normal', size='scalable')) = 10.24
DEBUG:matplotlib.font_manager:findfont: score(FontEntry(fname='/usr/share/fonts/gnu-free/FreeSerif.otf', name='FreeSerif', style='normal', variant='normal', weight=400, stretch='normal', size='scalable')) = 10.05
DEBUG:matplotlib.font_manager:findfont: score(FontEntry(fname='/usr/share/fonts/gnu-free/FreeSans.otf', name='FreeSans', style='normal', variant='normal', weight=400, stretch='normal', size='scalable')) = 10.05
DEBUG:matplotlib.font_manager:findfont: score(FontEntry(fname='/usr/share/fonts/TTF/JetBrainsMonoNLNerdFont-SemiBoldItalic.ttf', name='JetBrainsMonoNL NF', style='italic', variant='normal', weight=600, stretch='normal', size='scalable')) = 11.24
DEBUG:matplotlib.font_manager:findfont: score(FontEntry(fname='/usr/share/fonts/TTF/JetBrainsMonoNerdFontPropo-Medium.ttf', name='JetBrainsMono NFP', style='normal', variant='normal', weight=500, stretch='normal', size='scalable')) = 10.145
DEBUG:matplotlib.font_manager:findfont: score(FontEntry(fname='/usr/share/fonts/OTF/SyrCOMMalankara.otf', name='Serto Malankara', style='normal', variant='normal', weight=400, stretch='normal', size='scalable')) = 10.05
DEBUG:matplotlib.font_manager:findfont: score(FontEntry(fname='/usr/share/fonts/TTF/JetBrainsMonoNerdFont-Italic.ttf', name='JetBrainsMono NF', style='italic', variant='normal', weight=400, stretch='normal', size='scalable')) = 11.05
DEBUG:matplotlib.font_manager:findfont: score(FontEntry(fname='/usr/share/fonts/TTF/JetBrainsMonoNerdFontMono-Regular.ttf', name='JetBrainsMono NFM', style='normal', variant='normal', weight=400, stretch='normal', size='scalable')) = 10.05
DEBUG:matplotlib.font_manager:findfont: score(FontEntry(fname='/usr/share/fonts/TTF/JetBrainsMonoNerdFontPropo-LightItalic.ttf', name='JetBrainsMono NFP', style='italic', variant='normal', weight=300, stretch='normal', size='scalable')) = 11.145
DEBUG:matplotlib.font_manager:findfont: score(FontEntry(fname='/usr/share/fonts/adobe-source-code-pro/SourceCodePro-ExtraLight.otf', name='Source Code Pro', style='normal', variant='normal', weight=200, stretch='normal', size='scalable')) = 10.24
DEBUG:matplotlib.font_manager:findfont: score(FontEntry(fname='/home/joseph/.fonts/AvantGarde_LT_Medium.ttf', name='AvantGarde LT Medium', style='normal', variant='normal', weight=500, stretch='normal', size='scalable')) = 10.145
DEBUG:matplotlib.font_manager:findfont: score(FontEntry(fname='/usr/share/fonts/TTF/InconsolataNerdFont-Bold.ttf', name='Inconsolata Nerd Font', style='normal', variant='normal', weight=700, stretch='normal', size='scalable')) = 10.335
DEBUG:matplotlib.font_manager:findfont: score(FontEntry(fname='/home/joseph/.fonts/MapleMono-NF-Regular.ttf', name='Maple Mono NF', style='normal', variant='normal', weight=400, stretch='normal', size='scalable')) = 10.05
DEBUG:matplotlib.font_manager:findfont: score(FontEntry(fname='/usr/share/fonts/TTF/Roboto-BlackItalic.ttf', name='Roboto', style='italic', variant='normal', weight=900, stretch='normal', size='scalable')) = 11.525
DEBUG:matplotlib.font_manager:findfont: score(FontEntry(fname='/usr/share/fonts/TTF/Roboto-Black.ttf', name='Roboto', style='normal', variant='normal', weight=900, stretch='normal', size='scalable')) = 10.525
DEBUG:matplotlib.font_manager:findfont: score(FontEntry(fname='/usr/share/fonts/TTF/JetBrainsMonoNerdFontPropo-ExtraBoldItalic.ttf', name='JetBrainsMono NFP', style='italic', variant='normal', weight=800, stretch='normal', size='scalable')) = 11.43
DEBUG:matplotlib.font_manager:findfont: score(FontEntry(fname='/usr/share/fonts/TTF/Roboto-Bold.ttf', name='Roboto', style='normal', variant='normal', weight=700, stretch='normal', size='scalable')) = 10.335
DEBUG:matplotlib.font_manager:findfont: score(FontEntry(fname='/usr/share/fonts/TTF/JetBrainsMonoNLNerdFont-ExtraBold.ttf', name='JetBrainsMonoNL NF', style='normal', variant='normal', weight=800, stretch='normal', size='scalable')) = 10.43
DEBUG:matplotlib.font_manager:findfont: score(FontEntry(fname='/usr/share/fonts/TTF/IosevkaNerdFontMono-BoldOblique.ttf', name='Iosevka NFM', style='oblique', variant='normal', weight=700, stretch='normal', size='scalable')) = 11.335
DEBUG:matplotlib.font_manager:findfont: score(FontEntry(fname='/usr/share/fonts/TTF/JetBrainsMonoNL-Light.ttf', name='JetBrains Mono NL', style='normal', variant='normal', weight=300, stretch='normal', size='scalable')) = 10.145
DEBUG:matplotlib.font_manager:findfont: score(FontEntry(fname='/usr/share/fonts/TTF/JetBrainsMonoNL-BoldItalic.ttf', name='JetBrains Mono NL', style='italic', variant='normal', weight=700, stretch='normal', size='scalable')) = 11.335
DEBUG:matplotlib.font_manager:findfont: score(FontEntry(fname='/usr/share/fonts/TTF/InconsolataNerdFont-Regular.ttf', name='Inconsolata Nerd Font', style='normal', variant='normal', weight=400, stretch='normal', size='scalable')) = 10.05
DEBUG:matplotlib.font_manager:findfont: score(FontEntry(fname='/usr/share/fonts/gsfonts/NimbusSansNarrow-BoldOblique.otf', name='Nimbus Sans Narrow', style='oblique', variant='normal', weight=700, stretch='condensed', size='scalable')) = 11.535
DEBUG:matplotlib.font_manager:findfont: score(FontEntry(fname='/usr/share/fonts/TTF/IosevkaTermNerdFont-ThinItalic.ttf', name='IosevkaTerm NF', style='italic', variant='normal', weight=100, stretch='normal', size='scalable')) = 11.335
DEBUG:matplotlib.font_manager:findfont: score(FontEntry(fname='/usr/share/fonts/OTF/SyrCOMBatnan.otf', name='Serto Batnan', style='normal', variant='normal', weight=400, stretch='normal', size='scalable')) = 10.05
DEBUG:matplotlib.font_manager:findfont: score(FontEntry(fname='/usr/share/fonts/TTF/IosevkaNerdFont-Thin.ttf', name='Iosevka NF', style='normal', variant='normal', weight=100, stretch='normal', size='scalable')) = 10.335
DEBUG:matplotlib.font_manager:findfont: score(FontEntry(fname='/usr/share/fonts/TTF/IosevkaNerdFontPropo-Oblique.ttf', name='Iosevka NFP', style='oblique', variant='normal', weight=400, stretch='normal', size='scalable')) = 11.05
DEBUG:matplotlib.font_manager:findfont: score(FontEntry(fname='/usr/share/fonts/ttf-maple/MapleMono-Italic.ttf', name='Maple Mono', style='italic', variant='normal', weight=400, stretch='normal', size='scalable')) = 11.05
DEBUG:matplotlib.font_manager:findfont: score(FontEntry(fname='/usr/share/fonts/TTF/JetBrainsMono-SemiBold.ttf', name='JetBrains Mono', style='normal', variant='normal', weight=600, stretch='normal', size='scalable')) = 10.24
DEBUG:matplotlib.font_manager:findfont: score(FontEntry(fname='/usr/share/fonts/TTF/JetBrainsMonoNerdFontPropo-SemiBoldItalic.ttf', name='JetBrainsMono NFP', style='italic', variant='normal', weight=600, stretch='normal', size='scalable')) = 11.24
DEBUG:matplotlib.font_manager:findfont: score(FontEntry(fname='/usr/share/fonts/TTF/JetBrainsMonoNerdFontMono-Italic.ttf', name='JetBrainsMono NFM', style='italic', variant='normal', weight=400, stretch='normal', size='scalable')) = 11.05
DEBUG:matplotlib.font_manager:findfont: score(FontEntry(fname='/usr/share/fonts/ttf-maple/MapleMono-NF-LightItalic.ttf', name='Maple Mono NF', style='italic', variant='normal', weight=300, stretch='normal', size='scalable')) = 11.145
DEBUG:matplotlib.font_manager:findfont: score(FontEntry(fname='/usr/share/fonts/TTF/IosevkaTermNerdFontPropo-Bold.ttf', name='IosevkaTerm NFP', style='normal', variant='normal', weight=700, stretch='normal', size='scalable')) = 10.335
DEBUG:matplotlib.font_manager:findfont: score(FontEntry(fname='/usr/share/fonts/TTF/IosevkaTermNerdFontMono-Regular.ttf', name='IosevkaTerm NFM', style='normal', variant='normal', weight=400, stretch='normal', size='scalable')) = 10.05
DEBUG:matplotlib.font_manager:findfont: score(FontEntry(fname='/usr/share/fonts/TTF/IosevkaTermNerdFont-BoldOblique.ttf', name='IosevkaTerm NF', style='oblique', variant='normal', weight=700, stretch='normal', size='scalable')) = 11.335
DEBUG:matplotlib.font_manager:findfont: score(FontEntry(fname='/usr/share/fonts/TTF/JetBrainsMonoNerdFontMono-SemiBold.ttf', name='JetBrainsMono NFM', style='normal', variant='normal', weight=600, stretch='normal', size='scalable')) = 10.24
DEBUG:matplotlib.font_manager:findfont: score(FontEntry(fname='/usr/share/fonts/TTF/IosevkaNerdFont-Medium.ttf', name='Iosevka NF', style='normal', variant='normal', weight=500, stretch='normal', size='scalable')) = 10.145
DEBUG:matplotlib.font_manager:findfont: score(FontEntry(fname='/usr/share/fonts/TTF/IosevkaTermNerdFontPropo-BoldOblique.ttf', name='IosevkaTerm NFP', style='oblique', variant='normal', weight=700, stretch='normal', size='scalable')) = 11.335
DEBUG:matplotlib.font_manager:findfont: score(FontEntry(fname='/usr/share/fonts/liberation/LiberationMono-BoldItalic.ttf', name='Liberation Mono', style='italic', variant='normal', weight=700, stretch='normal', size='scalable')) = 11.335
DEBUG:matplotlib.font_manager:findfont: score(FontEntry(fname='/usr/share/fonts/OTF/SyrCOMUrhoy.otf', name='Serto Urhoy', style='normal', variant='normal', weight=400, stretch='normal', size='scalable')) = 10.05
DEBUG:matplotlib.font_manager:findfont: score(FontEntry(fname='/usr/share/fonts/TTF/Unifont_CSUR.ttf', name='Unifont CSUR', style='normal', variant='normal', weight=500, stretch='normal', size='scalable')) = 10.145
DEBUG:matplotlib.font_manager:findfont: score(FontEntry(fname='/usr/share/fonts/TTF/JetBrainsMonoNerdFontPropo-ExtraLightItalic.ttf', name='JetBrainsMono NFP', style='italic', variant='normal', weight=200, stretch='normal', size='scalable')) = 11.24
DEBUG:matplotlib.font_manager:findfont: score(FontEntry(fname='/usr/share/fonts/TTF/JetBrainsMonoNerdFontPropo-MediumItalic.ttf', name='JetBrainsMono NFP', style='italic', variant='normal', weight=500, stretch='normal', size='scalable')) = 11.145
DEBUG:matplotlib.font_manager:findfont: score(FontEntry(fname='/usr/share/fonts/TTF/JetBrainsMonoNLNerdFontMono-Medium.ttf', name='JetBrainsMonoNL NFM', style='normal', variant='normal', weight=500, stretch='normal', size='scalable')) = 10.145
DEBUG:matplotlib.font_manager:findfont: score(FontEntry(fname='/usr/share/fonts/gsfonts/Z003-MediumItalic.otf', name='Z003', style='italic', variant='normal', weight=500, stretch='normal', size='scalable')) = 11.145
DEBUG:matplotlib.font_manager:findfont: score(FontEntry(fname='/usr/share/fonts/TTF/JetBrainsMonoNLNerdFontMono-Thin.ttf', name='JetBrainsMonoNL NFM', style='normal', variant='normal', weight=100, stretch='normal', size='scalable')) = 10.335
DEBUG:matplotlib.font_manager:findfont: score(FontEntry(fname='/usr/share/fonts/TTF/JetBrainsMonoNLNerdFont-ThinItalic.ttf', name='JetBrainsMonoNL NF', style='italic', variant='normal', weight=100, stretch='normal', size='scalable')) = 11.335
DEBUG:matplotlib.font_manager:findfont: score(FontEntry(fname='/usr/share/fonts/TTF/IosevkaTermNerdFontMono-HeavyItalic.ttf', name='IosevkaTerm NFM', style='italic', variant='normal', weight=900, stretch='normal', size='scalable')) = 11.525
DEBUG:matplotlib.font_manager:findfont: score(FontEntry(fname='/usr/share/fonts/TTF/JetBrainsMonoNLNerdFont-MediumItalic.ttf', name='JetBrainsMonoNL NF', style='italic', variant='normal', weight=500, stretch='normal', size='scalable')) = 11.145
DEBUG:matplotlib.font_manager:findfont: score(FontEntry(fname='/usr/share/fonts/OTF/SyrCOMEdessa.otf', name='Estrangelo Edessa', style='normal', variant='normal', weight=400, stretch='normal', size='scalable')) = 10.05
DEBUG:matplotlib.font_manager:findfont: score(FontEntry(fname='/usr/share/fonts/TTF/IosevkaNerdFontPropo-ExtraBoldItalic.ttf', name='Iosevka NFP', style='italic', variant='normal', weight=800, stretch='normal', size='scalable')) = 11.43
DEBUG:matplotlib.font_manager:findfont: score(FontEntry(fname='/usr/share/fonts/TTF/JetBrainsMono-MediumItalic.ttf', name='JetBrains Mono', style='italic', variant='normal', weight=500, stretch='normal', size='scalable')) = 11.145
DEBUG:matplotlib.font_manager:findfont: score(FontEntry(fname='/usr/share/fonts/TTF/IosevkaTermNerdFont-SemiBoldItalic.ttf', name='IosevkaTerm NF', style='italic', variant='normal', weight=600, stretch='normal', size='scalable')) = 11.24
DEBUG:matplotlib.font_manager:findfont: score(FontEntry(fname='/usr/share/fonts/TTF/JetBrainsMonoNerdFontMono-LightItalic.ttf', name='JetBrainsMono NFM', style='italic', variant='normal', weight=300, stretch='normal', size='scalable')) = 11.145
DEBUG:matplotlib.font_manager:findfont: score(FontEntry(fname='/usr/share/fonts/TTF/IosevkaTermNerdFont-Medium.ttf', name='IosevkaTerm NF', style='normal', variant='normal', weight=500, stretch='normal', size='scalable')) = 10.145
DEBUG:matplotlib.font_manager:findfont: score(FontEntry(fname='/usr/share/fonts/TTF/IosevkaNerdFontMono-ExtraLightOblique.ttf', name='Iosevka NFM', style='oblique', variant='normal', weight=200, stretch='normal', size='scalable')) = 11.24
DEBUG:matplotlib.font_manager:findfont: score(FontEntry(fname='/usr/share/fonts/TTF/IosevkaTermNerdFont-Italic.ttf', name='IosevkaTerm NF', style='italic', variant='normal', weight=400, stretch='normal', size='scalable')) = 11.05
DEBUG:matplotlib.font_manager:findfont: score(FontEntry(fname='/usr/share/fonts/TTF/IosevkaTermNerdFontMono-ExtraLightItalic.ttf', name='IosevkaTerm NFM', style='italic', variant='normal', weight=200, stretch='normal', size='scalable')) = 11.24
DEBUG:matplotlib.font_manager:findfont: score(FontEntry(fname='/usr/share/fonts/gsfonts/C059-BdIta.otf', name='C059', style='italic', variant='normal', weight=700, stretch='normal', size='scalable')) = 11.335
DEBUG:matplotlib.font_manager:findfont: score(FontEntry(fname='/usr/share/fonts/TTF/IosevkaNerdFontMono-ThinItalic.ttf', name='Iosevka NFM', style='italic', variant='normal', weight=100, stretch='normal', size='scalable')) = 11.335
DEBUG:matplotlib.font_manager:findfont: score(FontEntry(fname='/usr/share/fonts/TTF/JetBrainsMono-Bold.ttf', name='JetBrains Mono', style='normal', variant='normal', weight=700, stretch='normal', size='scalable')) = 10.335
DEBUG:matplotlib.font_manager:findfont: score(FontEntry(fname='/usr/share/fonts/OTF/SyrCOMAdiabene.otf', name='East Syriac Adiabene', style='normal', variant='normal', weight=400, stretch='normal', size='scalable')) = 10.05
DEBUG:matplotlib.font_manager:findfont: score(FontEntry(fname='/home/joseph/.fonts/MapleMono-SC-NF-Light.ttf', name='Maple Mono SC NF', style='normal', variant='normal', weight=300, stretch='normal', size='scalable')) = 10.145
DEBUG:matplotlib.font_manager:findfont: score(FontEntry(fname='/usr/share/fonts/TTF/IosevkaNerdFont-ThinOblique.ttf', name='Iosevka NF', style='oblique', variant='normal', weight=100, stretch='normal', size='scalable')) = 11.335
DEBUG:matplotlib.font_manager:findfont: score(FontEntry(fname='/usr/share/fonts/TTF/IosevkaNerdFontMono-HeavyOblique.ttf', name='Iosevka NFM', style='oblique', variant='normal', weight=900, stretch='normal', size='scalable')) = 11.525
DEBUG:matplotlib.font_manager:findfont: score(FontEntry(fname='/usr/share/fonts/TTF/IosevkaNerdFontPropo-Light.ttf', name='Iosevka NFP', style='normal', variant='normal', weight=300, stretch='normal', size='scalable')) = 10.145
DEBUG:matplotlib.font_manager:findfont: score(FontEntry(fname='/usr/share/fonts/TTF/JetBrainsMonoNLNerdFontPropo-SemiBoldItalic.ttf', name='JetBrainsMonoNL NFP', style='italic', variant='normal', weight=600, stretch='normal', size='scalable')) = 11.24
DEBUG:matplotlib.font_manager:findfont: score(FontEntry(fname='/usr/share/fonts/TTF/JetBrainsMonoNLNerdFontPropo-MediumItalic.ttf', name='JetBrainsMonoNL NFP', style='italic', variant='normal', weight=500, stretch='normal', size='scalable')) = 11.145
DEBUG:matplotlib.font_manager:findfont: score(FontEntry(fname='/usr/share/fonts/TTF/IosevkaNerdFontPropo-SemiBoldItalic.ttf', name='Iosevka NFP', style='italic', variant='normal', weight=600, stretch='normal', size='scalable')) = 11.24
DEBUG:matplotlib.font_manager:findfont: score(FontEntry(fname='/usr/share/fonts/Unifont/Unifont_Upper.ttf', name='Unifont Upper', style='normal', variant='normal', weight=500, stretch='normal', size='scalable')) = 10.145
DEBUG:matplotlib.font_manager:findfont: score(FontEntry(fname='/usr/share/fonts/TTF/JetBrainsMonoNerdFont-Light.ttf', name='JetBrainsMono NF', style='normal', variant='normal', weight=300, stretch='normal', size='scalable')) = 10.145
DEBUG:matplotlib.font_manager:findfont: score(FontEntry(fname='/usr/share/fonts/TTF/IosevkaTermNerdFontMono-Thin.ttf', name='IosevkaTerm NFM', style='normal', variant='normal', weight=100, stretch='normal', size='scalable')) = 10.335
DEBUG:matplotlib.font_manager:findfont: score(FontEntry(fname='/usr/share/fonts/gsfonts/NimbusSansNarrow-Regular.otf', name='Nimbus Sans Narrow', style='normal', variant='normal', weight=400, stretch='condensed', size='scalable')) = 10.25
DEBUG:matplotlib.font_manager:findfont: score(FontEntry(fname='/usr/share/fonts/gsfonts/URWGothic-BookOblique.otf', name='URW Gothic', style='oblique', variant='normal', weight=400, stretch='normal', size='scalable')) = 11.05
DEBUG:matplotlib.font_manager:findfont: score(FontEntry(fname='/usr/share/fonts/TTF/IosevkaTermNerdFontMono-ExtraBoldItalic.ttf', name='IosevkaTerm NFM', style='italic', variant='normal', weight=800, stretch='normal', size='scalable')) = 11.43
DEBUG:matplotlib.font_manager:findfont: score(FontEntry(fname='/usr/share/fonts/TTF/JetBrainsMonoNL-Bold.ttf', name='JetBrains Mono NL', style='normal', variant='normal', weight=700, stretch='normal', size='scalable')) = 10.335
DEBUG:matplotlib.font_manager:findfont: score(FontEntry(fname='/usr/share/fonts/TTF/IosevkaNerdFontPropo-HeavyItalic.ttf', name='Iosevka NFP', style='italic', variant='normal', weight=900, stretch='normal', size='scalable')) = 11.525
DEBUG:matplotlib.font_manager:findfont: score(FontEntry(fname='/usr/share/fonts/TTF/IosevkaTermNerdFontMono-MediumOblique.ttf', name='IosevkaTerm NFM', style='oblique', variant='normal', weight=500, stretch='normal', size='scalable')) = 11.145
DEBUG:matplotlib.font_manager:findfont: score(FontEntry(fname='/usr/share/fonts/TTF/IosevkaTermNerdFontPropo-Oblique.ttf', name='IosevkaTerm NFP', style='oblique', variant='normal', weight=400, stretch='normal', size='scalable')) = 11.05
DEBUG:matplotlib.font_manager:findfont: score(FontEntry(fname='/usr/share/fonts/adobe-source-code-pro/SourceCodePro-LightIt.otf', name='Source Code Pro', style='italic', variant='normal', weight=300, stretch='normal', size='scalable')) = 11.145
DEBUG:matplotlib.font_manager:findfont: score(FontEntry(fname='/usr/share/fonts/TTF/JetBrainsMono-ExtraBoldItalic.ttf', name='JetBrains Mono', style='italic', variant='normal', weight=800, stretch='normal', size='scalable')) = 11.43
DEBUG:matplotlib.font_manager:findfont: score(FontEntry(fname='/usr/share/fonts/TTF/IosevkaTermNerdFontPropo-ExtraBoldItalic.ttf', name='IosevkaTerm NFP', style='italic', variant='normal', weight=800, stretch='normal', size='scalable')) = 11.43
DEBUG:matplotlib.font_manager:findfont: score(FontEntry(fname='/usr/share/fonts/TTF/JetBrainsMonoNerdFontMono-ExtraBoldItalic.ttf', name='JetBrainsMono NFM', style='italic', variant='normal', weight=800, stretch='normal', size='scalable')) = 11.43
DEBUG:matplotlib.font_manager:findfont: score(FontEntry(fname='/usr/share/fonts/TTF/JetBrainsMonoNerdFontMono-SemiBoldItalic.ttf', name='JetBrainsMono NFM', style='italic', variant='normal', weight=600, stretch='normal', size='scalable')) = 11.24
DEBUG:matplotlib.font_manager:findfont: score(FontEntry(fname='/home/joseph/.fonts/GE_Inspira.ttf', name='GE Inspira', style='normal', variant='normal', weight=400, stretch='normal', size='scalable')) = 10.05
DEBUG:matplotlib.font_manager:findfont: score(FontEntry(fname='/usr/share/fonts/gnu-free/FreeSerifBoldItalic.otf', name='FreeSerif', style='italic', variant='normal', weight=700, stretch='normal', size='scalable')) = 11.335
DEBUG:matplotlib.font_manager:findfont: score(FontEntry(fname='/usr/share/fonts/TTF/IosevkaTermNerdFontMono-HeavyOblique.ttf', name='IosevkaTerm NFM', style='oblique', variant='normal', weight=900, stretch='normal', size='scalable')) = 11.525
DEBUG:matplotlib.font_manager:findfont: score(FontEntry(fname='/home/joseph/.fonts/MapleMono-NF-Bold.ttf', name='Maple Mono NF', style='normal', variant='normal', weight=700, stretch='normal', size='scalable')) = 10.335
DEBUG:matplotlib.font_manager:findfont: score(FontEntry(fname='/usr/share/fonts/TTF/IosevkaNerdFontMono-LightItalic.ttf', name='Iosevka NFM', style='italic', variant='normal', weight=300, stretch='normal', size='scalable')) = 11.145
DEBUG:matplotlib.font_manager:findfont: score(FontEntry(fname='/usr/share/fonts/gnu-free/FreeSerifBold.otf', name='FreeSerif', style='normal', variant='normal', weight=700, stretch='normal', size='scalable')) = 10.335
DEBUG:matplotlib.font_manager:findfont: score(FontEntry(fname='/usr/share/fonts/OTF/SyrCOMJerusalemOutline.otf', name='Serto Jerusalem Outline', style='normal', variant='normal', weight=400, stretch='normal', size='scalable')) = 10.05
DEBUG:matplotlib.font_manager:findfont: score(FontEntry(fname='/usr/share/fonts/TTF/IosevkaNerdFont-Regular.ttf', name='Iosevka NF', style='normal', variant='normal', weight=400, stretch='normal', size='scalable')) = 10.05
DEBUG:matplotlib.font_manager:findfont: score(FontEntry(fname='/usr/share/fonts/liberation/LiberationSerif-BoldItalic.ttf', name='Liberation Serif', style='italic', variant='normal', weight=700, stretch='normal', size='scalable')) = 11.335
DEBUG:matplotlib.font_manager:findfont: score(FontEntry(fname='/usr/share/fonts/TTF/IosevkaTermNerdFontMono-SemiBoldOblique.ttf', name='IosevkaTerm NFM', style='oblique', variant='normal', weight=600, stretch='normal', size='scalable')) = 11.24
DEBUG:matplotlib.font_manager:findfont: score(FontEntry(fname='/usr/share/fonts/OTF/SyrCOMQenNeshrin.otf', name='Estrangelo Quenneshrin', style='normal', variant='normal', weight=400, stretch='normal', size='scalable')) = 10.05
DEBUG:matplotlib.font_manager:findfont: score(FontEntry(fname='/usr/share/fonts/TTF/IosevkaTermNerdFont-Oblique.ttf', name='IosevkaTerm NF', style='oblique', variant='normal', weight=400, stretch='normal', size='scalable')) = 11.05
DEBUG:matplotlib.font_manager:findfont: score(FontEntry(fname='/usr/share/fonts/TTF/IosevkaTermNerdFontPropo-ExtraBoldOblique.ttf', name='IosevkaTerm NFP', style='oblique', variant='normal', weight=800, stretch='normal', size='scalable')) = 11.43
DEBUG:matplotlib.font_manager:findfont: score(FontEntry(fname='/usr/share/fonts/TTF/JetBrainsMono-SemiBoldItalic.ttf', name='JetBrains Mono', style='italic', variant='normal', weight=600, stretch='normal', size='scalable')) = 11.24
DEBUG:matplotlib.font_manager:findfont: score(FontEntry(fname='/usr/share/fonts/TTF/JetBrainsMonoNLNerdFontPropo-Light.ttf', name='JetBrainsMonoNL NFP', style='normal', variant='normal', weight=300, stretch='normal', size='scalable')) = 10.145
DEBUG:matplotlib.font_manager:findfont: score(FontEntry(fname='/usr/share/fonts/gnu-free/FreeMono.otf', name='FreeMono', style='normal', variant='normal', weight=400, stretch='normal', size='scalable')) = 10.05
DEBUG:matplotlib.font_manager:findfont: score(FontEntry(fname='/usr/share/fonts/gsfonts/StandardSymbolsPS.otf', name='Standard Symbols PS', style='normal', variant='normal', weight=400, stretch='normal', size='scalable')) = 10.05
DEBUG:matplotlib.font_manager:findfont: score(FontEntry(fname='/usr/share/fonts/TTF/JetBrainsMonoNerdFontPropo-Light.ttf', name='JetBrainsMono NFP', style='normal', variant='normal', weight=300, stretch='normal', size='scalable')) = 10.145
DEBUG:matplotlib.font_manager:findfont: score(FontEntry(fname='/usr/share/fonts/OTF/SyrCOMJerusalem.otf', name='Serto Jerusalem', style='normal', variant='normal', weight=400, stretch='normal', size='scalable')) = 10.05
DEBUG:matplotlib.font_manager:findfont: score(FontEntry(fname='/usr/share/fonts/TTF/JetBrainsMonoNLNerdFontMono-ExtraLightItalic.ttf', name='JetBrainsMonoNL NFM', style='italic', variant='normal', weight=200, stretch='normal', size='scalable')) = 11.24
DEBUG:matplotlib.font_manager:findfont: score(FontEntry(fname='/usr/share/fonts/TTF/IosevkaTermNerdFont-Bold.ttf', name='IosevkaTerm NF', style='normal', variant='normal', weight=700, stretch='normal', size='scalable')) = 10.335
DEBUG:matplotlib.font_manager:findfont: score(FontEntry(fname='/usr/share/fonts/TTF/JetBrainsMonoNerdFont-ThinItalic.ttf', name='JetBrainsMono NF', style='italic', variant='normal', weight=100, stretch='normal', size='scalable')) = 11.335
DEBUG:matplotlib.font_manager:findfont: score(FontEntry(fname='/usr/share/fonts/TTF/JetBrainsMonoNLNerdFontPropo-BoldItalic.ttf', name='JetBrainsMonoNL NFP', style='italic', variant='normal', weight=700, stretch='normal', size='scalable')) = 11.335
DEBUG:matplotlib.font_manager:findfont: score(FontEntry(fname='/usr/share/fonts/adobe-source-code-pro/SourceCodePro-Black.otf', name='Source Code Pro', style='normal', variant='normal', weight=900, stretch='normal', size='scalable')) = 10.525
DEBUG:matplotlib.font_manager:findfont: score(FontEntry(fname='/usr/share/fonts/ttf-maple/MapleMono-NF-Italic.ttf', name='Maple Mono NF', style='italic', variant='normal', weight=400, stretch='normal', size='scalable')) = 11.05
DEBUG:matplotlib.font_manager:findfont: score(FontEntry(fname='/home/joseph/.fonts/MapleMono-Bold.ttf', name='Maple Mono', style='normal', variant='normal', weight=700, stretch='normal', size='scalable')) = 10.335
DEBUG:matplotlib.font_manager:findfont: score(FontEntry(fname='/usr/share/fonts/TTF/JetBrainsMonoNerdFontPropo-Italic.ttf', name='JetBrainsMono NFP', style='italic', variant='normal', weight=400, stretch='normal', size='scalable')) = 11.05
DEBUG:matplotlib.font_manager:findfont: score(FontEntry(fname='/usr/share/fonts/TTF/IosevkaNerdFont-Heavy.ttf', name='Iosevka NF', style='normal', variant='normal', weight=900, stretch='normal', size='scalable')) = 10.525
DEBUG:matplotlib.font_manager:findfont: score(FontEntry(fname='/usr/share/fonts/adobe-source-code-pro/SourceCodePro-It.otf', name='Source Code Pro', style='italic', variant='normal', weight=400, stretch='normal', size='scalable')) = 11.05
DEBUG:matplotlib.font_manager:findfont: score(FontEntry(fname='/usr/share/fonts/liberation/LiberationSerif-Italic.ttf', name='Liberation Serif', style='italic', variant='normal', weight=400, stretch='normal', size='scalable')) = 11.05
DEBUG:matplotlib.font_manager:findfont: score(FontEntry(fname='/usr/share/fonts/TTF/IosevkaNerdFont-ExtraBold.ttf', name='Iosevka NF', style='normal', variant='normal', weight=800, stretch='normal', size='scalable')) = 10.43
DEBUG:matplotlib.font_manager:findfont: score(FontEntry(fname='/home/joseph/.fonts/MapleMono-NF-Italic.ttf', name='Maple Mono NF', style='italic', variant='normal', weight=400, stretch='normal', size='scalable')) = 11.05
DEBUG:matplotlib.font_manager:findfont: score(FontEntry(fname='/usr/share/fonts/adobe-source-code-pro/SourceCodePro-Medium.otf', name='Source Code Pro', style='normal', variant='normal', weight=500, stretch='normal', size='scalable')) = 10.145
DEBUG:matplotlib.font_manager:findfont: score(FontEntry(fname='/usr/share/fonts/TTF/JetBrainsMonoNerdFontMono-Light.ttf', name='JetBrainsMono NFM', style='normal', variant='normal', weight=300, stretch='normal', size='scalable')) = 10.145
DEBUG:matplotlib.font_manager:findfont: score(FontEntry(fname='/usr/share/fonts/TTF/IosevkaTermNerdFont-ExtraBoldItalic.ttf', name='IosevkaTerm NF', style='italic', variant='normal', weight=800, stretch='normal', size='scalable')) = 11.43
DEBUG:matplotlib.font_manager:findfont: score(FontEntry(fname='/usr/share/fonts/TTF/IosevkaNerdFont-Oblique.ttf', name='Iosevka NF', style='oblique', variant='normal', weight=400, stretch='normal', size='scalable')) = 11.05
DEBUG:matplotlib.font_manager:findfont: score(FontEntry(fname='/usr/share/fonts/TTF/IosevkaTermNerdFontPropo-Italic.ttf', name='IosevkaTerm NFP', style='italic', variant='normal', weight=400, stretch='normal', size='scalable')) = 11.05
DEBUG:matplotlib.font_manager:findfont: score(FontEntry(fname='/usr/share/fonts/OTF/SyrCOMAntioch.otf', name='Estrangelo Antioch', style='normal', variant='normal', weight=400, stretch='normal', size='scalable')) = 10.05
DEBUG:matplotlib.font_manager:findfont: score(FontEntry(fname='/usr/share/fonts/TTF/IosevkaNerdFontMono-Heavy.ttf', name='Iosevka NFM', style='normal', variant='normal', weight=900, stretch='normal', size='scalable')) = 10.525
DEBUG:matplotlib.font_manager:findfont: score(FontEntry(fname='/usr/share/fonts/TTF/JetBrainsMonoNerdFont-BoldItalic.ttf', name='JetBrainsMono NF', style='italic', variant='normal', weight=700, stretch='normal', size='scalable')) = 11.335
DEBUG:matplotlib.font_manager:findfont: score(FontEntry(fname='/usr/share/fonts/TTF/IosevkaNerdFont-HeavyOblique.ttf', name='Iosevka NF', style='oblique', variant='normal', weight=900, stretch='normal', size='scalable')) = 11.525
DEBUG:matplotlib.font_manager:findfont: score(FontEntry(fname='/usr/share/fonts/TTF/IosevkaTermNerdFontMono-Light.ttf', name='IosevkaTerm NFM', style='normal', variant='normal', weight=300, stretch='normal', size='scalable')) = 10.145
DEBUG:matplotlib.font_manager:findfont: score(FontEntry(fname='/usr/share/fonts/liberation/LiberationSans-Regular.ttf', name='Liberation Sans', style='normal', variant='normal', weight=400, stretch='normal', size='scalable')) = 10.05
DEBUG:matplotlib.font_manager:findfont: score(FontEntry(fname='/usr/share/fonts/Unifont/Unifont.ttf', name='Unifont', style='normal', variant='normal', weight=500, stretch='normal', size='scalable')) = 10.145
DEBUG:matplotlib.font_manager:findfont: score(FontEntry(fname='/usr/share/fonts/TTF/IosevkaNerdFont-BoldOblique.ttf', name='Iosevka NF', style='oblique', variant='normal', weight=700, stretch='normal', size='scalable')) = 11.335
DEBUG:matplotlib.font_manager:findfont: score(FontEntry(fname='/usr/share/fonts/TTF/JetBrainsMonoNerdFont-SemiBoldItalic.ttf', name='JetBrainsMono NF', style='italic', variant='normal', weight=600, stretch='normal', size='scalable')) = 11.24
DEBUG:matplotlib.font_manager:findfont: score(FontEntry(fname='/usr/share/fonts/TTF/JetBrainsMonoNL-Italic.ttf', name='JetBrains Mono NL', style='italic', variant='normal', weight=400, stretch='normal', size='scalable')) = 11.05
DEBUG:matplotlib.font_manager:findfont: score(FontEntry(fname='/usr/share/fonts/TTF/IosevkaNerdFontMono-SemiBoldOblique.ttf', name='Iosevka NFM', style='oblique', variant='normal', weight=600, stretch='normal', size='scalable')) = 11.24
DEBUG:matplotlib.font_manager:findfont: score(FontEntry(fname='/home/joseph/.fonts/MapleMono-NF-LightItalic.ttf', name='Maple Mono NF', style='italic', variant='normal', weight=300, stretch='normal', size='scalable')) = 11.145
DEBUG:matplotlib.font_manager:findfont: score(FontEntry(fname='/usr/share/fonts/gsfonts/P052-Bold.otf', name='P052', style='normal', variant='normal', weight=700, stretch='normal', size='scalable')) = 10.335
DEBUG:matplotlib.font_manager:findfont: score(FontEntry(fname='/usr/share/fonts/TTF/JetBrainsMonoNL-ExtraBold.ttf', name='JetBrains Mono NL', style='normal', variant='normal', weight=800, stretch='normal', size='scalable')) = 10.43
DEBUG:matplotlib.font_manager:findfont: score(FontEntry(fname='/usr/share/fonts/TTF/IosevkaNerdFontPropo-LightOblique.ttf', name='Iosevka NFP', style='oblique', variant='normal', weight=300, stretch='normal', size='scalable')) = 11.145
DEBUG:matplotlib.font_manager:findfont: score(FontEntry(fname='/usr/share/fonts/TTF/IosevkaNerdFont-ExtraLight.ttf', name='Iosevka NF', style='normal', variant='normal', weight=200, stretch='normal', size='scalable')) = 10.24
DEBUG:matplotlib.font_manager:findfont: score(FontEntry(fname='/usr/share/fonts/TTF/IosevkaTermNerdFont-Light.ttf', name='IosevkaTerm NF', style='normal', variant='normal', weight=300, stretch='normal', size='scalable')) = 10.145
DEBUG:matplotlib.font_manager:findfont: score(FontEntry(fname='/usr/share/fonts/TTF/IosevkaNerdFont-ThinItalic.ttf', name='Iosevka NF', style='italic', variant='normal', weight=100, stretch='normal', size='scalable')) = 11.335
DEBUG:matplotlib.font_manager:findfont: score(FontEntry(fname='/usr/share/fonts/TTF/JetBrainsMonoNLNerdFontPropo-ExtraLightItalic.ttf', name='JetBrainsMonoNL NFP', style='italic', variant='normal', weight=200, stretch='normal', size='scalable')) = 11.24
DEBUG:matplotlib.font_manager:findfont: score(FontEntry(fname='/usr/share/fonts/OTF/SyrCOMMardin.otf', name='Serto Mardin', style='normal', variant='normal', weight=400, stretch='normal', size='scalable')) = 10.05
DEBUG:matplotlib.font_manager:findfont: score(FontEntry(fname='/usr/share/fonts/TTF/Roboto-Italic.ttf', name='Roboto', style='italic', variant='normal', weight=400, stretch='normal', size='scalable')) = 11.05
DEBUG:matplotlib.font_manager:findfont: score(FontEntry(fname='/home/joseph/.fonts/MapleMono-SC-NF-Bold.ttf', name='Maple Mono SC NF', style='normal', variant='normal', weight=700, stretch='normal', size='scalable')) = 10.335
DEBUG:matplotlib.font_manager:findfont: score(FontEntry(fname='/usr/share/fonts/TTF/IosevkaNerdFontPropo-SemiBoldOblique.ttf', name='Iosevka NFP', style='oblique', variant='normal', weight=600, stretch='normal', size='scalable')) = 11.24
DEBUG:matplotlib.font_manager:findfont: score(FontEntry(fname='/usr/share/fonts/TTF/IosevkaTermNerdFontPropo-LightOblique.ttf', name='IosevkaTerm NFP', style='oblique', variant='normal', weight=300, stretch='normal', size='scalable')) = 11.145
DEBUG:matplotlib.font_manager:findfont: score(FontEntry(fname='/usr/share/fonts/TTF/JetBrainsMonoNerdFontMono-BoldItalic.ttf', name='JetBrainsMono NFM', style='italic', variant='normal', weight=700, stretch='normal', size='scalable')) = 11.335
DEBUG:matplotlib.font_manager:findfont: score(FontEntry(fname='/usr/share/fonts/TTF/IosevkaTermNerdFontMono-Oblique.ttf', name='IosevkaTerm NFM', style='oblique', variant='normal', weight=400, stretch='normal', size='scalable')) = 11.05
DEBUG:matplotlib.font_manager:findfont: score(FontEntry(fname='/usr/share/fonts/gsfonts/URWGothic-DemiOblique.otf', name='URW Gothic', style='oblique', variant='normal', weight=600, stretch='normal', size='scalable')) = 11.24
DEBUG:matplotlib.font_manager:findfont: score(FontEntry(fname='/usr/share/fonts/ttf-maple/MapleMono-Light.ttf', name='Maple Mono', style='normal', variant='normal', weight=300, stretch='normal', size='scalable')) = 10.145
DEBUG:matplotlib.font_manager:findfont: score(FontEntry(fname='/usr/share/fonts/TTF/IosevkaTermNerdFontPropo-ExtraLight.ttf', name='IosevkaTerm NFP', style='normal', variant='normal', weight=200, stretch='normal', size='scalable')) = 10.24
DEBUG:matplotlib.font_manager:findfont: score(FontEntry(fname='/usr/share/fonts/TTF/RobotoCondensed-Bold.ttf', name='Roboto Condensed', style='normal', variant='normal', weight=700, stretch='condensed', size='scalable')) = 10.535
DEBUG:matplotlib.font_manager:findfont: score(FontEntry(fname='/usr/share/fonts/TTF/JetBrainsMono-ExtraLightItalic.ttf', name='JetBrains Mono', style='italic', variant='normal', weight=200, stretch='normal', size='scalable')) = 11.24
DEBUG:matplotlib.font_manager:findfont: score(FontEntry(fname='/usr/share/fonts/TTF/IosevkaTermNerdFontPropo-ExtraBold.ttf', name='IosevkaTerm NFP', style='normal', variant='normal', weight=800, stretch='normal', size='scalable')) = 10.43
DEBUG:matplotlib.font_manager:findfont: score(FontEntry(fname='/usr/share/fonts/TTF/IosevkaTermNerdFontPropo-Thin.ttf', name='IosevkaTerm NFP', style='normal', variant='normal', weight=100, stretch='normal', size='scalable')) = 10.335
DEBUG:matplotlib.font_manager:findfont: score(FontEntry(fname='/usr/share/fonts/TTF/IosevkaNerdFontPropo-MediumOblique.ttf', name='Iosevka NFP', style='oblique', variant='normal', weight=500, stretch='normal', size='scalable')) = 11.145
DEBUG:matplotlib.font_manager:findfont: score(FontEntry(fname='/usr/share/fonts/TTF/JetBrainsMono-ExtraBold.ttf', name='JetBrains Mono', style='normal', variant='normal', weight=800, stretch='normal', size='scalable')) = 10.43
DEBUG:matplotlib.font_manager:findfont: score(FontEntry(fname='/usr/share/fonts/OTF/GohaTibebZemen.otf', name='Goha-Tibeb Zemen', style='normal', variant='normal', weight=500, stretch='normal', size='scalable')) = 10.145
DEBUG:matplotlib.font_manager:findfont: score(FontEntry(fname='/usr/share/fonts/TTF/JetBrainsMonoNLNerdFont-Thin.ttf', name='JetBrainsMonoNL NF', style='normal', variant='normal', weight=100, stretch='normal', size='scalable')) = 10.335
DEBUG:matplotlib.font_manager:findfont: score(FontEntry(fname='/usr/share/fonts/gsfonts/NimbusRoman-Bold.otf', name='Nimbus Roman', style='normal', variant='normal', weight=700, stretch='normal', size='scalable')) = 10.335
DEBUG:matplotlib.font_manager:findfont: score(FontEntry(fname='/usr/share/fonts/TTF/IosevkaTermNerdFont-LightOblique.ttf', name='IosevkaTerm NF', style='oblique', variant='normal', weight=300, stretch='normal', size='scalable')) = 11.145
DEBUG:matplotlib.font_manager:findfont: score(FontEntry(fname='/usr/share/fonts/TTF/IosevkaTermNerdFontMono-BoldItalic.ttf', name='IosevkaTerm NFM', style='italic', variant='normal', weight=700, stretch='normal', size='scalable')) = 11.335
DEBUG:matplotlib.font_manager:findfont: score(FontEntry(fname='/usr/share/fonts/TTF/IosevkaTermNerdFontPropo-ExtraLightOblique.ttf', name='IosevkaTerm NFP', style='oblique', variant='normal', weight=200, stretch='normal', size='scalable')) = 11.24
DEBUG:matplotlib.font_manager:findfont: score(FontEntry(fname='/usr/share/fonts/TTF/JetBrainsMonoNLNerdFont-ExtraBoldItalic.ttf', name='JetBrainsMonoNL NF', style='italic', variant='normal', weight=800, stretch='normal', size='scalable')) = 11.43
DEBUG:matplotlib.font_manager:findfont: score(FontEntry(fname='/usr/share/fonts/TTF/IosevkaTermNerdFontMono-ExtraBoldOblique.ttf', name='IosevkaTerm NFM', style='oblique', variant='normal', weight=800, stretch='normal', size='scalable')) = 11.43
DEBUG:matplotlib.font_manager:findfont: score(FontEntry(fname='/usr/share/fonts/TTF/IosevkaTermNerdFontMono-BoldOblique.ttf', name='IosevkaTerm NFM', style='oblique', variant='normal', weight=700, stretch='normal', size='scalable')) = 11.335
DEBUG:matplotlib.font_manager:findfont: score(FontEntry(fname='/usr/share/fonts/TTF/IosevkaTermNerdFontPropo-ThinOblique.ttf', name='IosevkaTerm NFP', style='oblique', variant='normal', weight=100, stretch='normal', size='scalable')) = 11.335
DEBUG:matplotlib.font_manager:findfont: score(FontEntry(fname='/usr/share/fonts/gsfonts/NimbusSansNarrow-Oblique.otf', name='Nimbus Sans Narrow', style='oblique', variant='normal', weight=400, stretch='condensed', size='scalable')) = 11.25
DEBUG:matplotlib.font_manager:findfont: score(FontEntry(fname='/usr/share/fonts/TTF/JetBrainsMonoNerdFontMono-Medium.ttf', name='JetBrainsMono NFM', style='normal', variant='normal', weight=500, stretch='normal', size='scalable')) = 10.145
DEBUG:matplotlib.font_manager:findfont: score(FontEntry(fname='/usr/share/fonts/TTF/JetBrainsMonoNLNerdFontPropo-ExtraLight.ttf', name='JetBrainsMonoNL NFP', style='normal', variant='normal', weight=200, stretch='normal', size='scalable')) = 10.24
DEBUG:matplotlib.font_manager:findfont: score(FontEntry(fname='/usr/share/fonts/OTF/SyrCOMTalada.otf', name='Estrangelo Talada', style='normal', variant='normal', weight=400, stretch='normal', size='scalable')) = 10.05
DEBUG:matplotlib.font_manager:findfont: score(FontEntry(fname='/usr/share/fonts/TTF/IosevkaNerdFontMono-Medium.ttf', name='Iosevka NFM', style='normal', variant='normal', weight=500, stretch='normal', size='scalable')) = 10.145
DEBUG:matplotlib.font_manager:findfont: score(FontEntry(fname='/usr/share/fonts/gsfonts/URWBookman-DemiItalic.otf', name='URW Bookman', style='italic', variant='normal', weight=600, stretch='normal', size='scalable')) = 11.24
DEBUG:matplotlib.font_manager:findfont: score(FontEntry(fname='/usr/share/fonts/TTF/SymbolsNerdFontMono-Regular.ttf', name='Symbols Nerd Font Mono', style='normal', variant='normal', weight=400, stretch='normal', size='scalable')) = 10.05
DEBUG:matplotlib.font_manager:findfont: score(FontEntry(fname='/usr/share/fonts/TTF/IosevkaNerdFont-Light.ttf', name='Iosevka NF', style='normal', variant='normal', weight=300, stretch='normal', size='scalable')) = 10.145
DEBUG:matplotlib.font_manager:findfont: score(FontEntry(fname='/usr/share/fonts/TTF/JetBrainsMonoNLNerdFontMono-Light.ttf', name='JetBrainsMonoNL NFM', style='normal', variant='normal', weight=300, stretch='normal', size='scalable')) = 10.145
DEBUG:matplotlib.font_manager:findfont: score(FontEntry(fname='/usr/share/fonts/gsfonts/P052-Italic.otf', name='P052', style='italic', variant='normal', weight=400, stretch='normal', size='scalable')) = 11.05
DEBUG:matplotlib.font_manager:findfont: score(FontEntry(fname='/usr/share/fonts/ttf-maple/MapleMono-NF-Light.ttf', name='Maple Mono NF', style='normal', variant='normal', weight=300, stretch='normal', size='scalable')) = 10.145
DEBUG:matplotlib.font_manager:findfont: score(FontEntry(fname='/usr/share/fonts/TTF/RobotoCondensed-Regular.ttf', name='Roboto Condensed', style='normal', variant='normal', weight=400, stretch='condensed', size='scalable')) = 10.25
DEBUG:matplotlib.font_manager:findfont: score(FontEntry(fname='/usr/share/fonts/TTF/JetBrainsMonoNL-ExtraLightItalic.ttf', name='JetBrains Mono NL', style='italic', variant='normal', weight=200, stretch='normal', size='scalable')) = 11.24
DEBUG:matplotlib.font_manager:findfont: score(FontEntry(fname='/usr/share/fonts/liberation/LiberationSans-BoldItalic.ttf', name='Liberation Sans', style='italic', variant='normal', weight=700, stretch='normal', size='scalable')) = 11.335
DEBUG:matplotlib.font_manager:findfont: score(FontEntry(fname='/usr/share/fonts/TTF/IosevkaTermNerdFontMono-Italic.ttf', name='IosevkaTerm NFM', style='italic', variant='normal', weight=400, stretch='normal', size='scalable')) = 11.05
DEBUG:matplotlib.font_manager:findfont: score(FontEntry(fname='/home/joseph/.fonts/MapleMono-NF-BoldItalic.ttf', name='Maple Mono NF', style='italic', variant='normal', weight=700, stretch='normal', size='scalable')) = 11.335
DEBUG:matplotlib.font_manager:findfont: score(FontEntry(fname='/usr/share/fonts/OTF/SyrCOMMidyat.otf', name='Estrangelo Midyat', style='normal', variant='normal', weight=400, stretch='normal', size='scalable')) = 10.05
DEBUG:matplotlib.font_manager:findfont: score(FontEntry(fname='/usr/share/fonts/TTF/IosevkaTermNerdFont-HeavyOblique.ttf', name='IosevkaTerm NF', style='oblique', variant='normal', weight=900, stretch='normal', size='scalable')) = 11.525
DEBUG:matplotlib.font_manager:findfont: score(FontEntry(fname='/usr/share/fonts/TTF/IosevkaNerdFontPropo-SemiBold.ttf', name='Iosevka NFP', style='normal', variant='normal', weight=600, stretch='normal', size='scalable')) = 10.24
DEBUG:matplotlib.font_manager:findfont: score(FontEntry(fname='/usr/share/fonts/TTF/IosevkaTermNerdFont-Thin.ttf', name='IosevkaTerm NF', style='normal', variant='normal', weight=100, stretch='normal', size='scalable')) = 10.335
DEBUG:matplotlib.font_manager:findfont: score(FontEntry(fname='/usr/share/fonts/TTF/JetBrainsMonoNerdFont-ExtraLight.ttf', name='JetBrainsMono NF', style='normal', variant='normal', weight=200, stretch='normal', size='scalable')) = 10.24
DEBUG:matplotlib.font_manager:findfont: score(FontEntry(fname='/usr/share/fonts/TTF/InconsolataNerdFontPropo-Regular.ttf', name='Inconsolata Nerd Font Propo', style='normal', variant='normal', weight=400, stretch='normal', size='scalable')) = 10.05
DEBUG:matplotlib.font_manager:findfont: score(FontEntry(fname='/usr/share/fonts/OTF/SyrCOMJerusalemBold.otf', name='Serto Jerusalem', style='normal', variant='normal', weight=700, stretch='normal', size='scalable')) = 10.335
DEBUG:matplotlib.font_manager:findfont: score(FontEntry(fname='/usr/share/fonts/TTF/Roboto-MediumItalic.ttf', name='Roboto', style='italic', variant='normal', weight=500, stretch='normal', size='scalable')) = 11.145
DEBUG:matplotlib.font_manager:findfont: score(FontEntry(fname='/usr/share/fonts/TTF/JetBrainsMonoNLNerdFontMono-SemiBoldItalic.ttf', name='JetBrainsMonoNL NFM', style='italic', variant='normal', weight=600, stretch='normal', size='scalable')) = 11.24
DEBUG:matplotlib.font_manager:findfont: score(FontEntry(fname='/usr/share/fonts/TTF/IosevkaTermNerdFontMono-ExtraBold.ttf', name='IosevkaTerm NFM', style='normal', variant='normal', weight=800, stretch='normal', size='scalable')) = 10.43
DEBUG:matplotlib.font_manager:findfont: score(FontEntry(fname='/usr/share/fonts/TTF/JetBrainsMonoNLNerdFontMono-ExtraBold.ttf', name='JetBrainsMonoNL NFM', style='normal', variant='normal', weight=800, stretch='normal', size='scalable')) = 10.43
DEBUG:matplotlib.font_manager:findfont: score(FontEntry(fname='/usr/share/fonts/TTF/JetBrainsMonoNL-Medium.ttf', name='JetBrains Mono NL', style='normal', variant='normal', weight=500, stretch='normal', size='scalable')) = 10.145
DEBUG:matplotlib.font_manager:findfont: score(FontEntry(fname='/usr/share/fonts/adobe-source-code-pro/SourceCodePro-ExtraLightIt.otf', name='Source Code Pro', style='italic', variant='normal', weight=200, stretch='normal', size='scalable')) = 11.24
DEBUG:matplotlib.font_manager:findfont: score(FontEntry(fname='/usr/share/fonts/TTF/JetBrainsMonoNerdFontPropo-SemiBold.ttf', name='JetBrainsMono NFP', style='normal', variant='normal', weight=600, stretch='normal', size='scalable')) = 10.24
DEBUG:matplotlib.font_manager:findfont: score(FontEntry(fname='/usr/share/fonts/gsfonts/NimbusMonoPS-Italic.otf', name='Nimbus Mono PS', style='italic', variant='normal', weight=400, stretch='normal', size='scalable')) = 11.05
DEBUG:matplotlib.font_manager:findfont: score(FontEntry(fname='/usr/share/fonts/TTF/IosevkaNerdFont-MediumOblique.ttf', name='Iosevka NF', style='oblique', variant='normal', weight=500, stretch='normal', size='scalable')) = 11.145
DEBUG:matplotlib.font_manager:findfont: score(FontEntry(fname='/usr/share/fonts/TTF/IosevkaTermNerdFontPropo-SemiBold.ttf', name='IosevkaTerm NFP', style='normal', variant='normal', weight=600, stretch='normal', size='scalable')) = 10.24
DEBUG:matplotlib.font_manager:findfont: score(FontEntry(fname='/usr/share/fonts/TTF/IosevkaTermNerdFont-ExtraLight.ttf', name='IosevkaTerm NF', style='normal', variant='normal', weight=200, stretch='normal', size='scalable')) = 10.24
DEBUG:matplotlib.font_manager:findfont: score(FontEntry(fname='/usr/share/fonts/TTF/JetBrainsMonoNerdFontPropo-Regular.ttf', name='JetBrainsMono NFP', style='normal', variant='normal', weight=400, stretch='normal', size='scalable')) = 10.05
DEBUG:matplotlib.font_manager:findfont: score(FontEntry(fname='/usr/share/fonts/TTF/JetBrainsMonoNLNerdFont-Italic.ttf', name='JetBrainsMonoNL NF', style='italic', variant='normal', weight=400, stretch='normal', size='scalable')) = 11.05
DEBUG:matplotlib.font_manager:findfont: score(FontEntry(fname='/usr/share/fonts/gsfonts/URWGothic-Book.otf', name='URW Gothic', style='normal', variant='normal', weight=400, stretch='normal', size='scalable')) = 10.05
DEBUG:matplotlib.font_manager:findfont: score(FontEntry(fname='/usr/share/fonts/TTF/IosevkaTermNerdFont-HeavyItalic.ttf', name='IosevkaTerm NF', style='italic', variant='normal', weight=900, stretch='normal', size='scalable')) = 11.525
DEBUG:matplotlib.font_manager:findfont: score(FontEntry(fname='/usr/share/fonts/TTF/IosevkaTermNerdFont-ExtraLightOblique.ttf', name='IosevkaTerm NF', style='oblique', variant='normal', weight=200, stretch='normal', size='scalable')) = 11.24
DEBUG:matplotlib.font_manager:findfont: score(FontEntry(fname='/usr/share/fonts/TTF/JetBrainsMonoNLNerdFontPropo-ExtraBoldItalic.ttf', name='JetBrainsMonoNL NFP', style='italic', variant='normal', weight=800, stretch='normal', size='scalable')) = 11.43
DEBUG:matplotlib.font_manager:findfont: score(FontEntry(fname='/usr/share/fonts/TTF/JetBrainsMonoNL-MediumItalic.ttf', name='JetBrains Mono NL', style='italic', variant='normal', weight=500, stretch='normal', size='scalable')) = 11.145
DEBUG:matplotlib.font_manager:findfont: score(FontEntry(fname='/usr/share/fonts/TTF/JetBrainsMono-Light.ttf', name='JetBrains Mono', style='normal', variant='normal', weight=300, stretch='normal', size='scalable')) = 10.145
DEBUG:matplotlib.font_manager:findfont: score(FontEntry(fname='/usr/share/fonts/OTF/SyrCOMTurAbdin.otf', name='Estrangelo TurAbdin', style='normal', variant='normal', weight=400, stretch='normal', size='scalable')) = 10.05
DEBUG:matplotlib.font_manager:findfont: score(FontEntry(fname='/usr/share/fonts/TTF/JetBrainsMonoNerdFontMono-Thin.ttf', name='JetBrainsMono NFM', style='normal', variant='normal', weight=100, stretch='normal', size='scalable')) = 10.335
DEBUG:matplotlib.font_manager:findfont: score(FontEntry(fname='/usr/share/fonts/TTF/JetBrainsMonoNLNerdFontPropo-Medium.ttf', name='JetBrainsMonoNL NFP', style='normal', variant='normal', weight=500, stretch='normal', size='scalable')) = 10.145
DEBUG:matplotlib.font_manager:findfont: score(FontEntry(fname='/usr/share/fonts/TTF/IosevkaNerdFont-ExtraBoldItalic.ttf', name='Iosevka NF', style='italic', variant='normal', weight=800, stretch='normal', size='scalable')) = 11.43
DEBUG:matplotlib.font_manager:findfont: score(FontEntry(fname='/usr/share/fonts/TTF/IosevkaTermNerdFont-MediumOblique.ttf', name='IosevkaTerm NF', style='oblique', variant='normal', weight=500, stretch='normal', size='scalable')) = 11.145
DEBUG:matplotlib.font_manager:findfont: score(FontEntry(fname='/usr/share/fonts/TTF/JetBrainsMono-Thin.ttf', name='JetBrains Mono', style='normal', variant='normal', weight=100, stretch='normal', size='scalable')) = 10.335
DEBUG:matplotlib.font_manager:findfont: score(FontEntry(fname='/usr/share/fonts/TTF/JetBrainsMonoNerdFontMono-ExtraBold.ttf', name='JetBrainsMono NFM', style='normal', variant='normal', weight=800, stretch='normal', size='scalable')) = 10.43
DEBUG:matplotlib.font_manager:findfont: score(FontEntry(fname='/usr/share/fonts/TTF/IosevkaNerdFontMono-Thin.ttf', name='Iosevka NFM', style='normal', variant='normal', weight=100, stretch='normal', size='scalable')) = 10.335
DEBUG:matplotlib.font_manager:findfont: score(FontEntry(fname='/usr/share/fonts/gsfonts/NimbusRoman-Regular.otf', name='Nimbus Roman', style='normal', variant='normal', weight=400, stretch='normal', size='scalable')) = 10.05
DEBUG:matplotlib.font_manager:findfont: score(FontEntry(fname='/usr/share/fonts/TTF/JetBrainsMonoNLNerdFontMono-Italic.ttf', name='JetBrainsMonoNL NFM', style='italic', variant='normal', weight=400, stretch='normal', size='scalable')) = 11.05
DEBUG:matplotlib.font_manager:findfont: score(FontEntry(fname='/usr/share/fonts/TTF/IosevkaNerdFontMono-MediumItalic.ttf', name='Iosevka NFM', style='italic', variant='normal', weight=500, stretch='normal', size='scalable')) = 11.145
DEBUG:matplotlib.font_manager:findfont: score(FontEntry(fname='/usr/share/fonts/TTF/IosevkaNerdFontPropo-ThinItalic.ttf', name='Iosevka NFP', style='italic', variant='normal', weight=100, stretch='normal', size='scalable')) = 11.335
DEBUG:matplotlib.font_manager:findfont: score(FontEntry(fname='/usr/share/fonts/adobe-source-code-pro/SourceCodePro-BoldIt.otf', name='Source Code Pro', style='italic', variant='normal', weight=700, stretch='normal', size='scalable')) = 11.335
DEBUG:matplotlib.font_manager:findfont: score(FontEntry(fname='/usr/share/fonts/gnu-free/FreeMonoOblique.otf', name='FreeMono', style='oblique', variant='normal', weight=400, stretch='normal', size='scalable')) = 11.05
DEBUG:matplotlib.font_manager:findfont: score(FontEntry(fname='/usr/share/fonts/gsfonts/NimbusMonoPS-Bold.otf', name='Nimbus Mono PS', style='normal', variant='normal', weight=700, stretch='normal', size='scalable')) = 10.335
DEBUG:matplotlib.font_manager:findfont: score(FontEntry(fname='/usr/share/fonts/TTF/IosevkaNerdFontPropo-Heavy.ttf', name='Iosevka NFP', style='normal', variant='normal', weight=900, stretch='normal', size='scalable')) = 10.525
DEBUG:matplotlib.font_manager:findfont: score(FontEntry(fname='/usr/share/fonts/TTF/IosevkaTermNerdFontMono-ExtraLight.ttf', name='IosevkaTerm NFM', style='normal', variant='normal', weight=200, stretch='normal', size='scalable')) = 10.24
DEBUG:matplotlib.font_manager:findfont: score(FontEntry(fname='/usr/share/fonts/TTF/IosevkaTermNerdFontPropo-MediumItalic.ttf', name='IosevkaTerm NFP', style='italic', variant='normal', weight=500, stretch='normal', size='scalable')) = 11.145
DEBUG:matplotlib.font_manager:findfont: score(FontEntry(fname='/usr/share/fonts/TTF/JetBrainsMonoNerdFontPropo-ExtraLight.ttf', name='JetBrainsMono NFP', style='normal', variant='normal', weight=200, stretch='normal', size='scalable')) = 10.24
DEBUG:matplotlib.font_manager:findfont: score(FontEntry(fname='/usr/share/fonts/TTF/JetBrainsMonoNerdFont-ExtraLightItalic.ttf', name='JetBrainsMono NF', style='italic', variant='normal', weight=200, stretch='normal', size='scalable')) = 11.24
DEBUG:matplotlib.font_manager:findfont: score(FontEntry(fname='/usr/share/fonts/ttf-maple/MapleMono-SC-NF-Regular.ttf', name='Maple Mono SC NF', style='normal', variant='normal', weight=400, stretch='normal', size='scalable')) = 10.05
DEBUG:matplotlib.font_manager:findfont: score(FontEntry(fname='/usr/share/fonts/ttf-maple/MapleMono-SC-NF-Italic.ttf', name='Maple Mono SC NF', style='italic', variant='normal', weight=400, stretch='normal', size='scalable')) = 11.05
DEBUG:matplotlib.font_manager:findfont: score(FontEntry(fname='/usr/share/fonts/TTF/IosevkaNerdFont-MediumItalic.ttf', name='Iosevka NF', style='italic', variant='normal', weight=500, stretch='normal', size='scalable')) = 11.145
DEBUG:matplotlib.font_manager:findfont: score(FontEntry(fname='/home/joseph/.fonts/MapleMono-Italic.ttf', name='Maple Mono', style='italic', variant='normal', weight=400, stretch='normal', size='scalable')) = 11.05
DEBUG:matplotlib.font_manager:findfont: score(FontEntry(fname='/usr/share/fonts/TTF/SymbolsNerdFont-Regular.ttf', name='Symbols Nerd Font', style='normal', variant='normal', weight=400, stretch='normal', size='scalable')) = 10.05
DEBUG:matplotlib.font_manager:findfont: score(FontEntry(fname='/usr/share/fonts/TTF/IosevkaTermNerdFontPropo-ThinItalic.ttf', name='IosevkaTerm NFP', style='italic', variant='normal', weight=100, stretch='normal', size='scalable')) = 11.335
DEBUG:matplotlib.font_manager:findfont: score(FontEntry(fname='/home/joseph/.fonts/MapleMono-LightItalic.ttf', name='Maple Mono', style='italic', variant='normal', weight=300, stretch='normal', size='scalable')) = 11.145
DEBUG:matplotlib.font_manager:findfont: score(FontEntry(fname='/usr/share/fonts/TTF/IosevkaTermNerdFontPropo-Heavy.ttf', name='IosevkaTerm NFP', style='normal', variant='normal', weight=900, stretch='normal', size='scalable')) = 10.525
DEBUG:matplotlib.font_manager:findfont: score(FontEntry(fname='/usr/share/fonts/TTF/JetBrainsMonoNL-LightItalic.ttf', name='JetBrains Mono NL', style='italic', variant='normal', weight=300, stretch='normal', size='scalable')) = 11.145
DEBUG:matplotlib.font_manager:findfont: score(FontEntry(fname='/usr/share/fonts/TTF/JetBrainsMonoNerdFont-Thin.ttf', name='JetBrainsMono NF', style='normal', variant='normal', weight=100, stretch='normal', size='scalable')) = 10.335
DEBUG:matplotlib.font_manager:findfont: score(FontEntry(fname='/usr/share/fonts/TTF/JetBrainsMonoNL-SemiBoldItalic.ttf', name='JetBrains Mono NL', style='italic', variant='normal', weight=600, stretch='normal', size='scalable')) = 11.24
DEBUG:matplotlib.font_manager:findfont: score(FontEntry(fname='/usr/share/fonts/gsfonts/NimbusRoman-Italic.otf', name='Nimbus Roman', style='italic', variant='normal', weight=400, stretch='normal', size='scalable')) = 11.05
DEBUG:matplotlib.font_manager:findfont: score(FontEntry(fname='/usr/share/fonts/TTF/IosevkaNerdFontMono-ExtraLightItalic.ttf', name='Iosevka NFM', style='italic', variant='normal', weight=200, stretch='normal', size='scalable')) = 11.24
DEBUG:matplotlib.font_manager:findfont: score(FontEntry(fname='/usr/share/fonts/OTF/SyrCOMJerusalemItalic.otf', name='Serto Jerusalem', style='italic', variant='normal', weight=400, stretch='normal', size='scalable')) = 11.05
DEBUG:matplotlib.font_manager:findfont: score(FontEntry(fname='/usr/share/fonts/TTF/IosevkaTermNerdFontPropo-HeavyOblique.ttf', name='IosevkaTerm NFP', style='oblique', variant='normal', weight=900, stretch='normal', size='scalable')) = 11.525
DEBUG:matplotlib.font_manager:findfont: score(FontEntry(fname='/usr/share/fonts/gsfonts/NimbusSansNarrow-Bold.otf', name='Nimbus Sans Narrow', style='normal', variant='normal', weight=700, stretch='condensed', size='scalable')) = 10.535
DEBUG:matplotlib.font_manager:findfont: score(FontEntry(fname='/usr/share/fonts/gsfonts/C059-Italic.otf', name='C059', style='italic', variant='normal', weight=400, stretch='normal', size='scalable')) = 11.05
DEBUG:matplotlib.font_manager:findfont: score(FontEntry(fname='/usr/share/fonts/TTF/RobotoCondensed-Light.ttf', name='Roboto Condensed', style='normal', variant='normal', weight=300, stretch='condensed', size='scalable')) = 10.344999999999999
DEBUG:matplotlib.font_manager:findfont: score(FontEntry(fname='/usr/share/fonts/gsfonts/URWGothic-Demi.otf', name='URW Gothic', style='normal', variant='normal', weight=600, stretch='normal', size='scalable')) = 10.24
DEBUG:matplotlib.font_manager:findfont: score(FontEntry(fname='/usr/share/fonts/TTF/IosevkaNerdFontPropo-ExtraLightItalic.ttf', name='Iosevka NFP', style='italic', variant='normal', weight=200, stretch='normal', size='scalable')) = 11.24
DEBUG:matplotlib.font_manager:findfont: score(FontEntry(fname='/usr/share/fonts/TTF/JetBrainsMonoNerdFontPropo-BoldItalic.ttf', name='JetBrainsMono NFP', style='italic', variant='normal', weight=700, stretch='normal', size='scalable')) = 11.335
DEBUG:matplotlib.font_manager:findfont: score(FontEntry(fname='/usr/share/fonts/TTF/JetBrainsMonoNerdFont-Medium.ttf', name='JetBrainsMono NF', style='normal', variant='normal', weight=500, stretch='normal', size='scalable')) = 10.145
DEBUG:matplotlib.font_manager:findfont: score(FontEntry(fname='/home/joseph/.local/share/fonts/GrapeNuts-Regular.ttf', name='Grape Nuts', style='normal', variant='normal', weight=400, stretch='normal', size='scalable')) = 10.05
DEBUG:matplotlib.font_manager:findfont: score(FontEntry(fname='/usr/share/fonts/TTF/IosevkaNerdFontPropo-Regular.ttf', name='Iosevka NFP', style='normal', variant='normal', weight=400, stretch='normal', size='scalable')) = 10.05
DEBUG:matplotlib.font_manager:findfont: score(FontEntry(fname='/usr/share/fonts/TTF/Roboto-ThinItalic.ttf', name='Roboto', style='italic', variant='normal', weight=250, stretch='normal', size='scalable')) = 11.1925
DEBUG:matplotlib.font_manager:findfont: score(FontEntry(fname='/usr/share/fonts/TTF/IosevkaNerdFont-ExtraBoldOblique.ttf', name='Iosevka NF', style='oblique', variant='normal', weight=800, stretch='normal', size='scalable')) = 11.43
DEBUG:matplotlib.font_manager:findfont: score(FontEntry(fname='/usr/share/fonts/gsfonts/D050000L.otf', name='D050000L', style='normal', variant='normal', weight=400, stretch='normal', size='scalable')) = 10.05
DEBUG:matplotlib.font_manager:findfont: score(FontEntry(fname='/usr/share/fonts/adobe-source-code-pro/SourceCodePro-Semibold.otf', name='Source Code Pro', style='normal', variant='normal', weight=600, stretch='normal', size='scalable')) = 10.24
DEBUG:matplotlib.font_manager:findfont: score(FontEntry(fname='/usr/share/fonts/TTF/IosevkaNerdFontPropo-Italic.ttf', name='Iosevka NFP', style='italic', variant='normal', weight=400, stretch='normal', size='scalable')) = 11.05
DEBUG:matplotlib.font_manager:findfont: score(FontEntry(fname='/usr/share/fonts/ttf-maple/MapleMono-NF-Bold.ttf', name='Maple Mono NF', style='normal', variant='normal', weight=700, stretch='normal', size='scalable')) = 10.335
DEBUG:matplotlib.font_manager:findfont: score(FontEntry(fname='/usr/share/fonts/TTF/Roboto-Thin.ttf', name='Roboto', style='normal', variant='normal', weight=250, stretch='normal', size='scalable')) = 10.1925
DEBUG:matplotlib.font_manager:findfont: score(FontEntry(fname='/usr/share/fonts/gsfonts/URWBookman-Demi.otf', name='URW Bookman', style='normal', variant='normal', weight=600, stretch='normal', size='scalable')) = 10.24
DEBUG:matplotlib.font_manager:findfont: score(FontEntry(fname='/usr/share/fonts/TTF/IosevkaTermNerdFont-ThinOblique.ttf', name='IosevkaTerm NF', style='oblique', variant='normal', weight=100, stretch='normal', size='scalable')) = 11.335
DEBUG:matplotlib.font_manager:findfont: score(FontEntry(fname='/usr/share/fonts/TTF/JetBrainsMonoNerdFontMono-ThinItalic.ttf', name='JetBrainsMono NFM', style='italic', variant='normal', weight=100, stretch='normal', size='scalable')) = 11.335
DEBUG:matplotlib.font_manager:findfont: score(FontEntry(fname='/home/joseph/.fonts/MapleMono-SC-NF-Italic.ttf', name='Maple Mono SC NF', style='italic', variant='normal', weight=400, stretch='normal', size='scalable')) = 11.05
DEBUG:matplotlib.font_manager:findfont: score(FontEntry(fname='/usr/share/fonts/OTF/SyrCOMCtesiphon.otf', name='East Syriac Ctesiphon', style='normal', variant='normal', weight=400, stretch='normal', size='scalable')) = 10.05
DEBUG:matplotlib.font_manager:findfont: score(FontEntry(fname='/usr/share/fonts/TTF/IosevkaTermNerdFont-Regular.ttf', name='IosevkaTerm NF', style='normal', variant='normal', weight=400, stretch='normal', size='scalable')) = 10.05
DEBUG:matplotlib.font_manager:findfont: score(FontEntry(fname='/usr/share/fonts/ttf-maple/MapleMono-SC-NF-LightItalic.ttf', name='Maple Mono SC NF', style='italic', variant='normal', weight=300, stretch='normal', size='scalable')) = 11.145
DEBUG:matplotlib.font_manager:findfont: score(FontEntry(fname='/usr/share/fonts/TTF/JetBrainsMonoNLNerdFont-Light.ttf', name='JetBrainsMonoNL NF', style='normal', variant='normal', weight=300, stretch='normal', size='scalable')) = 10.145
DEBUG:matplotlib.font_manager:findfont: score(FontEntry(fname='/usr/share/fonts/TTF/JetBrainsMonoNerdFont-Bold.ttf', name='JetBrainsMono NF', style='normal', variant='normal', weight=700, stretch='normal', size='scalable')) = 10.335
DEBUG:matplotlib.font_manager:findfont: score(FontEntry(fname='/usr/share/fonts/TTF/IosevkaTermNerdFontPropo-BoldItalic.ttf', name='IosevkaTerm NFP', style='italic', variant='normal', weight=700, stretch='normal', size='scalable')) = 11.335
DEBUG:matplotlib.font_manager:findfont: score(FontEntry(fname='/usr/share/fonts/TTF/IosevkaNerdFontPropo-ThinOblique.ttf', name='Iosevka NFP', style='oblique', variant='normal', weight=100, stretch='normal', size='scalable')) = 11.335
DEBUG:matplotlib.font_manager:findfont: score(FontEntry(fname='/usr/share/fonts/ttf-maple/MapleMono-SC-NF-BoldItalic.ttf', name='Maple Mono SC NF', style='italic', variant='normal', weight=700, stretch='normal', size='scalable')) = 11.335
DEBUG:matplotlib.font_manager:findfont: score(FontEntry(fname='/usr/share/fonts/TTF/JetBrainsMonoNLNerdFontPropo-Bold.ttf', name='JetBrainsMonoNL NFP', style='normal', variant='normal', weight=700, stretch='normal', size='scalable')) = 10.335
DEBUG:matplotlib.font_manager:findfont: score(FontEntry(fname='/usr/share/fonts/TTF/IosevkaTermNerdFont-ExtraBold.ttf', name='IosevkaTerm NF', style='normal', variant='normal', weight=800, stretch='normal', size='scalable')) = 10.43
DEBUG:matplotlib.font_manager:findfont: score(FontEntry(fname='/usr/share/fonts/gsfonts/NimbusMonoPS-BoldItalic.otf', name='Nimbus Mono PS', style='italic', variant='normal', weight=700, stretch='normal', size='scalable')) = 11.335
DEBUG:matplotlib.font_manager:findfont: score(FontEntry(fname='/usr/share/fonts/TTF/JetBrainsMonoNL-Regular.ttf', name='JetBrains Mono NL', style='normal', variant='normal', weight=400, stretch='normal', size='scalable')) = 10.05
DEBUG:matplotlib.font_manager:findfont: score(FontEntry(fname='/usr/share/fonts/TTF/IosevkaNerdFont-LightOblique.ttf', name='Iosevka NF', style='oblique', variant='normal', weight=300, stretch='normal', size='scalable')) = 11.145
DEBUG:matplotlib.font_manager:findfont: score(FontEntry(fname='/usr/share/fonts/TTF/IosevkaTermNerdFontMono-Bold.ttf', name='IosevkaTerm NFM', style='normal', variant='normal', weight=700, stretch='normal', size='scalable')) = 10.335
DEBUG:matplotlib.font_manager:findfont: score(FontEntry(fname='/usr/share/fonts/TTF/JetBrainsMono-ThinItalic.ttf', name='JetBrains Mono', style='italic', variant='normal', weight=100, stretch='normal', size='scalable')) = 11.335
DEBUG:matplotlib.font_manager:findfont: score(FontEntry(fname='/usr/share/fonts/TTF/JetBrainsMono-LightItalic.ttf', name='JetBrains Mono', style='italic', variant='normal', weight=300, stretch='normal', size='scalable')) = 11.145
DEBUG:matplotlib.font_manager:findfont: score(FontEntry(fname='/usr/share/fonts/TTF/JetBrainsMonoNLNerdFont-ExtraLight.ttf', name='JetBrainsMonoNL NF', style='normal', variant='normal', weight=200, stretch='normal', size='scalable')) = 10.24
DEBUG:matplotlib.font_manager:findfont: score(FontEntry(fname='/usr/share/fonts/ttf-maple/MapleMono-Regular.ttf', name='Maple Mono', style='normal', variant='normal', weight=400, stretch='normal', size='scalable')) = 10.05
DEBUG:matplotlib.font_manager:findfont: score(FontEntry(fname='/usr/share/fonts/TTF/JetBrainsMonoNerdFont-ExtraBold.ttf', name='JetBrainsMono NF', style='normal', variant='normal', weight=800, stretch='normal', size='scalable')) = 10.43
DEBUG:matplotlib.font_manager:findfont: score(FontEntry(fname='/usr/share/fonts/TTF/JetBrainsMonoNLNerdFontPropo-ThinItalic.ttf', name='JetBrainsMonoNL NFP', style='italic', variant='normal', weight=100, stretch='normal', size='scalable')) = 11.335
DEBUG:matplotlib.font_manager:findfont: score(FontEntry(fname='/usr/share/fonts/TTF/JetBrainsMonoNerdFont-Regular.ttf', name='JetBrainsMono NF', style='normal', variant='normal', weight=400, stretch='normal', size='scalable')) = 10.05
DEBUG:matplotlib.font_manager:findfont: score(FontEntry(fname='/usr/share/fonts/TTF/IosevkaTermNerdFontPropo-ExtraLightItalic.ttf', name='IosevkaTerm NFP', style='italic', variant='normal', weight=200, stretch='normal', size='scalable')) = 11.24
DEBUG:matplotlib.font_manager:findfont: score(FontEntry(fname='/usr/share/fonts/TTF/JetBrainsMono-Medium.ttf', name='JetBrains Mono', style='normal', variant='normal', weight=500, stretch='normal', size='scalable')) = 10.145
DEBUG:matplotlib.font_manager:findfont: score(FontEntry(fname='/usr/share/fonts/TTF/IosevkaNerdFontPropo-ExtraBoldOblique.ttf', name='Iosevka NFP', style='oblique', variant='normal', weight=800, stretch='normal', size='scalable')) = 11.43
DEBUG:matplotlib.font_manager:findfont: score(FontEntry(fname='/usr/share/fonts/ttf-maple/MapleMono-LightItalic.ttf', name='Maple Mono', style='italic', variant='normal', weight=300, stretch='normal', size='scalable')) = 11.145
DEBUG:matplotlib.font_manager:findfont: score(FontEntry(fname='/usr/share/fonts/TTF/GohaTibebZemen.ttf', name='Goha-Tibeb Zemen', style='normal', variant='normal', weight=500, stretch='normal', size='scalable')) = 10.145
DEBUG:matplotlib.font_manager:findfont: score(FontEntry(fname='/usr/share/fonts/TTF/JetBrainsMonoNerdFont-SemiBold.ttf', name='JetBrainsMono NF', style='normal', variant='normal', weight=600, stretch='normal', size='scalable')) = 10.24
DEBUG:matplotlib.font_manager:findfont: score(FontEntry(fname='/usr/share/fonts/adobe-source-code-pro/SourceCodePro-Regular.otf', name='Source Code Pro', style='normal', variant='normal', weight=400, stretch='normal', size='scalable')) = 10.05
DEBUG:matplotlib.font_manager:findfont: score(FontEntry(fname='/usr/share/fonts/gsfonts/NimbusSans-Bold.otf', name='Nimbus Sans', style='normal', variant='normal', weight=700, stretch='normal', size='scalable')) = 10.335
DEBUG:matplotlib.font_manager:findfont: score(FontEntry(fname='/usr/share/fonts/gnu-free/FreeMonoBoldOblique.otf', name='FreeMono', style='oblique', variant='normal', weight=700, stretch='normal', size='scalable')) = 11.335
DEBUG:matplotlib.font_manager:findfont: score(FontEntry(fname='/home/joseph/.fonts/MapleMono-NF-Light.ttf', name='Maple Mono NF', style='normal', variant='normal', weight=300, stretch='normal', size='scalable')) = 10.145
DEBUG:matplotlib.font_manager:findfont: score(FontEntry(fname='/usr/share/fonts/TTF/IosevkaNerdFontPropo-HeavyOblique.ttf', name='Iosevka NFP', style='oblique', variant='normal', weight=900, stretch='normal', size='scalable')) = 11.525
DEBUG:matplotlib.font_manager:findfont: score(FontEntry(fname='/usr/share/fonts/TTF/IosevkaNerdFont-BoldItalic.ttf', name='Iosevka NF', style='italic', variant='normal', weight=700, stretch='normal', size='scalable')) = 11.335
DEBUG:matplotlib.font_manager:findfont: score(FontEntry(fname='/usr/share/fonts/TTF/IosevkaTermNerdFontMono-SemiBold.ttf', name='IosevkaTerm NFM', style='normal', variant='normal', weight=600, stretch='normal', size='scalable')) = 10.24
DEBUG:matplotlib.font_manager:findfont: score(FontEntry(fname='/usr/share/fonts/ttf-maple/MapleMono-NF-BoldItalic.ttf', name='Maple Mono NF', style='italic', variant='normal', weight=700, stretch='normal', size='scalable')) = 11.335
DEBUG:matplotlib.font_manager:findfont: score(FontEntry(fname='/usr/share/fonts/TTF/IosevkaNerdFontMono-MediumOblique.ttf', name='Iosevka NFM', style='oblique', variant='normal', weight=500, stretch='normal', size='scalable')) = 11.145
DEBUG:matplotlib.font_manager:findfont: score(FontEntry(fname='/usr/share/fonts/TTF/IosevkaNerdFont-LightItalic.ttf', name='Iosevka NF', style='italic', variant='normal', weight=300, stretch='normal', size='scalable')) = 11.145
DEBUG:matplotlib.font_manager:findfont: score(FontEntry(fname='/usr/share/fonts/ttf-maple/MapleMono-SC-NF-Bold.ttf', name='Maple Mono SC NF', style='normal', variant='normal', weight=700, stretch='normal', size='scalable')) = 10.335
DEBUG:matplotlib.font_manager:findfont: score(FontEntry(fname='/usr/share/fonts/gsfonts/URWBookman-LightItalic.otf', name='URW Bookman', style='italic', variant='normal', weight=300, stretch='normal', size='scalable')) = 11.145
DEBUG:matplotlib.font_manager:findfont: score(FontEntry(fname='/usr/share/fonts/TTF/IosevkaNerdFontMono-SemiBold.ttf', name='Iosevka NFM', style='normal', variant='normal', weight=600, stretch='normal', size='scalable')) = 10.24
DEBUG:matplotlib.font_manager:findfont: score(FontEntry(fname='/usr/share/fonts/TTF/IosevkaTermNerdFontMono-Medium.ttf', name='IosevkaTerm NFM', style='normal', variant='normal', weight=500, stretch='normal', size='scalable')) = 10.145
DEBUG:matplotlib.font_manager:findfont: score(FontEntry(fname='/usr/share/fonts/TTF/IosevkaTermNerdFont-MediumItalic.ttf', name='IosevkaTerm NF', style='italic', variant='normal', weight=500, stretch='normal', size='scalable')) = 11.145
DEBUG:matplotlib.font_manager:findfont: score(FontEntry(fname='/home/joseph/.fonts/MapleMono-BoldItalic.ttf', name='Maple Mono', style='italic', variant='normal', weight=700, stretch='normal', size='scalable')) = 11.335
DEBUG:matplotlib.font_manager:findfont: score(FontEntry(fname='/usr/share/fonts/OTF/SyrCOMMardinBold.otf', name='Serto Mardin', style='normal', variant='normal', weight=700, stretch='normal', size='scalable')) = 10.335
DEBUG:matplotlib.font_manager:findfont: Matching sans\-serif:style=normal:variant=normal:weight=normal:stretch=normal:size=7.0 to DejaVu Sans ('/home/joseph/projects/follicle_fork/python_utilities/tissuegenenv/lib/python3.13/site-packages/matplotlib/mpl-data/fonts/ttf/DejaVuSans.ttf') with score of 0.050000.
DEBUG:root:
  ---- apoptosis_phase_transition_cb: 
DEBUG:root:apoptosis_phase_transition_cb: --> duration
DEBUG:root:
  ---- apoptosis_phase_transition_cb: 
DEBUG:root:apoptosis: ------>> transition rate     
DEBUG:root:apoptosis_phase_transition_cb: NOT duration
DEBUG:root:
  ---- necrosis_phase_transition_cb: 
DEBUG:root:necrosis_phase_transition_cb: --> duration
DEBUG:root:
  ---- necrosis_phase_transition_cb: 
DEBUG:root:necrosis: ------>>transition rate     
DEBUG:root:necrosis_phase_transition_cb: NOT duration
DEBUG:root:key 0= oocyte
DEBUG:root:keys 1= dict_keys(['oocyte', 'granulosa', 'matrix'])
DEBUG:root:keys 2= dict_keys(['default', 'oocyte', 'granulosa', 'matrix'])
DEBUG:root:
----- update_motility_params():  cdname= matrix
DEBUG:root:     setting motility_substrate_dropdown (for cdname= matrix ) = NaCl
DEBUG:root:     setting motility2_substrate_dropdown (for cdname= matrix ) = NaCl
DEBUG:root:    chemotactic_sensitivity= {'NaCl': '0.0', 'EG': '0.0'}
DEBUG:root:new val = 0.0
DEBUG:root:----- leave update_motility_params()

DEBUG:root:update_secretion_params(): cdname = matrix
DEBUG:root:update_secretion_params(): self.current_secretion_substrate = NaCl
DEBUG:root:{'NaCl': {'secretion_rate': '0.0', 'secretion_target': '1.0', 'uptake_rate': '0.0', 'net_export_rate': '0.0'}, 'EG': {'secretion_rate': '0.0', 'secretion_target': '1.0', 'uptake_rate': '0.0', 'net_export_rate': '0.0'}}
DEBUG:root:
  ---- apoptosis_phase_transition_cb: 
DEBUG:root:apoptosis_phase_transition_cb: NOT duration
DEBUG:root:
  ---- apoptosis_phase_transition_cb: 
DEBUG:root:apoptosis: ------>> duration
DEBUG:root:apoptosis_phase_transition_cb: --> duration
DEBUG:root:
  ---- necrosis_phase_transition_cb: 
DEBUG:root:necrosis_phase_transition_cb: NOT duration
DEBUG:root:
  ---- necrosis_phase_transition_cb: 
DEBUG:root:necrosis: ------>>duration
DEBUG:root:necrosis_phase_transition_cb: --> duration
DEBUG:root:key 0= oocyte
DEBUG:root:keys 1= dict_keys(['oocyte', 'granulosa', 'matrix'])
DEBUG:root:keys 2= dict_keys(['oocyte', 'granulosa', 'matrix'])
DEBUG:root:
----- update_motility_params():  cdname= granulosa
DEBUG:root:     setting motility_substrate_dropdown (for cdname= granulosa ) = NaCl
DEBUG:root:     setting motility2_substrate_dropdown (for cdname= granulosa ) = NaCl
DEBUG:root:    chemotactic_sensitivity= {'NaCl': '0.0', 'EG': '0.0', 'contractility_signaling': '0.0'}
DEBUG:root:new val = 0.0
DEBUG:root:----- leave update_motility_params()

DEBUG:root:update_secretion_params(): cdname = granulosa
DEBUG:root:update_secretion_params(): self.current_secretion_substrate = NaCl
DEBUG:root:{'NaCl': {'secretion_rate': '0.0', 'secretion_target': '0.0', 'uptake_rate': '0.0', 'net_export_rate': '0.0'}, 'EG': {'secretion_rate': None, 'secretion_target': '0.0', 'uptake_rate': '0.0', 'net_export_rate': '0.0'}, 'contractility_signaling': {'secretion_rate': '0.0', 'secretion_target': '1.0', 'uptake_rate': '0.0', 'net_export_rate': '0.0'}}
DEBUG:root:update_secretion_params(): cdname = granulosa
DEBUG:root:update_secretion_params(): self.current_secretion_substrate = contractility_signaling
DEBUG:root:{'NaCl': {'secretion_rate': '0.0', 'secretion_target': '0.0', 'uptake_rate': '0.0', 'net_export_rate': '0.0'}, 'EG': {'secretion_rate': None, 'secretion_target': '0.0', 'uptake_rate': '0.0', 'net_export_rate': '0.0'}, 'contractility_signaling': {'secretion_rate': '0.0', 'secretion_target': '1.0', 'uptake_rate': '0.0', 'net_export_rate': '0.0'}}
DEBUG:root:
  ---- apoptosis_phase_transition_cb: 
DEBUG:root:apoptosis_phase_transition_cb: --> duration
DEBUG:root:
  ---- apoptosis_phase_transition_cb: 
DEBUG:root:apoptosis: ------>> transition rate     
DEBUG:root:apoptosis_phase_transition_cb: NOT duration
DEBUG:root:
  ---- necrosis_phase_transition_cb: 
DEBUG:root:necrosis_phase_transition_cb: --> duration
DEBUG:root:
  ---- necrosis_phase_transition_cb: 
DEBUG:root:necrosis: ------>>transition rate     
DEBUG:root:necrosis_phase_transition_cb: NOT duration
DEBUG:root:key 0= oocyte
DEBUG:root:keys 1= dict_keys(['oocyte', 'granulosa', 'matrix'])
DEBUG:root:keys 2= dict_keys(['default', 'oocyte', 'granulosa', 'matrix'])
DEBUG:root:
----- update_motility_params():  cdname= matrix
DEBUG:root:     setting motility_substrate_dropdown (for cdname= matrix ) = NaCl
DEBUG:root:     setting motility2_substrate_dropdown (for cdname= matrix ) = NaCl
DEBUG:root:    chemotactic_sensitivity= {'NaCl': '0.0', 'EG': '0.0', 'contractility_signaling': '0.0'}
DEBUG:root:new val = 0.0
DEBUG:root:----- leave update_motility_params()

DEBUG:root:update_secretion_params(): cdname = matrix
DEBUG:root:update_secretion_params(): self.current_secretion_substrate = contractility_signaling
DEBUG:root:{'NaCl': {'secretion_rate': '0.0', 'secretion_target': '1.0', 'uptake_rate': '0.0', 'net_export_rate': '0.0'}, 'EG': {'secretion_rate': '0.0', 'secretion_target': '1.0', 'uptake_rate': '0.0', 'net_export_rate': '0.0'}, 'contractility_signaling': {'secretion_rate': '0.0', 'secretion_target': '1.0', 'uptake_rate': '0.0', 'net_export_rate': '0.0'}}
DEBUG:root:------ motility_substrate_changed_cb(): idx = 2
DEBUG:root:       motility_substrate_changed_cb(): self.current_cell_def = matrix
DEBUG:root:                         text = contractility_signaling
DEBUG:root:----------- microenv_tab.py: fill_xml(): ----------
DEBUG:root:microenv_tab.py: fill_xml(): num subtrates = 3
DEBUG:root:substrates_in_tree =['NaCl', 'EG', 'contractility_signaling']
DEBUG:root:microrenv_tab.py: key in param_d.keys() = NaCl
DEBUG:root:matched! NaCl
DEBUG:root:microrenv_tab.py: key in param_d.keys() = EG
DEBUG:root:matched! EG
DEBUG:root:microrenv_tab.py: key in param_d.keys() = gradients
DEBUG:root:microrenv_tab.py: key in param_d.keys() = track_in_agents
DEBUG:root:microrenv_tab.py: key in param_d.keys() = contractility_signaling
DEBUG:root:matched! contractility_signaling
DEBUG:root:

----------- cell_def_tab.py: fill_xml(): ----------
DEBUG:root:num cell defs = 3
DEBUG:root:cdefs_in_tree =['oocyte', 'granulosa', 'matrix']
DEBUG:root:
--- key in param_d.keys() = oocyte
DEBUG:root:matched! oocyte
DEBUG:root:--- cell_adhesion_affinity= {'default': '1', 'oocyte': '1.0', 'matrix': '1.0'}
DEBUG:root:default  --> 1
DEBUG:root:oocyte  --> 1.0
DEBUG:root:matrix  --> 1.0
DEBUG:root:

 ====================> fill_xml_motility(): NaCl = NaCl 


DEBUG:root:fill_xml_motility(): {'NaCl': '0.0', 'EG': '0.0', 'contractility_signaling': '0.0'}
DEBUG:root:NaCl  --> 0.0
DEBUG:root:EG  --> 0.0
DEBUG:root:contractility_signaling  --> 0.0
DEBUG:root:

 ====================> fill_xml_secretion()

DEBUG:root:self.substrate_list = ['NaCl', 'EG', 'contractility_signaling']
DEBUG:root:substrate = NaCl
DEBUG:root:substrate = EG
DEBUG:root:substrate = contractility_signaling
DEBUG:root:------------------- fill_xml_interactions():  cdef= oocyte
DEBUG:root:--- live_phagocytosis_rate= {'default': '0', 'matrix': '0.0', '': '0.0'}
DEBUG:root:  key in live_phagocytosis_rate= default
DEBUG:root:default  --> 0
DEBUG:root:  key in live_phagocytosis_rate= matrix
DEBUG:root:matrix  --> 0.0
DEBUG:root:  key in live_phagocytosis_rate= 
DEBUG:root:--- attack_rate= {'default': '0', 'matrix': '0.0', '': '0.0'}
DEBUG:root:default  --> 0
DEBUG:root:matrix  --> 0.0
DEBUG:root:--- fusion_rate= {'default': '0', 'matrix': '0.0', '': '0.0'}
DEBUG:root:default  --> 0
DEBUG:root:matrix  --> 0.0
DEBUG:root:default  --> 0
DEBUG:root:matrix  --> 0.0
DEBUG:root:------------------- cell_def_tab.py:  fill_xml_intracellular()
DEBUG:root:------ ["intracellular"]: for oocyte
DEBUG:root:None
DEBUG:root:

DEBUG:root:------ ["custom_data"]: for oocyte
DEBUG:root:------ ["initial_parameter_distributions"]: for oocyte
DEBUG:root:
--- key in param_d.keys() = granulosa
DEBUG:root:matched! granulosa
DEBUG:root:--- cell_adhesion_affinity= {'oocyte': '1.0', 'granulosa': '1.0', 'matrix': '1.0'}
DEBUG:root:oocyte  --> 1.0
DEBUG:root:granulosa  --> 1.0
DEBUG:root:matrix  --> 1.0
DEBUG:root:

 ====================> fill_xml_motility(): NaCl = NaCl 


DEBUG:root:fill_xml_motility(): {'NaCl': '0.0', 'EG': '0.0', 'contractility_signaling': '0.0'}
DEBUG:root:NaCl  --> 0.0
DEBUG:root:EG  --> 0.0
DEBUG:root:contractility_signaling  --> 0.0
DEBUG:root:

 ====================> fill_xml_secretion()

DEBUG:root:self.substrate_list = ['NaCl', 'EG', 'contractility_signaling']
DEBUG:root:substrate = NaCl
DEBUG:root:substrate = EG
DEBUG:root:substrate = contractility_signaling
DEBUG:root:------------------- fill_xml_interactions():  cdef= granulosa
DEBUG:root:--- live_phagocytosis_rate= {'oocyte': '0.0', 'granulosa': '0.0', 'matrix': '0.0'}
DEBUG:root:  key in live_phagocytosis_rate= oocyte
DEBUG:root:oocyte  --> 0.0
DEBUG:root:  key in live_phagocytosis_rate= granulosa
DEBUG:root:granulosa  --> 0.0
DEBUG:root:  key in live_phagocytosis_rate= matrix
DEBUG:root:matrix  --> 0.0
DEBUG:root:--- attack_rate= {'oocyte': '0.0', 'granulosa': '0.0', 'matrix': '0.0'}
DEBUG:root:oocyte  --> 0.0
DEBUG:root:granulosa  --> 0.0
DEBUG:root:matrix  --> 0.0
DEBUG:root:--- fusion_rate= {'oocyte': '0.0', 'granulosa': '0.0', 'matrix': '0.0'}
DEBUG:root:oocyte  --> 0.0
DEBUG:root:granulosa  --> 0.0
DEBUG:root:matrix  --> 0.0
DEBUG:root:oocyte  --> 0.0
DEBUG:root:granulosa  --> 0.0
DEBUG:root:matrix  --> 0.0
DEBUG:root:------------------- cell_def_tab.py:  fill_xml_intracellular()
DEBUG:root:------ ["intracellular"]: for granulosa
DEBUG:root:None
DEBUG:root:

DEBUG:root:------ ["custom_data"]: for granulosa
DEBUG:root:------ ["initial_parameter_distributions"]: for granulosa
DEBUG:root:
--- key in param_d.keys() = matrix
DEBUG:root:matched! matrix
DEBUG:root:--- cell_adhesion_affinity= {'default': '1', 'oocyte': '1.0', 'granulosa': '2.0', 'matrix': '1.0'}
DEBUG:root:default  --> 1
DEBUG:root:oocyte  --> 1.0
DEBUG:root:granulosa  --> 2.0
DEBUG:root:matrix  --> 1.0
DEBUG:root:

 ====================> fill_xml_motility(): contractility_signaling = contractility_signaling 


DEBUG:root:fill_xml_motility(): {'NaCl': '0.0', 'EG': '0.0', 'contractility_signaling': '0.0'}
DEBUG:root:NaCl  --> 0.0
DEBUG:root:EG  --> 0.0
DEBUG:root:contractility_signaling  --> 0.0
DEBUG:root:

 ====================> fill_xml_secretion()

DEBUG:root:self.substrate_list = ['NaCl', 'EG', 'contractility_signaling']
DEBUG:root:substrate = NaCl
DEBUG:root:substrate = EG
DEBUG:root:substrate = contractility_signaling
DEBUG:root:------------------- fill_xml_interactions():  cdef= matrix
DEBUG:root:--- live_phagocytosis_rate= {'default': '0', 'oocyte': '0.0', 'granulosa': '0.0', 'matrix': '0.0'}
DEBUG:root:  key in live_phagocytosis_rate= default
DEBUG:root:default  --> 0
DEBUG:root:  key in live_phagocytosis_rate= oocyte
DEBUG:root:oocyte  --> 0.0
DEBUG:root:  key in live_phagocytosis_rate= granulosa
DEBUG:root:granulosa  --> 0.0
DEBUG:root:  key in live_phagocytosis_rate= matrix
DEBUG:root:matrix  --> 0.0
DEBUG:root:--- attack_rate= {'default': '0', 'oocyte': '0.0', 'granulosa': '0.0', 'matrix': '0.0'}
DEBUG:root:default  --> 0
DEBUG:root:oocyte  --> 0.0
DEBUG:root:granulosa  --> 0.0
DEBUG:root:matrix  --> 0.0
DEBUG:root:--- fusion_rate= {'default': '0', 'oocyte': '0.0', 'granulosa': '0.0', 'matrix': '0.0'}
DEBUG:root:default  --> 0
DEBUG:root:oocyte  --> 0.0
DEBUG:root:granulosa  --> 0.0
DEBUG:root:matrix  --> 0.0
DEBUG:root:default  --> 0
DEBUG:root:oocyte  --> 0.0
DEBUG:root:granulosa  --> 0.0
DEBUG:root:matrix  --> 0.0
DEBUG:root:------------------- cell_def_tab.py:  fill_xml_intracellular()
DEBUG:root:------ ["intracellular"]: for matrix
DEBUG:root:None
DEBUG:root:

DEBUG:root:------ ["custom_data"]: for matrix
DEBUG:root:------ ["initial_parameter_distributions"]: for matrix
DEBUG:root:----------- end cell_def_tab.py: fill_xml(): ----------
DEBUG:root:
--------- user_params_tab.py:  fill_xml(): self.count = 100
DEBUG:root:--------- found //user_parameters
DEBUG:root:random_seed
DEBUG:root:number_of_solutes
DEBUG:root:initial_molarity_0
DEBUG:root:initial_molarity_1
DEBUG:root:number_of_cells
DEBUG:root:number_of_fibres
DEBUG:root:anisotropic_fibres
DEBUG:root:initial_EG_only_molarity
DEBUG:root:initial_GLY_only_molarity
DEBUG:root:initial_EG_mixed_molarity
DEBUG:root:initial_GLY_mixed_molarity
DEBUG:root:initial_HM_molarity
DEBUG:root:initial_1xPBS_molarity
DEBUG:root:initial_2xPBS_molarity
DEBUG:root:initial_5xPBS_molarity
DEBUG:root:initial_05xPBS_molarity
DEBUG:root:initial_EG_Karlsson_molarity
DEBUG:root:initial_PBS_Karlsson_molarity
DEBUG:root:initial_DMSO_Karlsson_molarity
DEBUG:root:initial_PROH_Karlsson_molarity
DEBUG:root:fibre_degradation
DEBUG:root:fibre_degradation_rate
DEBUG:root:fibre_custom_degradation
DEBUG:root:fibre_stuck_time
DEBUG:root:fibre_stuck_threshold
DEBUG:root:fibre_pressure_threshold
DEBUG:root:color_cells_by_pressure
DEBUG:root:fibre_pushing
DEBUG:root:fibre_sticky
DEBUG:root:fibre_rotation
DEBUG:root:max_TZP_length
DEBUG:root:vel_adhesion
DEBUG:root:vel_contact
DEBUG:root:cell_velocity_max
DEBUG:root:average_hepg2_radius
DEBUG:root:average_pocket_radius
DEBUG:root:average_oocyte_radius
DEBUG:root:average_granulosa_radius
DEBUG:root:bm_spring_constant
DEBUG:root:found 39
DEBUG:root:===========  run_model_cb():  ============
DEBUG:root:run_tab.py:  doing: mkdir output
DEBUG:root:----------- microenv_tab.py: fill_xml(): ----------
DEBUG:root:microenv_tab.py: fill_xml(): num subtrates = 3
DEBUG:root:substrates_in_tree =['NaCl', 'EG', 'contractility_signaling']
DEBUG:root:microrenv_tab.py: key in param_d.keys() = NaCl
DEBUG:root:matched! NaCl
DEBUG:root:microrenv_tab.py: key in param_d.keys() = EG
DEBUG:root:matched! EG
DEBUG:root:microrenv_tab.py: key in param_d.keys() = gradients
DEBUG:root:microrenv_tab.py: key in param_d.keys() = track_in_agents
DEBUG:root:microrenv_tab.py: key in param_d.keys() = contractility_signaling
DEBUG:root:matched! contractility_signaling
DEBUG:root:

----------- cell_def_tab.py: fill_xml(): ----------
DEBUG:root:num cell defs = 3
DEBUG:root:cdefs_in_tree =['oocyte', 'granulosa', 'matrix']
DEBUG:root:
--- key in param_d.keys() = oocyte
DEBUG:root:matched! oocyte
DEBUG:root:--- cell_adhesion_affinity= {'default': '1', 'oocyte': '1.0', 'matrix': '1.0'}
DEBUG:root:default  --> 1
DEBUG:root:oocyte  --> 1.0
DEBUG:root:matrix  --> 1.0
DEBUG:root:

 ====================> fill_xml_motility(): NaCl = NaCl 


DEBUG:root:fill_xml_motility(): {'NaCl': '0.0', 'EG': '0.0', 'contractility_signaling': '0.0'}
DEBUG:root:NaCl  --> 0.0
DEBUG:root:EG  --> 0.0
DEBUG:root:contractility_signaling  --> 0.0
DEBUG:root:

 ====================> fill_xml_secretion()

DEBUG:root:self.substrate_list = ['NaCl', 'EG', 'contractility_signaling']
DEBUG:root:substrate = NaCl
DEBUG:root:substrate = EG
DEBUG:root:substrate = contractility_signaling
DEBUG:root:------------------- fill_xml_interactions():  cdef= oocyte
DEBUG:root:--- live_phagocytosis_rate= {'default': '0', 'matrix': '0.0', '': '0.0'}
DEBUG:root:  key in live_phagocytosis_rate= default
DEBUG:root:default  --> 0
DEBUG:root:  key in live_phagocytosis_rate= matrix
DEBUG:root:matrix  --> 0.0
DEBUG:root:  key in live_phagocytosis_rate= 
DEBUG:root:--- attack_rate= {'default': '0', 'matrix': '0.0', '': '0.0'}
DEBUG:root:default  --> 0
DEBUG:root:matrix  --> 0.0
DEBUG:root:--- fusion_rate= {'default': '0', 'matrix': '0.0', '': '0.0'}
DEBUG:root:default  --> 0
DEBUG:root:matrix  --> 0.0
DEBUG:root:default  --> 0
DEBUG:root:matrix  --> 0.0
DEBUG:root:------------------- cell_def_tab.py:  fill_xml_intracellular()
DEBUG:root:------ ["intracellular"]: for oocyte
DEBUG:root:None
DEBUG:root:

DEBUG:root:------ ["custom_data"]: for oocyte
DEBUG:root:------ ["initial_parameter_distributions"]: for oocyte
DEBUG:root:
--- key in param_d.keys() = granulosa
DEBUG:root:matched! granulosa
DEBUG:root:--- cell_adhesion_affinity= {'oocyte': '1.0', 'granulosa': '1.0', 'matrix': '1.0'}
DEBUG:root:oocyte  --> 1.0
DEBUG:root:granulosa  --> 1.0
DEBUG:root:matrix  --> 1.0
DEBUG:root:

 ====================> fill_xml_motility(): NaCl = NaCl 


DEBUG:root:fill_xml_motility(): {'NaCl': '0.0', 'EG': '0.0', 'contractility_signaling': '0.0'}
DEBUG:root:NaCl  --> 0.0
DEBUG:root:EG  --> 0.0
DEBUG:root:contractility_signaling  --> 0.0
DEBUG:root:

 ====================> fill_xml_secretion()

DEBUG:root:self.substrate_list = ['NaCl', 'EG', 'contractility_signaling']
DEBUG:root:substrate = NaCl
DEBUG:root:substrate = EG
DEBUG:root:substrate = contractility_signaling
DEBUG:root:------------------- fill_xml_interactions():  cdef= granulosa
DEBUG:root:--- live_phagocytosis_rate= {'oocyte': '0.0', 'granulosa': '0.0', 'matrix': '0.0'}
DEBUG:root:  key in live_phagocytosis_rate= oocyte
DEBUG:root:oocyte  --> 0.0
DEBUG:root:  key in live_phagocytosis_rate= granulosa
DEBUG:root:granulosa  --> 0.0
DEBUG:root:  key in live_phagocytosis_rate= matrix
DEBUG:root:matrix  --> 0.0
DEBUG:root:--- attack_rate= {'oocyte': '0.0', 'granulosa': '0.0', 'matrix': '0.0'}
DEBUG:root:oocyte  --> 0.0
DEBUG:root:granulosa  --> 0.0
DEBUG:root:matrix  --> 0.0
DEBUG:root:--- fusion_rate= {'oocyte': '0.0', 'granulosa': '0.0', 'matrix': '0.0'}
DEBUG:root:oocyte  --> 0.0
DEBUG:root:granulosa  --> 0.0
DEBUG:root:matrix  --> 0.0
DEBUG:root:oocyte  --> 0.0
DEBUG:root:granulosa  --> 0.0
DEBUG:root:matrix  --> 0.0
DEBUG:root:------------------- cell_def_tab.py:  fill_xml_intracellular()
DEBUG:root:------ ["intracellular"]: for granulosa
DEBUG:root:None
DEBUG:root:

DEBUG:root:------ ["custom_data"]: for granulosa
DEBUG:root:------ ["initial_parameter_distributions"]: for granulosa
DEBUG:root:
--- key in param_d.keys() = matrix
DEBUG:root:matched! matrix
DEBUG:root:--- cell_adhesion_affinity= {'default': '1', 'oocyte': '1.0', 'granulosa': '2.0', 'matrix': '1.0'}
DEBUG:root:default  --> 1
DEBUG:root:oocyte  --> 1.0
DEBUG:root:granulosa  --> 2.0
DEBUG:root:matrix  --> 1.0
DEBUG:root:

 ====================> fill_xml_motility(): contractility_signaling = contractility_signaling 


DEBUG:root:fill_xml_motility(): {'NaCl': '0.0', 'EG': '0.0', 'contractility_signaling': '0.0'}
DEBUG:root:NaCl  --> 0.0
DEBUG:root:EG  --> 0.0
DEBUG:root:contractility_signaling  --> 0.0
DEBUG:root:

 ====================> fill_xml_secretion()

DEBUG:root:self.substrate_list = ['NaCl', 'EG', 'contractility_signaling']
DEBUG:root:substrate = NaCl
DEBUG:root:substrate = EG
DEBUG:root:substrate = contractility_signaling
DEBUG:root:------------------- fill_xml_interactions():  cdef= matrix
DEBUG:root:--- live_phagocytosis_rate= {'default': '0', 'oocyte': '0.0', 'granulosa': '0.0', 'matrix': '0.0'}
DEBUG:root:  key in live_phagocytosis_rate= default
DEBUG:root:default  --> 0
DEBUG:root:  key in live_phagocytosis_rate= oocyte
DEBUG:root:oocyte  --> 0.0
DEBUG:root:  key in live_phagocytosis_rate= granulosa
DEBUG:root:granulosa  --> 0.0
DEBUG:root:  key in live_phagocytosis_rate= matrix
DEBUG:root:matrix  --> 0.0
DEBUG:root:--- attack_rate= {'default': '0', 'oocyte': '0.0', 'granulosa': '0.0', 'matrix': '0.0'}
DEBUG:root:default  --> 0
DEBUG:root:oocyte  --> 0.0
DEBUG:root:granulosa  --> 0.0
DEBUG:root:matrix  --> 0.0
DEBUG:root:--- fusion_rate= {'default': '0', 'oocyte': '0.0', 'granulosa': '0.0', 'matrix': '0.0'}
DEBUG:root:default  --> 0
DEBUG:root:oocyte  --> 0.0
DEBUG:root:granulosa  --> 0.0
DEBUG:root:matrix  --> 0.0
DEBUG:root:default  --> 0
DEBUG:root:oocyte  --> 0.0
DEBUG:root:granulosa  --> 0.0
DEBUG:root:matrix  --> 0.0
DEBUG:root:------------------- cell_def_tab.py:  fill_xml_intracellular()
DEBUG:root:------ ["intracellular"]: for matrix
DEBUG:root:None
DEBUG:root:

DEBUG:root:------ ["custom_data"]: for matrix
DEBUG:root:------ ["initial_parameter_distributions"]: for matrix
DEBUG:root:----------- end cell_def_tab.py: fill_xml(): ----------
DEBUG:root:
--------- user_params_tab.py:  fill_xml(): self.count = 100
DEBUG:root:--------- found //user_parameters
DEBUG:root:random_seed
DEBUG:root:number_of_solutes
DEBUG:root:initial_molarity_0
DEBUG:root:initial_molarity_1
DEBUG:root:number_of_cells
DEBUG:root:number_of_fibres
DEBUG:root:anisotropic_fibres
DEBUG:root:initial_EG_only_molarity
DEBUG:root:initial_GLY_only_molarity
DEBUG:root:initial_EG_mixed_molarity
DEBUG:root:initial_GLY_mixed_molarity
DEBUG:root:initial_HM_molarity
DEBUG:root:initial_1xPBS_molarity
DEBUG:root:initial_2xPBS_molarity
DEBUG:root:initial_5xPBS_molarity
DEBUG:root:initial_05xPBS_molarity
DEBUG:root:initial_EG_Karlsson_molarity
DEBUG:root:initial_PBS_Karlsson_molarity
DEBUG:root:initial_DMSO_Karlsson_molarity
DEBUG:root:initial_PROH_Karlsson_molarity
DEBUG:root:fibre_degradation
DEBUG:root:fibre_degradation_rate
DEBUG:root:fibre_custom_degradation
DEBUG:root:fibre_stuck_time
DEBUG:root:fibre_stuck_threshold
DEBUG:root:fibre_pressure_threshold
DEBUG:root:color_cells_by_pressure
DEBUG:root:fibre_pushing
DEBUG:root:fibre_sticky
DEBUG:root:fibre_rotation
DEBUG:root:max_TZP_length
DEBUG:root:vel_adhesion
DEBUG:root:vel_contact
DEBUG:root:cell_velocity_max
DEBUG:root:average_hepg2_radius
DEBUG:root:average_pocket_radius
DEBUG:root:average_oocyte_radius
DEBUG:root:average_granulosa_radius
DEBUG:root:bm_spring_constant
DEBUG:root:found 39
DEBUG:root:----------- microenv_tab.py: fill_xml(): ----------
DEBUG:root:microenv_tab.py: fill_xml(): num subtrates = 3
DEBUG:root:substrates_in_tree =['NaCl', 'EG', 'contractility_signaling']
DEBUG:root:microrenv_tab.py: key in param_d.keys() = NaCl
DEBUG:root:matched! NaCl
DEBUG:root:microrenv_tab.py: key in param_d.keys() = EG
DEBUG:root:matched! EG
DEBUG:root:microrenv_tab.py: key in param_d.keys() = gradients
DEBUG:root:microrenv_tab.py: key in param_d.keys() = track_in_agents
DEBUG:root:microrenv_tab.py: key in param_d.keys() = contractility_signaling
DEBUG:root:matched! contractility_signaling
DEBUG:root:

----------- cell_def_tab.py: fill_xml(): ----------
DEBUG:root:num cell defs = 3
DEBUG:root:cdefs_in_tree =['oocyte', 'granulosa', 'matrix']
DEBUG:root:
--- key in param_d.keys() = oocyte
DEBUG:root:matched! oocyte
DEBUG:root:--- cell_adhesion_affinity= {'default': '1', 'oocyte': '1.0', 'matrix': '1.0'}
DEBUG:root:default  --> 1
DEBUG:root:oocyte  --> 1.0
DEBUG:root:matrix  --> 1.0
DEBUG:root:

 ====================> fill_xml_motility(): NaCl = NaCl 


DEBUG:root:fill_xml_motility(): {'NaCl': '0.0', 'EG': '0.0', 'contractility_signaling': '0.0'}
DEBUG:root:NaCl  --> 0.0
DEBUG:root:EG  --> 0.0
DEBUG:root:contractility_signaling  --> 0.0
DEBUG:root:

 ====================> fill_xml_secretion()

DEBUG:root:self.substrate_list = ['NaCl', 'EG', 'contractility_signaling']
DEBUG:root:substrate = NaCl
DEBUG:root:substrate = EG
DEBUG:root:substrate = contractility_signaling
DEBUG:root:------------------- fill_xml_interactions():  cdef= oocyte
DEBUG:root:--- live_phagocytosis_rate= {'default': '0', 'matrix': '0.0', '': '0.0'}
DEBUG:root:  key in live_phagocytosis_rate= default
DEBUG:root:default  --> 0
DEBUG:root:  key in live_phagocytosis_rate= matrix
DEBUG:root:matrix  --> 0.0
DEBUG:root:  key in live_phagocytosis_rate= 
DEBUG:root:--- attack_rate= {'default': '0', 'matrix': '0.0', '': '0.0'}
DEBUG:root:default  --> 0
DEBUG:root:matrix  --> 0.0
DEBUG:root:--- fusion_rate= {'default': '0', 'matrix': '0.0', '': '0.0'}
DEBUG:root:default  --> 0
DEBUG:root:matrix  --> 0.0
DEBUG:root:default  --> 0
DEBUG:root:matrix  --> 0.0
DEBUG:root:------------------- cell_def_tab.py:  fill_xml_intracellular()
DEBUG:root:------ ["intracellular"]: for oocyte
DEBUG:root:None
DEBUG:root:

DEBUG:root:------ ["custom_data"]: for oocyte
DEBUG:root:------ ["initial_parameter_distributions"]: for oocyte
DEBUG:root:
--- key in param_d.keys() = granulosa
DEBUG:root:matched! granulosa
DEBUG:root:--- cell_adhesion_affinity= {'oocyte': '1.0', 'granulosa': '1.0', 'matrix': '1.0'}
DEBUG:root:oocyte  --> 1.0
DEBUG:root:granulosa  --> 1.0
DEBUG:root:matrix  --> 1.0
DEBUG:root:

 ====================> fill_xml_motility(): NaCl = NaCl 


DEBUG:root:fill_xml_motility(): {'NaCl': '0.0', 'EG': '0.0', 'contractility_signaling': '0.0'}
DEBUG:root:NaCl  --> 0.0
DEBUG:root:EG  --> 0.0
DEBUG:root:contractility_signaling  --> 0.0
DEBUG:root:

 ====================> fill_xml_secretion()

DEBUG:root:self.substrate_list = ['NaCl', 'EG', 'contractility_signaling']
DEBUG:root:substrate = NaCl
DEBUG:root:substrate = EG
DEBUG:root:substrate = contractility_signaling
DEBUG:root:------------------- fill_xml_interactions():  cdef= granulosa
DEBUG:root:--- live_phagocytosis_rate= {'oocyte': '0.0', 'granulosa': '0.0', 'matrix': '0.0'}
DEBUG:root:  key in live_phagocytosis_rate= oocyte
DEBUG:root:oocyte  --> 0.0
DEBUG:root:  key in live_phagocytosis_rate= granulosa
DEBUG:root:granulosa  --> 0.0
DEBUG:root:  key in live_phagocytosis_rate= matrix
DEBUG:root:matrix  --> 0.0
DEBUG:root:--- attack_rate= {'oocyte': '0.0', 'granulosa': '0.0', 'matrix': '0.0'}
DEBUG:root:oocyte  --> 0.0
DEBUG:root:granulosa  --> 0.0
DEBUG:root:matrix  --> 0.0
DEBUG:root:--- fusion_rate= {'oocyte': '0.0', 'granulosa': '0.0', 'matrix': '0.0'}
DEBUG:root:oocyte  --> 0.0
DEBUG:root:granulosa  --> 0.0
DEBUG:root:matrix  --> 0.0
DEBUG:root:oocyte  --> 0.0
DEBUG:root:granulosa  --> 0.0
DEBUG:root:matrix  --> 0.0
DEBUG:root:------------------- cell_def_tab.py:  fill_xml_intracellular()
DEBUG:root:------ ["intracellular"]: for granulosa
DEBUG:root:None
DEBUG:root:

DEBUG:root:------ ["custom_data"]: for granulosa
DEBUG:root:------ ["initial_parameter_distributions"]: for granulosa
DEBUG:root:
--- key in param_d.keys() = matrix
DEBUG:root:matched! matrix
DEBUG:root:--- cell_adhesion_affinity= {'default': '1', 'oocyte': '1.0', 'granulosa': '2.0', 'matrix': '1.0'}
DEBUG:root:default  --> 1
DEBUG:root:oocyte  --> 1.0
DEBUG:root:granulosa  --> 2.0
DEBUG:root:matrix  --> 1.0
DEBUG:root:

 ====================> fill_xml_motility(): contractility_signaling = contractility_signaling 


DEBUG:root:fill_xml_motility(): {'NaCl': '0.0', 'EG': '0.0', 'contractility_signaling': '0.0'}
DEBUG:root:NaCl  --> 0.0
DEBUG:root:EG  --> 0.0
DEBUG:root:contractility_signaling  --> 0.0
DEBUG:root:

 ====================> fill_xml_secretion()

DEBUG:root:self.substrate_list = ['NaCl', 'EG', 'contractility_signaling']
DEBUG:root:substrate = NaCl
DEBUG:root:substrate = EG
DEBUG:root:substrate = contractility_signaling
DEBUG:root:------------------- fill_xml_interactions():  cdef= matrix
DEBUG:root:--- live_phagocytosis_rate= {'default': '0', 'oocyte': '0.0', 'granulosa': '0.0', 'matrix': '0.0'}
DEBUG:root:  key in live_phagocytosis_rate= default
DEBUG:root:default  --> 0
DEBUG:root:  key in live_phagocytosis_rate= oocyte
DEBUG:root:oocyte  --> 0.0
DEBUG:root:  key in live_phagocytosis_rate= granulosa
DEBUG:root:granulosa  --> 0.0
DEBUG:root:  key in live_phagocytosis_rate= matrix
DEBUG:root:matrix  --> 0.0
DEBUG:root:--- attack_rate= {'default': '0', 'oocyte': '0.0', 'granulosa': '0.0', 'matrix': '0.0'}
DEBUG:root:default  --> 0
DEBUG:root:oocyte  --> 0.0
DEBUG:root:granulosa  --> 0.0
DEBUG:root:matrix  --> 0.0
DEBUG:root:--- fusion_rate= {'default': '0', 'oocyte': '0.0', 'granulosa': '0.0', 'matrix': '0.0'}
DEBUG:root:default  --> 0
DEBUG:root:oocyte  --> 0.0
DEBUG:root:granulosa  --> 0.0
DEBUG:root:matrix  --> 0.0
DEBUG:root:default  --> 0
DEBUG:root:oocyte  --> 0.0
DEBUG:root:granulosa  --> 0.0
DEBUG:root:matrix  --> 0.0
DEBUG:root:------------------- cell_def_tab.py:  fill_xml_intracellular()
DEBUG:root:------ ["intracellular"]: for matrix
DEBUG:root:None
DEBUG:root:

DEBUG:root:------ ["custom_data"]: for matrix
DEBUG:root:------ ["initial_parameter_distributions"]: for matrix
DEBUG:root:----------- end cell_def_tab.py: fill_xml(): ----------
DEBUG:root:
--------- user_params_tab.py:  fill_xml(): self.count = 100
DEBUG:root:--------- found //user_parameters
DEBUG:root:random_seed
DEBUG:root:number_of_solutes
DEBUG:root:initial_molarity_0
DEBUG:root:initial_molarity_1
DEBUG:root:number_of_cells
DEBUG:root:number_of_fibres
DEBUG:root:anisotropic_fibres
DEBUG:root:initial_EG_only_molarity
DEBUG:root:initial_GLY_only_molarity
DEBUG:root:initial_EG_mixed_molarity
DEBUG:root:initial_GLY_mixed_molarity
DEBUG:root:initial_HM_molarity
DEBUG:root:initial_1xPBS_molarity
DEBUG:root:initial_2xPBS_molarity
DEBUG:root:initial_5xPBS_molarity
DEBUG:root:initial_05xPBS_molarity
DEBUG:root:initial_EG_Karlsson_molarity
DEBUG:root:initial_PBS_Karlsson_molarity
DEBUG:root:initial_DMSO_Karlsson_molarity
DEBUG:root:initial_PROH_Karlsson_molarity
DEBUG:root:fibre_degradation
DEBUG:root:fibre_degradation_rate
DEBUG:root:fibre_custom_degradation
DEBUG:root:fibre_stuck_time
DEBUG:root:fibre_stuck_threshold
DEBUG:root:fibre_pressure_threshold
DEBUG:root:color_cells_by_pressure
DEBUG:root:fibre_pushing
DEBUG:root:fibre_sticky
DEBUG:root:fibre_rotation
DEBUG:root:max_TZP_length
DEBUG:root:vel_adhesion
DEBUG:root:vel_contact
DEBUG:root:cell_velocity_max
DEBUG:root:average_hepg2_radius
DEBUG:root:average_pocket_radius
DEBUG:root:average_oocyte_radius
DEBUG:root:average_granulosa_radius
DEBUG:root:bm_spring_constant
DEBUG:root:found 39
DEBUG:root:===========  run_model_cb():  ============
DEBUG:root:run_tab.py:  doing: mkdir output
DEBUG:root:----------- microenv_tab.py: fill_xml(): ----------
DEBUG:root:microenv_tab.py: fill_xml(): num subtrates = 3
DEBUG:root:substrates_in_tree =['NaCl', 'EG', 'contractility_signaling']
DEBUG:root:microrenv_tab.py: key in param_d.keys() = NaCl
DEBUG:root:matched! NaCl
DEBUG:root:microrenv_tab.py: key in param_d.keys() = EG
DEBUG:root:matched! EG
DEBUG:root:microrenv_tab.py: key in param_d.keys() = gradients
DEBUG:root:microrenv_tab.py: key in param_d.keys() = track_in_agents
DEBUG:root:microrenv_tab.py: key in param_d.keys() = contractility_signaling
DEBUG:root:matched! contractility_signaling
DEBUG:root:

----------- cell_def_tab.py: fill_xml(): ----------
DEBUG:root:num cell defs = 3
DEBUG:root:cdefs_in_tree =['oocyte', 'granulosa', 'matrix']
DEBUG:root:
--- key in param_d.keys() = oocyte
DEBUG:root:matched! oocyte
DEBUG:root:--- cell_adhesion_affinity= {'default': '1', 'oocyte': '1.0', 'matrix': '1.0'}
DEBUG:root:default  --> 1
DEBUG:root:oocyte  --> 1.0
DEBUG:root:matrix  --> 1.0
DEBUG:root:

 ====================> fill_xml_motility(): NaCl = NaCl 


DEBUG:root:fill_xml_motility(): {'NaCl': '0.0', 'EG': '0.0', 'contractility_signaling': '0.0'}
DEBUG:root:NaCl  --> 0.0
DEBUG:root:EG  --> 0.0
DEBUG:root:contractility_signaling  --> 0.0
DEBUG:root:

 ====================> fill_xml_secretion()

DEBUG:root:self.substrate_list = ['NaCl', 'EG', 'contractility_signaling']
DEBUG:root:substrate = NaCl
DEBUG:root:substrate = EG
DEBUG:root:substrate = contractility_signaling
DEBUG:root:------------------- fill_xml_interactions():  cdef= oocyte
DEBUG:root:--- live_phagocytosis_rate= {'default': '0', 'matrix': '0.0', '': '0.0'}
DEBUG:root:  key in live_phagocytosis_rate= default
DEBUG:root:default  --> 0
DEBUG:root:  key in live_phagocytosis_rate= matrix
DEBUG:root:matrix  --> 0.0
DEBUG:root:  key in live_phagocytosis_rate= 
DEBUG:root:--- attack_rate= {'default': '0', 'matrix': '0.0', '': '0.0'}
DEBUG:root:default  --> 0
DEBUG:root:matrix  --> 0.0
DEBUG:root:--- fusion_rate= {'default': '0', 'matrix': '0.0', '': '0.0'}
DEBUG:root:default  --> 0
DEBUG:root:matrix  --> 0.0
DEBUG:root:default  --> 0
DEBUG:root:matrix  --> 0.0
DEBUG:root:------------------- cell_def_tab.py:  fill_xml_intracellular()
DEBUG:root:------ ["intracellular"]: for oocyte
DEBUG:root:None
DEBUG:root:

DEBUG:root:------ ["custom_data"]: for oocyte
DEBUG:root:------ ["initial_parameter_distributions"]: for oocyte
DEBUG:root:
--- key in param_d.keys() = granulosa
DEBUG:root:matched! granulosa
DEBUG:root:--- cell_adhesion_affinity= {'oocyte': '1.0', 'granulosa': '1.0', 'matrix': '1.0'}
DEBUG:root:oocyte  --> 1.0
DEBUG:root:granulosa  --> 1.0
DEBUG:root:matrix  --> 1.0
DEBUG:root:

 ====================> fill_xml_motility(): NaCl = NaCl 


DEBUG:root:fill_xml_motility(): {'NaCl': '0.0', 'EG': '0.0', 'contractility_signaling': '0.0'}
DEBUG:root:NaCl  --> 0.0
DEBUG:root:EG  --> 0.0
DEBUG:root:contractility_signaling  --> 0.0
DEBUG:root:

 ====================> fill_xml_secretion()

DEBUG:root:self.substrate_list = ['NaCl', 'EG', 'contractility_signaling']
DEBUG:root:substrate = NaCl
DEBUG:root:substrate = EG
DEBUG:root:substrate = contractility_signaling
DEBUG:root:------------------- fill_xml_interactions():  cdef= granulosa
DEBUG:root:--- live_phagocytosis_rate= {'oocyte': '0.0', 'granulosa': '0.0', 'matrix': '0.0'}
DEBUG:root:  key in live_phagocytosis_rate= oocyte
DEBUG:root:oocyte  --> 0.0
DEBUG:root:  key in live_phagocytosis_rate= granulosa
DEBUG:root:granulosa  --> 0.0
DEBUG:root:  key in live_phagocytosis_rate= matrix
DEBUG:root:matrix  --> 0.0
DEBUG:root:--- attack_rate= {'oocyte': '0.0', 'granulosa': '0.0', 'matrix': '0.0'}
DEBUG:root:oocyte  --> 0.0
DEBUG:root:granulosa  --> 0.0
DEBUG:root:matrix  --> 0.0
DEBUG:root:--- fusion_rate= {'oocyte': '0.0', 'granulosa': '0.0', 'matrix': '0.0'}
DEBUG:root:oocyte  --> 0.0
DEBUG:root:granulosa  --> 0.0
DEBUG:root:matrix  --> 0.0
DEBUG:root:oocyte  --> 0.0
DEBUG:root:granulosa  --> 0.0
DEBUG:root:matrix  --> 0.0
DEBUG:root:------------------- cell_def_tab.py:  fill_xml_intracellular()
DEBUG:root:------ ["intracellular"]: for granulosa
DEBUG:root:None
DEBUG:root:

DEBUG:root:------ ["custom_data"]: for granulosa
DEBUG:root:------ ["initial_parameter_distributions"]: for granulosa
DEBUG:root:
--- key in param_d.keys() = matrix
DEBUG:root:matched! matrix
DEBUG:root:--- cell_adhesion_affinity= {'default': '1', 'oocyte': '1.0', 'granulosa': '2.0', 'matrix': '1.0'}
DEBUG:root:default  --> 1
DEBUG:root:oocyte  --> 1.0
DEBUG:root:granulosa  --> 2.0
DEBUG:root:matrix  --> 1.0
DEBUG:root:

 ====================> fill_xml_motility(): contractility_signaling = contractility_signaling 


DEBUG:root:fill_xml_motility(): {'NaCl': '0.0', 'EG': '0.0', 'contractility_signaling': '0.0'}
DEBUG:root:NaCl  --> 0.0
DEBUG:root:EG  --> 0.0
DEBUG:root:contractility_signaling  --> 0.0
DEBUG:root:

 ====================> fill_xml_secretion()

DEBUG:root:self.substrate_list = ['NaCl', 'EG', 'contractility_signaling']
DEBUG:root:substrate = NaCl
DEBUG:root:substrate = EG
DEBUG:root:substrate = contractility_signaling
DEBUG:root:------------------- fill_xml_interactions():  cdef= matrix
DEBUG:root:--- live_phagocytosis_rate= {'default': '0', 'oocyte': '0.0', 'granulosa': '0.0', 'matrix': '0.0'}
DEBUG:root:  key in live_phagocytosis_rate= default
DEBUG:root:default  --> 0
DEBUG:root:  key in live_phagocytosis_rate= oocyte
DEBUG:root:oocyte  --> 0.0
DEBUG:root:  key in live_phagocytosis_rate= granulosa
DEBUG:root:granulosa  --> 0.0
DEBUG:root:  key in live_phagocytosis_rate= matrix
DEBUG:root:matrix  --> 0.0
DEBUG:root:--- attack_rate= {'default': '0', 'oocyte': '0.0', 'granulosa': '0.0', 'matrix': '0.0'}
DEBUG:root:default  --> 0
DEBUG:root:oocyte  --> 0.0
DEBUG:root:granulosa  --> 0.0
DEBUG:root:matrix  --> 0.0
DEBUG:root:--- fusion_rate= {'default': '0', 'oocyte': '0.0', 'granulosa': '0.0', 'matrix': '0.0'}
DEBUG:root:default  --> 0
DEBUG:root:oocyte  --> 0.0
DEBUG:root:granulosa  --> 0.0
DEBUG:root:matrix  --> 0.0
DEBUG:root:default  --> 0
DEBUG:root:oocyte  --> 0.0
DEBUG:root:granulosa  --> 0.0
DEBUG:root:matrix  --> 0.0
DEBUG:root:------------------- cell_def_tab.py:  fill_xml_intracellular()
DEBUG:root:------ ["intracellular"]: for matrix
DEBUG:root:None
DEBUG:root:

DEBUG:root:------ ["custom_data"]: for matrix
DEBUG:root:------ ["initial_parameter_distributions"]: for matrix
DEBUG:root:----------- end cell_def_tab.py: fill_xml(): ----------
DEBUG:root:
--------- user_params_tab.py:  fill_xml(): self.count = 100
DEBUG:root:--------- found //user_parameters
DEBUG:root:random_seed
DEBUG:root:number_of_solutes
DEBUG:root:initial_molarity_0
DEBUG:root:initial_molarity_1
DEBUG:root:number_of_cells
DEBUG:root:number_of_fibres
DEBUG:root:anisotropic_fibres
DEBUG:root:initial_EG_only_molarity
DEBUG:root:initial_GLY_only_molarity
DEBUG:root:initial_EG_mixed_molarity
DEBUG:root:initial_GLY_mixed_molarity
DEBUG:root:initial_HM_molarity
DEBUG:root:initial_1xPBS_molarity
DEBUG:root:initial_2xPBS_molarity
DEBUG:root:initial_5xPBS_molarity
DEBUG:root:initial_05xPBS_molarity
DEBUG:root:initial_EG_Karlsson_molarity
DEBUG:root:initial_PBS_Karlsson_molarity
DEBUG:root:initial_DMSO_Karlsson_molarity
DEBUG:root:initial_PROH_Karlsson_molarity
DEBUG:root:fibre_degradation
DEBUG:root:fibre_degradation_rate
DEBUG:root:fibre_custom_degradation
DEBUG:root:fibre_stuck_time
DEBUG:root:fibre_stuck_threshold
DEBUG:root:fibre_pressure_threshold
DEBUG:root:color_cells_by_pressure
DEBUG:root:fibre_pushing
DEBUG:root:fibre_sticky
DEBUG:root:fibre_rotation
DEBUG:root:max_TZP_length
DEBUG:root:vel_adhesion
DEBUG:root:vel_contact
DEBUG:root:cell_velocity_max
DEBUG:root:average_hepg2_radius
DEBUG:root:average_pocket_radius
DEBUG:root:average_oocyte_radius
DEBUG:root:average_granulosa_radius
DEBUG:root:bm_spring_constant
DEBUG:root:found 39
