x,y,z,type,volume,custom:length,custom:angle
9.259231582120094,104.28073541405482,0,granulosa,767.3847815959693,1,0
-83.09927336091732,-107.45744238649951,0,granulosa,527.7981544418861,1,0
-235.419006391852,82.83696384986223,0,granulosa,441.4392582992611,1,0
-191.94666993600237,144.09984310926285,0,granulosa,614.5396575717083,1,0
71.01319087262476,-64.69400715550361,0,granulosa,730.8247266825593,1,0
-4.938682750732994,87.58081745716598,0,granulosa,1058.1762472610806,1,0
-289.0079403754922,38.02661117027688,0,granulosa,1179.5968925412133,1,0
-63.012931374613174,-38.59200782069502,0,granulosa,796.9204818256993,1,0
99.40158384276253,-6.959506535107465,0,granulosa,453.11162735155506,1,0
-176.817766524433,-113.23743139379326,0,granulosa,313.2260645658415,1,0
-202.1306898859152,-108.39363192243455,0,granulosa,862.943142114442,1,0
-133.140610648034,-70.13418999971705,0,granulosa,493.48548644931105,1,0
-218.40279295830496,-115.15445898906938,0,granulosa,362.2833621535606,1,0
-197.61062371776677,-8.006563208085993,0,granulosa,327.3507912599699,1,0
255.67587328725745,-15.043034514032314,0,granulosa,1377.607239540464,1,0
-78.63852752683573,-52.7781405549659,0,granulosa,1151.7731442447725,1,0
-115.79962337310411,76.85287592359938,0,granulosa,686.9752605934442,1,0
-160.47384545442625,-78.92811398185027,0,granulosa,740.9123118060133,1,0
69.54207137960009,66.92290597335264,0,granulosa,612.3257361440046,1,0
-41.06516686120432,137.00108591322834,0,granulosa,527.8485144886043,1,0
-18.02084318274524,105.75443571670073,0,granulosa,721.8145068552316,1,0
-172.80902912724844,133.6322933293187,0,granulosa,296.1518619191567,1,0
-50.58219838528504,-122.40499285225071,0,granulosa,406.6770245645062,1,0
231.11277811407876,-50.26496952885249,0,granulosa,329.3085861503641,1,0
-289.02408748138265,-67.51540621731245,0,granulosa,1118.0061555821674,1,0
38.58137565961749,-40.87820563583897,0,granulosa,355.2157678111373,1,0
64.83242063418851,49.71642202104664,0,granulosa,1011.799560584105,1,0
-94.11127794133972,71.84127040047306,0,granulosa,484.04838143074517,1,0
78.17074703111882,62.424557078594404,0,granulosa,492.6172417818468,1,0
-139.987955009295,11.597579916186561,0,granulosa,1128.454842043166,1,0
-37.58316250587137,-37.240923078781336,0,granulosa,867.465989960731,1,0
186.5075481048837,-49.747282829593615,0,granulosa,422.43831161787756,1,0
39.69928213297533,-106.04281071496682,0,granulosa,410.8032614187001,1,0
214.81931276220632,0.880822255680755,0,granulosa,1197.4600224582696,1,0
135.742471603049,-127.17922209034299,0,granulosa,408.2804915061082,1,0
268.8883395467833,-79.43478672641615,0,granulosa,564.065039771865,1,0
182.0291458610439,-94.19886191848013,0,granulosa,1159.4945878332505,1,0
-274.0606673822059,-89.59913385607571,0,granulosa,815.320518326914,1,0
59.89087168927148,-51.094184257238794,0,granulosa,1098.9145525701813,1,0
228.31261157919744,-118.4565788928171,0,granulosa,1361.469136343851,1,0
231.20458059387397,38.26552614221745,0,granulosa,1078.0823188509557,1,0
246.49306259181787,8.61782421849685,0,granulosa,1423.590048080706,1,0
87.42601712972493,41.74307994686444,0,granulosa,1174.5860885930022,1,0
160.01582259904671,133.19276956981759,0,granulosa,633.8668849240759,1,0
280.7764460546607,3.4783630969110675,0,granulosa,1321.2335725439902,1,0
-58.98976037775398,44.32896524678,0,granulosa,1070.4861441502658,1,0
275.46255900551444,80.45180441937492,0,granulosa,790.8490091847477,1,0
196.51975111236663,117.74338482143139,0,granulosa,1418.182896240831,1,0
178.23431609464313,-109.18867556839271,0,granulosa,900.3274016299695,1,0
290.5900923512098,-121.70118525309296,0,granulosa,1274.2401604508468,1,0
53.264101927563274,140.49497193019442,0,granulosa,963.8037566971807,1,0
-31.396953370463677,129.1376583850594,0,granulosa,827.6196429171283,1,0
-90.286132772109,88.73535873881082,0,granulosa,1025.8506440062026,1,0
33.18622427225347,46.48608326677831,0,granulosa,390.62743038011126,1,0
-119.899169411999,-110.2097605166777,0,granulosa,1095.2464880414184,1,0
-134.079746586862,117.45182725465793,0,granulosa,1246.1166116452405,1,0
-134.55676430627167,-20.079822799688884,0,granulosa,650.9209948547324,1,0
-62.715977383670776,80.14966112537496,0,granulosa,299.9654191393637,1,0
-250.99793549941452,117.7220791399161,0,granulosa,492.9131355975983,1,0
-157.10029796818955,59.83614011127608,0,granulosa,404.91800162522543,1,0
22.10895274626705,-114.7978496113397,0,granulosa,778.2494481586878,1,0
-188.76640059689703,77.88844436905262,0,granulosa,1263.8561235241677,1,0
99.38669461485728,-83.8720560732675,0,granulosa,1399.7046627295629,1,0
140.9528561354909,-140.87243768241666,0,granulosa,351.77340728538513,1,0
46.646860883742875,-120.37211214050083,0,granulosa,469.32836900511853,1,0
187.41359945545707,110.59190186600057,0,granulosa,1143.9972858296208,1,0
254.6105212948312,18.093102446288157,0,granulosa,673.3938722724782,1,0
243.0638040596068,-5.9240327584637384,0,granulosa,988.4710890689167,1,0
-68.76192393337584,123.87097531701687,0,granulosa,1313.6883440002782,1,0
-212.34229590080886,105.56902310461749,0,granulosa,1243.910114224302,1,0
-36.97723323480045,-142.43787100498625,0,granulosa,382.5976713305979,1,0
-88.71327843706084,139.26698812525876,0,granulosa,1308.809931810187,1,0
-44.924310566011656,97.10074423479838,0,granulosa,995.3358866380748,1,0
-196.29254696896635,-47.575839640409995,0,granulosa,998.067934264682,1,0
147.67262739448017,16.36677547604492,0,granulosa,961.2191227331928,1,0
-269.1045142983732,61.97252150158576,0,granulosa,421.8356862564763,1,0
161.77401319914122,122.5950196990629,0,granulosa,345.884284616952,1,0
-48.56574028734883,38.75840948437116,0,granulosa,866.2509436546728,1,0
70.9561438297444,16.52832144853008,0,granulosa,1301.0452293456924,1,0
40.0458432721033,8.535568366306904,0,granulosa,1003.692832278289,1,0
-35.540974741424805,5.80843469569291,0,granulosa,663.0307070504431,1,0
25.247396810190082,-89.24883265157993,0,granulosa,519.8193472157278,1,0
-2.5465887884032554,-76.16136911594435,0,granulosa,498.13407224934207,1,0
-2.297286104461648,40.24641609351451,0,granulosa,596.454215302843,1,0
70.3000539286935,-10.178949276336908,0,granulosa,385.8845241013103,1,0
-4.166846493228604,-42.973839876956205,0,granulosa,506.9797587431996,1,0
-114.607555611789,-92.04253850853776,0,granulosa,333.6814582725826,1,0
177.5062501088246,21.033005685413144,0,granulosa,836.2635548270284,1,0
-189.08281414606762,-133.36343841061938,0,granulosa,386.3442581354236,1,0
-256.8477244678235,90.87405206204286,0,granulosa,354.9653824521871,1,0
-276.703452372516,81.08607228034535,0,granulosa,290.81770763444143,1,0
260.1275148311994,2.149002846352147,0,granulosa,1374.6004021162478,1,0
-166.03534743743703,44.657267084355,0,granulosa,606.579697685701,1,0
-140.9084743411439,88.24948796342937,0,granulosa,1153.4169998413424,1,0
-2.089586182600897,-62.8154544856058,0,granulosa,763.1747110285419,1,0
-171.79432880695802,2.48644104084687,0,granulosa,487.5896145939905,1,0
136.37938931154457,129.7564976192309,0,granulosa,918.513572310576,1,0
264.7182776727876,41.12888109296452,0,granulosa,738.0479528816425,1,0
18.8745631824861,-37.14979794875387,0,granulosa,693.008171465524,1,0
-111.71850857844211,-102.1956666794236,0,granulosa,890.0522311773266,1,0
93.29247219522978,-28.53995531863947,0,granulosa,453.8548323017928,1,0
37.138027373583384,34.30384469226175,0,granulosa,276.6890983575285,1,0
-95.13489527403684,-133.71013611910814,0,granulosa,585.8015697186186,1,0
-266.4173779383797,134.49540489694073,0,granulosa,281.6027314835,1,0
-130.00703187336373,63.38662436132796,0,granulosa,1222.5609502801726,1,0
115.24327975208456,-40.092026800454846,0,granulosa,567.1901421584673,1,0
158.78413411915955,-144.1196458193938,0,granulosa,511.92821781345606,1,0
218.06446344147218,102.5226136653583,0,granulosa,971.6138931915145,1,0
98.15462905231118,84.1451947372754,0,granulosa,605.5681336394208,1,0
-232.4680451558203,73.33249731502687,0,granulosa,633.9876748405643,1,0
-38.41171224174684,32.5466527640414,0,granulosa,301.23398692139517,1,0
70.55920640951797,-54.78532985626926,0,granulosa,680.3874402201449,1,0
205.80951704538774,-95.80296081523899,0,granulosa,980.7039775791783,1,0
8.49546024603984,-87.69559247500374,0,granulosa,1211.234454026709,1,0
-274.4456278719829,124.37683008411665,0,granulosa,833.2108010449907,1,0
84.29847579932152,113.53474916505303,0,granulosa,361.12119741828343,1,0
-263.4716218358187,23.32914756733132,0,granulosa,399.3549987390923,1,0
226.57288849234988,-9.2716978404477,0,granulosa,936.6194290306315,1,0
-56.47154794685733,7.2831461010142675,0,granulosa,927.300273476638,1,0
170.80137600193996,117.56476679338022,0,granulosa,1046.036984761763,1,0
1.3589107952730615,-131.22421481229722,0,granulosa,1379.9009973539064,1,0
43.62277967775577,-65.80100047339027,0,granulosa,984.8439286195719,1,0
-131.08462609229937,-95.57217659553797,0,granulosa,1306.6809130518518,1,0
-154.88160403454305,-58.53315912882479,0,granulosa,1142.645008188106,1,0
-280.53203997294304,-42.23771169870267,0,granulosa,308.33167553376734,1,0
-186.8073206950251,-32.85631184740416,0,granulosa,346.7123840278134,1,0
118.3214684866631,64.50589637663907,0,granulosa,923.4656185146802,1,0
168.22818119628897,-71.80043418939702,0,granulosa,979.1874740470665,1,0
201.49862671955492,136.19151946641773,0,granulosa,517.9861937038976,1,0
-290.93897660771233,53.758109107667906,0,granulosa,974.9770737233584,1,0
152.51307770005798,-2.9766149761912573,0,granulosa,613.1282668922563,1,0
-273.19040365129166,-52.986872389072644,0,granulosa,280.42155427046146,1,0
-243.74703050774698,8.240999493985242,0,granulosa,330.14624285196766,1,0
136.25304382605322,28.423486177206883,0,granulosa,931.3656586851524,1,0
-247.72032715163027,70.89357949586793,0,granulosa,750.4242678588494,1,0
279.2414260440878,-17.316015682286746,0,granulosa,841.2717798847674,1,0
-257.5480239521249,-44.45761198470946,0,granulosa,287.95783716725697,1,0
-25.342936079100014,-139.8585638259541,0,granulosa,1039.1710688629792,1,0
205.52498835524926,9.2618949446165,0,granulosa,628.2727633054706,1,0
-100.30944980225192,52.00515404902154,0,granulosa,758.4927291594175,1,0
-49.49855759024916,-59.407231937058356,0,granulosa,506.695626088074,1,0
194.8452994296136,90.39886191313431,0,granulosa,444.3919716422709,1,0
53.54191701690257,-18.734463230683872,0,granulosa,518.2059398881131,1,0
274.9872170797378,-115.19706990840015,0,granulosa,752.8575002009917,1,0
270.66017872792247,134.3372644090902,0,granulosa,433.5261494100406,1,0
210.2933432533378,88.66625730916533,0,granulosa,391.3210491961249,1,0
-37.73036923101279,19.041006422302928,0,granulosa,321.04926707912193,1,0
-227.36420039382537,65.80686637255792,0,granulosa,634.113015981016,1,0
-21.979224332177864,-66.98182748234073,0,granulosa,338.2908983328421,1,0
262.4144819295957,-91.73250257216685,0,granulosa,1190.776734904677,1,0
85.69879279841592,90.34709398731812,0,granulosa,802.92383970571,1,0
-265.8538300980752,-47.285200305478554,0,granulosa,978.3836967902955,1,0
-57.7140779872428,90.52872398626829,0,granulosa,1317.218045086799,1,0
171.37568379799637,50.748787093916945,0,granulosa,654.5819616923236,1,0
111.80368715658125,8.052707611917242,0,granulosa,646.4356084771824,1,0
-163.79599570404187,-119.32907031967235,0,granulosa,670.650809704394,1,0
-116.52375596090491,4.184349084236658,0,granulosa,673.3978600525821,1,0
202.1749836414707,87.96970217512865,0,granulosa,350.70952424223213,1,0
72.56884019807842,-136.31584523670185,0,granulosa,285.40674841077475,1,0
169.63495806747062,-38.177270595011365,0,granulosa,745.1159864690502,1,0
-95.29409454543182,30.828488690973103,0,granulosa,417.15626027332814,1,0
-264.879627735957,-122.71073472579099,0,granulosa,1288.9864389874517,1,0
139.55593760886478,72.358942589278,0,granulosa,727.3360942168416,1,0
-144.56205431118977,-69.21166174984313,0,granulosa,1242.2801625579975,1,0
277.38755095419697,67.74508408716932,0,granulosa,478.8098026174138,1,0
-217.71551700453614,115.54312363270134,0,granulosa,1011.8127731261148,1,0
-112.93975944002267,47.18404879454636,0,granulosa,899.8022226421457,1,0
192.7801342765767,-31.45065799125429,0,granulosa,489.2181513107696,1,0
-130.8442833614382,-61.2009632496009,0,granulosa,624.7963171207226,1,0
-195.2991650657318,60.889255322635904,0,granulosa,484.8459639935531,1,0
-107.08056099375185,80.58477713369294,0,granulosa,384.71735012268186,1,0
-57.45921886423034,-137.42698433454697,0,granulosa,778.9373110799453,1,0
-18.195785706804713,-10.737497578024602,0,granulosa,863.2290632362177,1,0
214.39916316670224,28.30968005481543,0,granulosa,1231.6184713641508,1,0
127.97901455506496,-94.2024670431301,0,granulosa,421.22614097277085,1,0
141.72187782752513,-99.01967565048898,0,granulosa,375.80012613065384,1,0
-154.61734984442683,114.92401495276818,0,granulosa,323.7442189223974,1,0
-152.75043808379195,136.5504752587605,0,granulosa,553.4328921739885,1,0
-95.74372915996469,-100.67686201925434,0,granulosa,328.46908762344464,1,0
-114.38146335883391,96.16267283505422,0,granulosa,299.54322888309974,1,0
-211.73414124145103,57.3127618366361,0,granulosa,503.6230762211687,1,0
-253.10728342795733,138.52565878115587,0,granulosa,1196.8135556270038,1,0
-21.403176115964698,71.71615259796954,0,granulosa,543.8671092773319,1,0
280.6734013319606,-91.3358451290689,0,granulosa,592.2289036482168,1,0
-46.84644885734977,-75.42633030733008,0,granulosa,646.6472960552201,1,0
-124.22898563253335,15.865649584559947,0,granulosa,792.3673776061016,1,0
-203.15114692211097,28.187147081458505,0,granulosa,720.2234359627586,1,0
251.61559510261839,111.51899357268911,0,granulosa,548.3717849780871,1,0
-199.89104747832113,115.41550303372975,0,granulosa,646.2704684235467,1,0
252.46507312372069,122.85988769002438,0,granulosa,719.2520215066155,1,0
242.5119073945807,-141.27261176476787,0,granulosa,1261.0605668877504,1,0
128.95639653808672,139.52342542591492,0,granulosa,1046.0582870296034,1,0
190.37455503567054,25.764702898152137,0,granulosa,299.0756606301726,1,0
-235.641005300019,29.995918508184417,0,granulosa,364.05432634437693,1,0
-172.50012827743848,-26.947726135391065,0,granulosa,897.5531306721243,1,0
87.6779718191579,-86.48806518905018,0,granulosa,654.4586007974165,1,0
-106.55446966603967,-25.995193477480072,0,granulosa,645.6025140811477,1,0
167.07567109129604,88.65264234612985,0,granulosa,459.08346520692066,1,0
21.804393690059158,28.784658722312628,0,granulosa,365.50915670458,1,0
218.8348168385761,-21.227518738273517,0,granulosa,1342.0728587494539,1,0
-74.55330474147206,-132.66357981463767,0,granulosa,1078.0500834051543,1,0
75.71923491671373,-99.23546250171066,0,granulosa,303.8421801897785,1,0
-208.76477032236284,43.36753063460961,0,granulosa,739.3177737591684,1,0
289.1420018521982,67.51120536136455,0,granulosa,766.1351747645747,1,0
128.93290165161642,103.54591965739155,0,granulosa,1094.1012668783374,1,0
216.81311757244532,115.41168984625688,0,granulosa,486.52314196489243,1,0
-218.43055265566028,-39.194684499102834,0,granulosa,595.7487594584162,1,0
198.58667162074823,-40.97193219400907,0,granulosa,955.0155722883077,1,0
241.2225900086064,46.51937178079396,0,granulosa,617.1584202962239,1,0
195.91330402713044,-114.35856189140023,0,granulosa,1416.146959614676,1,0
182.35520806455247,-41.001460160774144,0,granulosa,500.15376074190647,1,0
-239.93197034249332,140.66377116973717,0,granulosa,762.445924267767,1,0
-195.2078077566507,1.1979836151491554,0,granulosa,682.0842029914663,1,0
-177.7102896443547,-130.877193796788,0,granulosa,405.7462576986716,1,0
154.11951398426442,-51.13991437371374,0,granulosa,867.2188896208354,1,0
51.583625162666635,112.93312720512318,0,granulosa,842.2286608675771,1,0
141.6652173851578,-21.997238683598567,0,granulosa,487.1921064644611,1,0
-198.32080550340817,128.77919200837312,0,granulosa,711.5981071579351,1,0
126.7749600721308,42.446689692230564,0,granulosa,382.6505032533962,1,0
243.77001102129623,86.6521652940275,0,granulosa,381.4178092810797,1,0
107.33922143780114,18.05855960129864,0,granulosa,327.89300457209106,1,0
69.95255096743523,95.50660066310283,0,granulosa,589.6699298184575,1,0
185.04037598881877,95.49881091311491,0,granulosa,1299.8375238214678,1,0
264.44483991889956,93.89813362831208,0,granulosa,900.3419231516623,1,0
-67.8164298989015,40.36008642868006,0,granulosa,275.41629403290625,1,0
36.85500439723393,-59.72147563454638,0,granulosa,469.04339626233997,1,0
135.39008860670106,-42.38103823447439,0,granulosa,1226.9163183373323,1,0
-104.2120610220363,-93.29274119628924,0,granulosa,277.5165501548209,1,0
-189.52174045793242,108.43640170379581,0,granulosa,706.7629859385027,1,0
-144.10170764940688,34.50368898992164,0,granulosa,505.97517863854756,1,0
114.98321169381518,127.99521580511794,0,granulosa,376.82632298444713,1,0
37.798390826686614,-21.339661585363842,0,granulosa,650.6828970811623,1,0
-46.297944477847864,-89.53507046818396,0,granulosa,561.9803050071781,1,0
11.75335580421472,117.23018314241506,0,granulosa,717.1695575459254,1,0
94.73722019413748,-126.3891214326116,0,granulosa,285.2241334571924,1,0
-27.594281669717986,-75.21290657820727,0,granulosa,822.2363314403423,1,0
-48.89805008475048,118.53970668369823,0,granulosa,695.6845350734817,1,0
100.78389390223941,40.242022572902926,0,granulosa,668.0788061730466,1,0
54.24416493179268,31.784520457367307,0,granulosa,334.6795982853253,1,0
220.34608832318577,-38.709013006888824,0,granulosa,534.2081456600874,1,0
-181.9525683785258,1.765434088326856,0,granulosa,809.6367721703718,1,0
-210.08399634326696,-48.51987699359675,0,granulosa,681.9090782120375,1,0
121.95342380059725,5.27596043768051,0,granulosa,344.91670131809667,1,0
290.96078344190835,-136.58037371553843,0,granulosa,943.1815046161042,1,0
259.7513483841351,-33.266092110363246,0,granulosa,346.230180679142,1,0
-54.77464556646922,54.462251085672364,0,granulosa,1154.144645651918,1,0
-186.78233892132343,-122.01406475425763,0,granulosa,504.0293136945722,1,0
-38.95646522002181,46.86117957450179,0,granulosa,862.6774571829192,1,0
-77.06227380052405,1.9989619458629022,0,granulosa,507.1417882097552,1,0
117.06027243352008,-54.07676716264595,0,granulosa,512.4827861665166,1,0
265.6213604793538,-12.075246421718845,0,granulosa,462.13451302794914,1,0
-240.46989446178,-102.1497953764962,0,granulosa,291.9161398263367,1,0
-127.60733005803641,75.69148114826467,0,granulosa,275.25033723009557,1,0
-256.8073939460307,-60.227760537582256,0,granulosa,460.91534225612776,1,0
183.36468250017327,57.60790324419739,0,granulosa,360.681339538487,1,0
-61.00090015129766,23.950611200258493,0,granulosa,372.2589231138365,1,0
250.93392878415273,-35.37804990518816,0,granulosa,994.7824646483264,1,0
113.28872959988308,-88.90546901119255,0,granulosa,326.75543795095126,1,0
-232.04833234260343,128.87090527083137,0,granulosa,482.1030394664855,1,0
-126.90491973121249,-105.2436813054577,0,granulosa,421.4540178163917,1,0
-56.35021595834226,126.59106643540036,0,granulosa,274.18577074058163,1,0
-132.3291822701681,-125.35459237942119,0,granulosa,903.3147726465622,1,0
-33.60359122016439,115.53181329639705,0,granulosa,776.7093106555525,1,0
5.946335083497672,-101.8449498168561,0,granulosa,1402.8413772076663,1,0
48.36363303485274,-35.74814173114807,0,granulosa,1365.8742022627555,1,0
-227.42868670634996,104.20680159426715,0,granulosa,817.9260805437759,1,0
-213.37436619693733,-100.50288417292721,0,granulosa,870.5771125472729,1,0
-143.2660886617079,139.60145861859496,0,granulosa,270.3128243048849,1,0
92.63074399989642,118.54932232988608,0,granulosa,351.4913990644558,1,0
209.57153352807853,38.70535788116564,0,granulosa,408.241841082487,1,0
1.8961899422899933,130.10851992109008,0,granulosa,410.23999911240884,1,0
-195.98077977793483,-115.34127216518755,0,granulosa,403.1796642344104,1,0
-11.21746450710134,-22.21719924059805,0,granulosa,602.3494752841189,1,0
-206.2039057347485,-73.71750325997021,0,granulosa,1323.5550961866445,1,0
131.89502232274424,63.06613956884988,0,granulosa,278.8627561695053,1,0
6.443464331329892,-142.16331512538227,0,granulosa,381.43245614735025,1,0
-51.374204282254084,-13.104480633986725,0,granulosa,299.38833955801664,1,0
-79.12281527268732,-120.23848906387833,0,granulosa,469.3751787603673,1,0
-199.1819333908055,-92.63000360594054,0,granulosa,482.6909627681678,1,0
-10.530431649779246,141.91343889215756,0,granulosa,848.5015581263791,1,0
-1.6633989200637984,-20.023548584165013,0,granulosa,339.6785679542562,1,0
-157.92671770058732,31.661583339831992,0,granulosa,1320.768370488088,1,0
-284.8383651096029,121.97484206303454,0,granulosa,986.1369391085703,1,0
61.84816429374206,41.492038612566404,0,granulosa,323.25348240250645,1,0
225.5108333101482,-143.11328810157147,0,granulosa,825.4168351493774,1,0
242.02004521598474,99.36294554894641,0,granulosa,403.212657741287,1,0
279.48786606170916,-102.62096020264904,0,granulosa,383.8371095743338,1,0
-222.9220278268001,4.399775188995392,0,granulosa,879.3975878464397,1,0
41.07561846962216,87.46032682062429,0,granulosa,504.5519598892618,1,0
40.08427863565828,-50.18925982804318,0,granulosa,612.3035653068479,1,0
-41.310181386466866,69.43605577846546,0,granulosa,545.0846133499905,1,0
-108.15789605974626,35.86877313896423,0,granulosa,582.6328040888269,1,0
263.22324808670044,110.66211741319358,0,granulosa,916.9539713231791,1,0
-27.76382266960627,94.90454000469128,0,granulosa,608.4921215060176,1,0
219.74837512233773,-63.551356016299536,0,granulosa,413.1931585216517,1,0
189.22886654174727,-7.19092634911317,0,granulosa,457.7430739072698,1,0
36.22257098228579,76.26077548316971,0,granulosa,837.6811019810468,1,0
24.190032374386192,-9.093522681629082,0,granulosa,752.6155501746766,1,0
-142.17017110376037,-33.59667237122257,0,granulosa,1308.838859379255,1,0
-228.88464362151902,-23.886137626175227,0,granulosa,358.73216469682063,1,0
105.01791082009362,-60.9565630042227,0,granulosa,829.7229908017591,1,0
-236.93849227596473,110.78268330804264,0,granulosa,299.9879444113981,1,0
-293.67043318627685,83.71064281685588,0,granulosa,702.7003824388598,1,0
241.82298892458084,-91.44543044924558,0,granulosa,525.3765613694505,1,0
-12.64743125807712,-3.405428864515528,0,granulosa,510.3678358417995,1,0
175.4908889113923,-6.359245212451526,0,granulosa,1385.7016060600477,1,0
244.30485370130407,-27.655359124770342,0,granulosa,1149.9426768486637,1,0
131.28077041224026,-21.263244275020924,0,granulosa,1347.238740114592,1,0
-60.802841682029396,-110.53826928677492,0,granulosa,1178.045125966034,1,0
203.67248784542295,62.26074137854542,0,granulosa,961.9057275466378,1,0
-59.64894620491478,-96.81548296613738,0,granulosa,330.9950533467192,1,0
-271.8380141482497,51.53087323154497,0,granulosa,323.1932013624773,1,0
226.70592198687825,106.12090043421739,0,granulosa,375.11856087280086,1,0
-259.6178410923749,-138.54558753313455,0,granulosa,292.4218205379176,1,0
-227.39987463446857,-58.38680032485935,0,granulosa,580.9178879824041,1,0
89.92497804033275,-39.13150646299873,0,granulosa,272.31635478043046,1,0
-237.31161422287835,-73.33319423166978,0,granulosa,1034.511652842935,1,0
117.5482804143357,113.03202623168215,0,granulosa,575.8879229502817,1,0
115.027321538053,-100.60962452594866,0,granulosa,306.9575533132885,1,0
192.4970429708764,-100.38022115542344,0,granulosa,1166.434798596768,1,0
-159.7323640411852,71.01982663882285,0,granulosa,831.3732481916747,1,0
-71.6135674196897,135.1983881715571,0,granulosa,554.5856293698789,1,0
-275.97930861294225,141.28396247994044,0,granulosa,1010.9428387703023,1,0
-91.43159245968877,-124.85441968252876,0,granulosa,642.561842261844,1,0
177.63249351082618,84.8081806825748,0,granulosa,667.4421079329019,1,0
-140.25667351940575,-101.0213099348087,0,granulosa,375.59584975773714,1,0
192.046820227406,14.530688047577542,0,granulosa,1408.46042398655,1,0
197.57003115468035,44.73178946406682,0,granulosa,557.3489953359143,1,0
288.7759651655614,-60.94950243685636,0,granulosa,1270.9746382914986,1,0
-22.194112757708297,-116.86696020280526,0,granulosa,378.8053774875982,1,0
-207.37182244909005,-128.3889467317207,0,granulosa,768.4503666624055,1,0
-254.05798826275043,-96.36436127588438,0,granulosa,687.3065737035175,1,0
-236.03723429610255,6.909295222723159,0,granulosa,508.3535912134421,1,0
270.1617631396814,-128.77807474563159,0,granulosa,392.9747216254148,1,0
-220.59792361543566,29.401071662485634,0,granulosa,911.2014959772031,1,0
-277.29790258820094,6.220596106119018,0,granulosa,741.3230623549662,1,0
74.23310891968822,-27.785228913698134,0,granulosa,568.3454817150546,1,0
291.3518250218111,57.802565392957604,0,granulosa,1212.2836520278288,1,0
-58.500184620256306,-81.43484582168594,0,granulosa,1321.385055339451,1,0
73.42208060743724,85.56262949200533,0,granulosa,348.54678912194225,1,0
53.892682512226656,-78.88674146805424,0,granulosa,1128.7065843913601,1,0
289.613472465403,-16.960346454561716,0,granulosa,403.8781807408823,1,0
-172.39321456881726,-80.9568932180119,0,granulosa,392.50097456019597,1,0
56.433437268289765,-108.30887784154663,0,granulosa,902.0212826809617,1,0
253.6914094932248,-130.2603706868646,0,granulosa,514.0696175747771,1,0
-158.60095125331537,-68.03046592909871,0,granulosa,831.652015709656,1,0
280.01115084529545,137.35018283839048,0,granulosa,305.8220878843134,1,0
28.97169941853224,-123.24774178453049,0,granulosa,1377.9538905715406,1,0
-139.28760721668917,78.41243870345323,0,granulosa,429.9194450799471,1,0
140.1693371902628,50.16097482106568,0,granulosa,1168.4201016077561,1,0
-212.5919989727569,14.941793785899733,0,granulosa,1045.270940607504,1,0
3.032277153187863,92.97477982538177,0,granulosa,634.3358112646468,1,0
-34.29256599079366,-92.19166701681586,0,granulosa,331.04313288481654,1,0
243.1352900473413,59.2761679996853,0,granulosa,622.4093173789624,1,0
236.45156698030485,13.583827168020662,0,granulosa,283.24682023270714,1,0
68.25912229504098,-76.21022804475352,0,granulosa,1115.9892062617166,1,0
-42.30974507668168,109.01228688563106,0,granulosa,447.1018427703342,1,0
-41.29293014409967,-28.018450213429333,0,granulosa,354.43722009700366,1,0
-200.35934198526428,102.97306033671217,0,granulosa,1344.2454668604698,1,0
-62.99879204218888,136.68101836423426,0,granulosa,454.40927013488175,1,0
281.03281539583907,-51.81635843819585,0,granulosa,839.178748631977,1,0
-9.990780229077927,-92.75282857907388,0,granulosa,380.9822376405882,1,0
-220.33312269491205,-81.94385350744675,0,granulosa,520.4572914063566,1,0
-168.75397688141084,-142.58603857992614,0,granulosa,1225.2625027429044,1,0
-169.35013226532323,-89.21050709729559,0,granulosa,367.696870043207,1,0
-189.0851211168881,-96.45773230293061,0,granulosa,925.4626470365428,1,0
-226.8626310410658,-32.47860737560238,0,granulosa,326.3283201700394,1,0
286.04692558097213,84.09806491508522,0,granulosa,404.35662158059876,1,0
-265.30070500746723,-143.03640620021267,0,granulosa,277.4665686659173,1,0
272.2886918165,60.128757819032586,0,granulosa,1143.8453036854678,1,0
82.05856338793677,100.98475527760473,0,granulosa,294.15460658257507,1,0
173.4402349094176,76.48882469934554,0,granulosa,374.44586867637065,1,0
-88.33373884581815,8.61533650189827,0,granulosa,275.9173610743962,1,0
57.98925764316334,-59.42685806968383,0,granulosa,492.27777316078897,1,0
-42.21277967010121,58.63479373085548,0,granulosa,519.7537610635565,1,0
-77.29722566194525,145.00600049373844,0,granulosa,427.63253223129914,1,0
227.80037238480372,2.7333214311183838,0,granulosa,438.5977875290959,1,0
-168.85656607721546,142.12477357355078,0,granulosa,675.6313555664103,1,0
-61.35989740527759,-28.65881045729354,0,granulosa,417.242023324593,1,0
-20.788945262691243,132.37158559105535,0,granulosa,457.9208251760706,1,0
-58.597535630512255,63.99212873249286,0,granulosa,269.73046728045983,1,0
35.96973812981821,-134.4628248239402,0,granulosa,1326.4819680723178,1,0
-24.340392205354703,4.48502392273096,0,granulosa,350.38367618065774,1,0
38.87693360189064,17.517205045254485,0,granulosa,365.21331108285955,1,0
182.42928391671018,-67.18393975525656,0,granulosa,300.1002919619473,1,0
-209.17472789619302,-145.0324662387746,0,granulosa,414.9784122925472,1,0
-129.93933757386813,-6.24118128712189,0,granulosa,945.8856429801555,1,0
49.11362372171436,80.21488634560484,0,granulosa,332.95451701715183,1,0
-74.37097417509267,-64.0972625297073,0,granulosa,736.7977146928821,1,0
176.79003243667455,33.25809930985233,0,granulosa,707.3321786846191,1,0
-35.21892222489356,-74.51900573610001,0,granulosa,272.2301513416768,1,0
-129.38944021040294,-33.47817287287059,0,granulosa,936.8691664045625,1,0
-283.16791244868125,85.8793366229595,0,granulosa,628.5010670529699,1,0
13.26647474182198,-134.7544477568039,0,granulosa,867.0302420353381,1,0
277.21864021885256,-77.33829269265294,0,granulosa,387.99905567521165,1,0
-106.90616129901335,-135.10443633357121,0,granulosa,970.1718816254917,1,0
-295.45583397692633,-144.75840591370738,0,granulosa,311.833515460832,1,0
-45.43941900693301,-0.058175051622299634,0,granulosa,435.08963827447246,1,0
-19.645589741406354,-99.24544367085595,0,granulosa,298.46905835699107,1,0
226.4833943971645,-128.1647396428506,0,granulosa,402.7499966300986,1,0
290.7339793917729,33.067701937850416,0,granulosa,275.34822840647064,1,0
116.38874873559149,46.71543431783266,0,granulosa,345.09380450283913,1,0
-216.84371535888317,-55.54515329376582,0,granulosa,555.8441142036314,1,0
285.39509279797517,144.30017842734884,0,granulosa,328.7347537955934,1,0
-106.5596515206991,-83.74720289495312,0,granulosa,485.11335671011096,1,0
21.78584411245481,75.39847869684132,0,granulosa,313.3478662756206,1,0
-132.0010715773946,-115.84020536519405,0,granulosa,612.2856785252714,1,0
127.23895135578806,125.66513810904303,0,granulosa,783.7947914921499,1,0
-55.536664015591754,-65.04201084048333,0,granulosa,274.5753216934849,1,0
167.18043992985787,30.96087487447363,0,granulosa,605.8323042784817,1,0
-294.4835597614408,69.44146251229537,0,granulosa,484.6014423056517,1,0
192.758439144661,-78.38666602668411,0,matrix,142.72784701068795,12,203.25574041725557
-211.64689682982493,136.05904984211452,0,matrix,85.59756762761438,12,230.07046860045156
197.5782289314522,-69.1211885855386,0,matrix,46.35077003733863,12,150.93135679178764
209.07239727475286,-131.39760439337664,0,matrix,74.69212224136459,12,320.71377699598827
-238.66725937526215,-85.49680399418781,0,matrix,43.033557789363975,12,295.7494965107739
35.570261291518364,143.64020475141888,0,matrix,71.67728054710224,12,45.752714770738926
-153.57507883101735,-2.1196757714853334,0,matrix,142.82105528499295,12,103.80735212736839
-176.47629122490125,-41.979218456812376,0,matrix,69.4451846726093,12,218.40865990966932
171.11438976760002,-136.08383289121738,0,matrix,93.75661192052837,12,202.25893491738432
110.13329809086918,-115.78782574773754,0,matrix,42.23894324792984,12,257.50201574769966
-209.89790595836624,28.24876037379161,0,matrix,39.351031377368315,12,347.8529328418923
-50.49216727601248,-109.9459606344615,0,matrix,105.29464668833832,12,215.32526460466642
23.726922334821325,100.10246495440566,0,matrix,96.22709970618027,12,265.7132226611041
215.9619755928644,138.34186250807085,0,matrix,52.48077942121866,12,182.74572637844167
51.327065628136666,-96.67748277077644,0,matrix,120.96076467118073,12,303.6227920904789
276.63260041424735,-65.34245959092327,0,matrix,52.18735304626843,12,100.52966643007927
15.518191633728122,5.901059358677827,0,matrix,65.14630170508731,12,146.84480320213126
233.91515796966576,80.05917939349186,0,matrix,64.41083996801945,12,191.2921405043268
-104.59357223688016,-8.571878177907536,0,matrix,58.33362822595405,12,151.81754980556408
-108.99846687221927,-70.82735056118588,0,matrix,143.03587936156197,12,18.93006127962069
-270.3149918811682,40.20387566753371,0,matrix,39.89108928783709,12,313.5265377888165
-93.01892780874783,-65.8474921133066,0,matrix,70.98203858313717,12,139.1913844525165
-246.69666726117117,-91.02533487605815,0,matrix,78.21264884956143,12,19.986108934007053
23.22300918270747,-55.47674610344269,0,matrix,73.68441470835195,12,221.42564682794767
-47.514913094427584,78.86144837855807,0,matrix,135.40141849686705,12,348.1646599500977
122.63546483605086,26.42016516918602,0,matrix,48.78829631592806,12,299.6614172700297
285.5712515512005,109.04465082132106,0,matrix,42.68635634946191,12,235.3333919420045
207.1636033743443,-15.29271890877655,0,matrix,46.438640273919994,12,89.01938369255198
217.56410110838692,128.26677037677928,0,matrix,42.78408116691927,12,274.4829413463065
41.30658145155735,-145.04150318909754,0,matrix,40.420061644542564,12,268.113390109059
110.2690018203931,-17.46809046937625,0,matrix,76.23817991285634,12,148.29314760007819
59.19686939502344,-87.55453943431526,0,matrix,111.65983845086551,12,283.2980641737822
225.85087151435687,9.84248746010914,0,matrix,65.27145799972526,12,261.82478425266885
151.7834065401325,87.60752448787733,0,matrix,104.12777509429395,12,102.58719953905373
290.90866581523983,24.88111417083894,0,matrix,67.28992771411808,12,277.07512890092676
56.433057733032285,-67.39516307077726,0,matrix,93.23553633786837,12,52.621111134164956
-140.90087885718455,-13.810205972881363,0,matrix,48.61738669518206,12,320.25069965202925
168.0205201192236,59.834547739291594,0,matrix,87.67693427752646,12,258.34526690859667
-11.280435504938282,-125.85381667800158,0,matrix,51.225349877651,12,246.02157153422576
174.0162779788999,101.42881915914768,0,matrix,111.65282159176203,12,13.570155263317854
-147.1551363620472,-130.79122939390038,0,matrix,141.02499022312156,12,100.56500296067793
104.92661776434153,46.98260929673279,0,matrix,114.91552478764288,12,45.338544062090115
-36.55195405373877,-100.29166264718054,0,matrix,141.79877077093988,12,287.985363876855
85.3996474770139,-29.228192622574753,0,matrix,109.4232884810201,12,353.780353121117
-193.52532948189693,39.89921396582139,0,matrix,44.67997232501441,12,303.9304809486957
-227.9116031960928,93.12583976867111,0,matrix,120.49471188170774,12,38.36408231513548
-185.0654613560738,-17.397524610610276,0,matrix,69.08551657582444,12,324.22919926270595
42.37496200011361,48.799058940771175,0,matrix,50.94233086701416,12,198.81614686511386
-24.599047084474137,21.633041340311536,0,matrix,66.29970792968152,12,292.20716802277906
214.289042449808,-143.37164628511226,0,matrix,57.0751174188884,12,20.282664121506045
4.183642084723374,-16.34507999607925,0,matrix,132.08508373839013,12,206.30508862290785
-2.680691260976346,-97.93602908217875,0,matrix,40.22809669990642,12,346.6811236137377
-72.86303516368409,-80.49716096095241,0,matrix,98.06635628079795,12,110.33624478693221
197.81438423306395,-131.08312215421122,0,matrix,78.58817203779336,12,250.7253388265571
-158.16732429254915,106.60991430191183,0,matrix,65.3439946625699,12,208.3311461640262
5.677962893632241,15.593952335426593,0,matrix,109.86239413505452,12,292.1982275756347
127.0756076747881,50.555396548235734,0,matrix,40.73475663786166,12,113.75394317025734
185.40137314618426,126.49499419137908,0,matrix,41.60245235026279,12,184.44121958787548
286.0630404316522,95.4234720584623,0,matrix,142.84453177809982,12,244.39381568798353
-266.4010828065319,2.109932682734211,0,matrix,65.91033370290408,12,42.91847670363831
292.70386323425146,-73.92456760653089,0,matrix,69.82525928544281,12,226.0883448707488
141.8481751796669,-51.57895058147271,0,matrix,47.22931134061502,12,88.34766999427778
243.43270657337587,-124.5930107878602,0,matrix,81.5620748435807,12,284.6375147153927
54.16123043081308,71.49443829541764,0,matrix,144.55907218053272,12,344.23982541865774
-268.23561585336233,89.88507423156054,0,matrix,82.31734773420729,12,30.993698150201933
244.95468729227116,-42.00105331793725,0,matrix,127.13494476423608,12,28.264180412266477
159.98009371118604,-114.73807090398162,0,matrix,122.19343980857674,12,194.53989312038948
249.35916844570875,-64.38393180366802,0,matrix,147.44578907097932,12,123.11622632100602
-5.88828923626869,70.93237308468139,0,matrix,42.024278911828624,12,221.73855785081798
-116.73935767992927,-15.122498145282151,0,matrix,102.80816259451119,12,126.02899502496284
-187.35069995815985,-57.514379796620844,0,matrix,87.56329647529746,12,72.73052801369361
-245.26468601852253,-71.25739487090993,0,matrix,67.24324760529427,12,171.96719977877885
-252.37219002996497,27.79142992497006,0,matrix,38.70544762304374,12,151.14674921373555
150.92357589003325,-138.73982907979487,0,matrix,45.97495755706213,12,305.37743417878204
287.3118405412647,50.16621146685904,0,matrix,57.62756576502569,12,57.959038351583715
217.79491655812114,40.55185878542275,0,matrix,64.25810294348786,12,28.282833192656778
-141.60644752908436,-86.18372174830745,0,matrix,143.48282710700454,12,288.96706905403
244.03875075653855,-106.56368962722186,0,matrix,56.128326630811706,12,167.26573108344948
115.95809396136463,79.1441203441718,0,matrix,44.059295508565285,12,109.98249042637704
-81.25594238418722,33.547281937913965,0,matrix,41.23384669736181,12,60.913380317326684
-265.4690957328043,-13.413227344976463,0,matrix,139.91459244385445,12,119.97126824147314
285.08828921208703,127.84156259266871,0,matrix,114.76583705263947,12,332.7883137427708
249.52990608999255,-101.56680114700681,0,matrix,76.7562674930546,12,200.6777477722726
134.66461328767372,85.27979515287737,0,matrix,135.2714540414538,12,293.54137795493483
263.1864034919289,-43.184089882454344,0,matrix,125.14089046359983,12,336.46095606472187
158.07995150231466,-39.90961362850584,0,matrix,62.65857212140681,12,121.6373535081415
219.332410559854,89.94304850268242,0,matrix,133.82340968014756,12,168.01140579739248
196.03370670202594,79.00125226429273,0,matrix,122.29359536554946,12,329.6478707463956
-293.69710198312305,93.25032782472081,0,matrix,108.24933705747432,12,237.65981584190683
-275.00561353820694,-143.89338719772124,0,matrix,140.88074429108576,12,32.99851458382846
200.78814099382225,70.8756491982443,0,matrix,61.53511496284441,12,310.04838059623654
-188.56938395418067,25.02475281117782,0,matrix,51.90901499092006,12,256.00268479505763
199.4968235800763,100.75852154581426,0,matrix,88.78156136432527,12,87.91976350679387
-36.61495661775848,-106.80132857220198,0,matrix,56.26441338628629,12,139.63198547714904
-204.04807140044807,-33.03909402174661,0,matrix,129.41855576581878,12,311.705257629743
69.87325496670633,125.89953014614207,0,matrix,52.345193743771326,12,160.42009347519723
-137.4219578739183,-137.74379782986472,0,matrix,91.22203503573307,12,27.180703160311662
-206.04242979379364,-2.612512528628997,0,matrix,56.574472398282126,12,153.07309739486558
-268.24673056451786,-99.82993994083385,0,matrix,139.71459438657573,12,247.8372529063919
251.1456025181808,49.97657607905904,0,matrix,144.662758857336,12,206.7820170232004
136.64710929381266,-65.45773765275757,0,matrix,50.914830660834824,12,99.05814691138633
-120.56505337271426,-129.51178593269339,0,matrix,117.23811445224631,12,48.33686407134947
8.455514129263577,77.79985524550236,0,matrix,56.70592649150488,12,165.6197188702385
-113.70030189247476,-123.84932327082805,0,matrix,38.853184496857736,12,166.4782440667157
234.91327698463635,21.160338669419218,0,matrix,116.6350521159608,12,272.4139830328231
-265.2577854349352,-60.58883172324951,0,matrix,43.26089889599265,12,203.1952222148407
-173.6444608155,123.6277049890881,0,matrix,84.27272548338892,12,98.2391404913943
-258.5089507703559,-81.18563211499847,0,matrix,142.01229399552406,12,242.58199043804316
-211.53473666228868,127.01026744801118,0,matrix,40.54828770648906,12,266.4680145227092
254.8900761012768,-74.42145498812785,0,matrix,144.15821782223355,12,66.70241370571186
-160.70710151451252,-17.145333435353052,0,matrix,137.56574356888436,12,356.5600518396534
-86.71319893054763,116.75060753468688,0,matrix,119.80165927345548,12,62.478593319270985
81.78090531759943,-109.77638625660111,0,matrix,138.0474754114881,12,301.7774779902382
168.03059975539577,68.1864852792392,0,matrix,69.85567225154246,12,79.16513314617572
-15.795503996510831,-32.07029571483069,0,matrix,39.668777532331404,12,207.64997854377324
-274.97518530729053,-34.02876351844981,0,matrix,52.2116628115819,12,211.55269336414105
-238.23033464616287,-113.83556866806276,0,matrix,77.22770228751136,12,69.78724310109996
291.69441944110747,87.89759295833971,0,matrix,92.12751217217838,12,58.40362666636008
-46.75440172506683,-45.11918678114711,0,matrix,50.65953164407853,12,269.87288734333055
-151.04063891712156,77.90918381585314,0,matrix,98.4605072211615,12,44.56382177034706
86.422637845596,24.858060242451415,0,matrix,48.92947869601114,12,299.7597468890716
155.67558588853632,28.226567045199403,0,matrix,45.864219063262055,12,49.90746859826184
269.71058409585896,-56.68422251016331,0,matrix,121.95375137550229,12,110.42167450399275
-258.4756180466839,0.6728747767695609,0,matrix,68.86016385885696,12,350.36609842921246
-52.74318339628857,141.97833105200266,0,matrix,135.2743229582083,12,16.955691779665276
-113.91284236505211,-48.34224809425815,0,matrix,76.25712956294967,12,283.41406888875474
65.61143092737973,-98.99072351084143,0,matrix,80.217937152447,12,147.04696110505117
-72.65391161329785,19.76088721869084,0,matrix,116.50953748939753,12,273.83560709867965
-152.56810919522962,15.637831240124513,0,matrix,85.34304406305596,12,171.68540088884473
-66.06282547328499,98.42384214425442,0,matrix,49.67245088771579,12,319.2057886140026
62.87894798886924,-30.25434347617096,0,matrix,94.3962876409173,12,111.15761050243856
-146.11361280479682,119.30644446273368,0,matrix,88.17337726965384,12,185.2768538529905
-154.39179948090214,-146.66894772042576,0,matrix,71.13741414127311,12,267.5283586967916
55.63052861416651,-133.88323545725763,0,matrix,43.54275929460195,12,98.44634615722066
143.25388107548764,-87.85824559657988,0,matrix,98.28647835516865,12,112.24136232818556
-278.5338880204269,102.28804304541907,0,matrix,84.77055576328776,12,327.72741343063996
128.8031814225318,-82.89939355106736,0,matrix,44.930497555502534,12,214.78857243322776
-213.60941656636152,142.7299954950201,0,matrix,66.33635048876133,12,53.35686842349414
13.862286957086951,18.78498440915405,0,matrix,112.88179972831934,12,215.75151323360294
-263.61884147851765,102.93935225923212,0,matrix,39.54988862796883,12,213.7925308953432
46.9412457983895,124.28303018955916,0,matrix,84.94176592136368,12,47.64504566624305
-125.95872859700029,-46.14834690396685,0,matrix,89.19622709149189,12,112.99487183137357
-233.98260879198733,-4.046801036653562,0,matrix,42.468985282345315,12,209.33383224128406
-236.4979950232936,51.59890626448845,0,matrix,57.51036265180173,12,190.7971379820375
-146.1220900576302,-5.043670656069935,0,matrix,89.98584756599276,12,324.86479718394935
16.069117178117608,-142.64151212639177,0,matrix,128.60326848886538,12,310.9308669174998
125.20081353248662,91.25126588007822,0,matrix,119.39484442446086,12,90.55197401101378
79.7813732876221,-120.15334145180282,0,matrix,133.67402018541225,12,226.59963080606528
-149.53061041800447,-19.73137782084075,0,matrix,108.92300146859256,12,15.07530514740874
-17.327772740323383,-83.78196771480752,0,matrix,140.2512589983799,12,346.2662177836244
-2.3118654245452603,56.53765400815226,0,matrix,122.99384595650079,12,75.64974543361606
-155.55240471974832,-134.66345073796563,0,matrix,134.6653887518359,12,184.2616358113475
236.6285877969965,111.09407802186416,0,matrix,56.66642467978779,12,244.97124934305813
-252.49335839727723,-8.893740578290789,0,matrix,95.56178293402,12,346.39713926576087
-227.26979328108024,-133.6186164850848,0,matrix,54.78694318647277,12,133.26263571362267
261.7342561143346,-140.86368834988798,0,matrix,79.30513272044051,12,196.7175812599158
-138.9572217269205,43.176523243996655,0,matrix,60.294029884338606,12,190.7572472767154
238.92220585242183,-130.8206674749933,0,matrix,58.93187985229873,12,256.4163646223501
-75.42445979205314,-96.38539872327277,0,matrix,38.95011292270651,12,14.237125140692033
-168.72365973723646,-40.679464124436265,0,matrix,113.95342719282945,12,191.26711445671648
-98.45137633823273,63.106166455557144,0,matrix,73.7046495761938,12,235.09402048808744
-209.85341680027165,-23.939412598851206,0,matrix,43.19643589814425,12,62.41711109442353
-159.54380868397843,-96.91801441489818,0,matrix,142.78591877179045,12,330.7728180204023
-201.05241534985947,43.77534251615327,0,matrix,53.54167818318414,12,19.429974004977737
267.26478919788167,34.08393573438423,0,matrix,105.31047142000374,12,97.25989215928708
221.6856689069757,-90.20526295025425,0,matrix,85.15698820905297,12,140.56582920707308
222.83918436524266,26.159519730543025,0,matrix,46.69520244822099,12,186.4584001873859
74.5157411277994,-89.91744099369869,0,matrix,50.84453508074737,12,313.5686089117148
-99.18874928315898,110.38707531076733,0,matrix,101.60668211884413,12,352.16746016420285
-109.09855908605016,120.51827327466049,0,matrix,58.59609169196096,12,96.30109493299038
131.30556201751216,115.55615559067274,0,matrix,67.07488768994645,12,127.3051763278555
59.745191192080824,83.8306619353337,0,matrix,46.91541410707628,12,243.15710022237553
-87.31854068974653,-72.11872119554819,0,matrix,99.27501200170023,12,110.88099117665345
-212.72108426410614,79.2622084580934,0,matrix,57.53163476784492,12,241.45732381474124
6.98980065224913,143.54321101426154,0,matrix,123.607425724474,12,332.6950495883493
104.94167806892426,-142.28851305502886,0,matrix,44.68810973520492,12,166.0178986330078
174.83424103850393,6.811287665058586,0,matrix,114.79702050523036,12,68.97639362290052
-104.03580245389597,-122.38277034756206,0,matrix,74.27905355584139,12,187.5978888850616
-271.67015802089264,34.893875288157574,0,matrix,41.16259742619872,12,320.25452863744556
-286.55372596598744,-110.75693969615412,0,matrix,70.97260903846214,12,275.96759135120385
-215.28961421071008,-132.24156003212673,0,matrix,78.20820455283092,12,211.30137396392178
58.10772653668823,-5.817609404349014,0,matrix,64.72133770903284,12,153.14159556708768
-31.440522467220205,66.23083609209516,0,matrix,90.38888995840978,12,302.45523682197233
157.5984048922187,-82.11661732377522,0,matrix,76.63800647830148,12,233.19406581165458
217.57509487796005,-102.9551015548966,0,matrix,53.962748350184775,12,142.9522479059427
168.20317566965934,-22.02357729133466,0,matrix,87.28880373461823,12,315.07851549337295
106.19291236626998,70.94092446696149,0,matrix,148.45430134955276,12,41.24110099613169
168.7167002614422,-98.52247013686802,0,matrix,66.73840840498374,12,120.4589682988914
97.65608467770682,-0.5756332095808716,0,matrix,61.557864392430034,12,112.51424443882583
198.17122062086793,-50.14178371021771,0,matrix,112.50394176109512,12,279.3304841364011
197.50075364640225,-57.349515804701056,0,matrix,105.4415622039503,12,247.99076950562576
86.41510556015146,131.82384268290605,0,matrix,53.01055873210103,12,56.70560409336915
123.09708081373452,-35.741637034402956,0,matrix,82.14984426721163,12,224.88136300539315
80.33549342055147,-139.51658809956044,0,matrix,40.01579885619983,12,291.3396971933943
-90.7884223709055,-12.114869472881793,0,matrix,40.94704804706421,12,274.3582346440242
-225.74586273893243,-89.07438337591692,0,matrix,136.70031065103248,12,257.3665427602322
166.93455444092984,43.178940087623715,0,matrix,58.13806118802532,12,199.77948656742998
-186.39461069133839,94.39486206844373,0,matrix,99.14270987529132,12,212.30644793618978
-150.26589271201777,-86.85413166597844,0,matrix,64.18140569657302,12,2.2956168504544827
-65.29200540616233,-62.53055078462785,0,matrix,84.58106430026918,12,21.416173276440688
213.69051166594386,-53.181698628396674,0,matrix,67.28449659699939,12,153.6966612001977
163.2446268548086,-136.28128595134612,0,matrix,120.72697913845298,12,202.82029877729596
-272.1322162571709,-23.61236815018401,0,matrix,110.24385197977855,12,223.1575753290595
38.080205016947446,64.55447740323982,0,matrix,79.32083134867294,12,125.14260506849335
244.225072377654,-78.63069859453876,0,matrix,107.10085347707347,12,289.05513449010743
97.0861662393487,-55.93110131833893,0,matrix,81.54462892979983,12,323.3378487164296
227.7768331911377,-85.27726070823289,0,matrix,39.67259613126485,12,209.11402411225927
-220.41542972658593,-142.44721021439653,0,matrix,44.63028867202877,12,80.85752249936131
-278.27833077457205,22.36035781332734,0,matrix,146.89295753705468,12,239.90326683223378
-219.65762989435746,51.08473370539957,0,matrix,72.12130094855999,12,42.441232427453066
-177.44350442103195,19.92904664908596,0,matrix,139.19322238572778,12,92.0180936553923
64.15545672414675,-128.2536893061888,0,matrix,125.71803644892125,12,191.73542159105668
88.04739720094847,-145.12642859257326,0,matrix,76.09971286332392,12,289.327832902181
229.7718800690617,-105.74165150936571,0,matrix,60.43972518345599,12,258.08476709397155
-171.5891402175532,-58.31172924258277,0,matrix,83.44552157476149,12,321.01274594018906
-265.887148764449,7.696544062582802,0,matrix,46.427830536295374,12,50.21051845301876
46.50644445418868,23.925616639135256,0,matrix,85.19375752590545,12,164.31859463458972
-109.39692901353229,131.2142376428145,0,matrix,115.24358614623787,12,15.231005764009051
59.186765071311754,132.72602052634915,0,matrix,122.58677286779734,12,289.97075086295513
18.566462072878494,-22.15011144697897,0,matrix,64.45727827254755,12,212.69563987466864
-288.8047656477015,-13.816495210650146,0,matrix,49.403074128703786,12,216.99899250556834
208.00776728798172,19.940243187207102,0,matrix,59.08098537319267,12,87.81423297881364
84.43042341049409,-96.80652650188006,0,matrix,42.70635348329353,12,51.32899505529553
284.8004127077496,-8.962576584270067,0,matrix,86.58122374568825,12,260.97285244270984
-99.95542412939216,-36.39371765559562,0,matrix,63.69331473913927,12,141.39271695105612
17.638104756311975,83.2378570650898,0,matrix,50.50949271865661,12,145.40114519481935
278.4638200925301,-143.70155589106471,0,matrix,116.43163104388914,12,311.2981944186459
-35.98726037479446,-16.921914033362782,0,matrix,43.35389040869747,12,45.264853123135026
-218.71637467741056,67.12799252890304,0,matrix,78.04290238682027,12,211.16839568565516
12.847880567842935,-75.72024856955007,0,matrix,68.79020540703173,12,112.09166032499245
150.19561405587967,-90.56288364174901,0,matrix,70.14264508144,12,160.0838154978169
151.42853032327287,-121.45457521926014,0,matrix,79.2333660952065,12,279.4805132538743
93.99195651150609,12.717727156354186,0,matrix,120.32293555886619,12,20.039787956461343
-158.06160243566447,146.2142326344403,0,matrix,45.622331411234036,12,117.03924214710764
-291.58870772512773,-124.54842364690195,0,matrix,88.30815393938171,12,181.9582942919596
185.73700646467404,37.981961581516,0,matrix,64.20582645024191,12,59.88065571127348
-17.749671626296163,-133.0517696030333,0,matrix,63.87773149878466,12,209.63456998089063
254.77372660500612,64.87187425567089,0,matrix,67.83867218031837,12,271.6459786294997
101.13903874340929,136.58662616196375,0,matrix,105.78961289978713,12,205.2065949167307
185.47005701843892,-141.215837210868,0,matrix,40.12396660688554,12,182.0777365165022
158.46596436787388,47.66121976560274,0,matrix,45.96222583777759,12,222.77515984415885
123.14647861452607,75.30216338957078,0,matrix,49.57082563079764,12,101.37935256814221
-37.76792151975417,-123.70804127323841,0,matrix,111.47149058844344,12,280.8771178511795
64.6003082438711,128.77335115169535,0,matrix,74.79749091822235,12,322.2992209048041
-33.03979844767389,-52.84987514573798,0,matrix,125.2756564380425,12,24.23810499108658
291.22303534140747,129.68847857950936,0,matrix,96.13791946261556,12,352.915370628638
164.25215675911215,1.7983663465533084,0,matrix,47.54941155859087,12,139.00956948840332
150.93247395902068,-66.90960444061781,0,matrix,83.29454311565559,12,1.4400257960887863
-221.2935302465488,-6.345765559731234,0,matrix,138.4975078441257,12,233.0685516163591
292.164972017565,-29.02982772161667,0,matrix,116.53936614339213,12,44.00561758839826
-100.36007249609554,-62.439743227211125,0,matrix,54.71034373585432,12,276.79020786424746
-44.45514587372483,-143.00394218099632,0,matrix,74.24717443252109,12,327.080782104672
200.32605792440938,-9.070812500885609,0,matrix,97.69560667646026,12,152.90744516713815
194.65411088503828,-3.5438060886275196,0,matrix,46.91478967632958,12,27.272186938120832
34.52929446926197,98.48222775249616,0,matrix,55.97274901207863,12,41.88204397843861
-172.6938556074778,53.66502066653405,0,matrix,46.833236895010984,12,186.5931216217891
289.3251758598466,-36.139610128655974,0,matrix,146.2390341069263,12,211.91925673241445
-246.02937199838118,97.3070004445533,0,matrix,90.93780818627512,12,122.1520288187595
258.1232623838488,57.56491190703642,0,matrix,143.4849341932905,12,76.78329458069582
111.48216908174646,97.93698051353203,0,matrix,90.39245715991434,12,16.158768238386646
-180.7421083033529,59.069265179612216,0,matrix,43.67704037360685,12,189.40505182422046
126.46567727172732,14.853043040851077,0,matrix,108.58859657693037,12,311.5272232300451
-88.73330421353472,-4.069082135063837,0,matrix,37.78021989626686,12,42.38398596411867
-241.12537377527585,-136.10399041684363,0,matrix,82.72132582448278,12,171.50385220807203
-138.71350771904653,100.51133640148802,0,matrix,109.5052737514781,12,32.62087047058852
9.56217937153491,-11.917667510866522,0,matrix,82.10968183036623,12,193.9023321683867
-117.753348766232,-71.99051357835218,0,matrix,117.47045869245741,12,264.03162906673657
-82.96282805905258,-22.30262970083939,0,matrix,89.24482994036092,12,244.87473481475143
100.62508163088188,96.36812999829397,0,matrix,47.04206856853463,12,261.12362231009575
67.27302055717718,142.10740767221284,0,matrix,56.016230550265284,12,329.68157927492706
-25.52532739702235,-46.97867136448738,0,matrix,58.9217779757833,12,308.72352621617915
236.18188685652717,141.15513949339322,0,matrix,62.52260493275404,12,129.29634999367082
53.83545551993467,124.7097548419568,0,matrix,83.27642016580867,12,212.57251580585518
-163.3143133724583,124.87851839929999,0,matrix,126.59744834667488,12,351.9203909138469
117.2829766792608,38.503995236930365,0,matrix,109.56285803674328,12,79.35353930670628
-190.49162843804748,-40.001018363833055,0,matrix,58.73667346397946,12,81.20695066965938
-88.39542806301418,-143.62919934753688,0,matrix,149.22525333461607,12,45.578823765995004
135.43177333581002,11.371979734022318,0,matrix,80.66399370634515,12,181.41462559646195
43.90327535811798,101.02559239504205,0,matrix,112.065380132497,12,251.7741426018559
215.30014482564332,79.11177251195778,0,matrix,42.99976882176898,12,251.39925229270418
33.86284631294393,-74.17726845107174,0,matrix,56.16019311639648,12,344.96507899022924
-291.54860967592344,106.8376822005078,0,matrix,57.86491882511747,12,3.11054743819025
229.41774034216257,126.84707418102403,0,matrix,44.97036968529029,12,52.18859354668409
-27.84121907266683,82.89977855759332,0,matrix,44.591473056530056,12,20.67375569950699
106.72559233650702,118.29166401979575,0,matrix,84.5046602213975,12,197.1297007608722
99.70671360458078,-19.06322447508964,0,matrix,42.20591599876301,12,153.7136973233016
-223.4832200967918,131.83818319839042,0,matrix,59.57891218032068,12,178.76980986003005
-251.47297893060988,-74.92790350632588,0,matrix,68.2490221928281,12,347.3687226121685
-93.59772435754502,-31.764437358497304,0,matrix,50.81545027144859,12,57.18953974734989
-1.1994273856118411,114.17527283792595,0,matrix,54.17466310834662,12,324.90318614579576
-167.48141929271017,97.54355472241008,0,matrix,95.29071707723199,12,347.6481066918616
-69.29344596718917,-21.251268373660963,0,matrix,63.233091670198824,12,19.1672903518149
-175.9604991450231,68.34270399973138,0,matrix,93.73400620993101,12,57.652445427646356
-20.043940553394464,-104.9785162370398,0,matrix,40.585244046329244,12,100.24768657602363
-79.15546124238526,-141.8002460169624,0,matrix,110.6501165852307,12,69.44522941420111
-87.61770279438082,20.786946784500145,0,matrix,74.27896419905333,12,49.1215176544803
223.34572509143095,144.3455190842663,0,matrix,107.30548809461555,12,230.5947679857935
-24.370164841580902,44.49182976979452,0,matrix,102.1883408986972,12,282.0295400141277
-27.42385485178528,144.1216760853917,0,matrix,138.45646343585491,12,305.83951142942084
66.46845321046368,-106.58757498070045,0,matrix,58.070490387521346,12,152.00477341745065
275.0765704235995,94.47670689472554,0,matrix,148.06064271575107,12,194.73915421336923
30.10407711365565,59.15806320594652,0,matrix,116.05839661602795,12,20.331338005390695
262.01480271968444,69.72041270695135,0,matrix,73.51656776940148,12,44.38842434857683
28.982622411199486,92.06522407781625,0,matrix,115.46415635377554,12,149.880169707844
245.50457936737087,27.568460784881296,0,matrix,57.628350831434794,12,9.363502641304887
290.51352790851786,139.08125199491076,0,matrix,141.72083021909157,12,114.92585533694901
-212.44298142846822,-13.883812823535237,0,matrix,103.09448436138103,12,191.13132470086782
286.8753873348684,16.648259597678617,0,matrix,120.02605153587346,12,58.04597939925059
152.42775285641284,143.20221513425452,0,matrix,138.9949633391383,12,76.07143048050699
87.24103632404058,-4.961399825224021,0,matrix,116.37648333457201,12,52.61788120383824
63.151665141412536,63.01879897339569,0,matrix,98.55224509821072,12,48.201884801621716
60.28724780481167,75.10632922101152,0,matrix,79.0794323671835,12,198.68080450664985
-247.49678037812902,-9.190857182663393,0,matrix,127.83828809851805,12,338.318466908464
-88.54404357323637,124.89302828158753,0,matrix,98.50376340280222,12,288.48398333385836
5.073087956635959,-46.511160398673056,0,matrix,95.4884876638186,12,155.77049340450307
104.71726075226803,-40.66866681569154,0,matrix,102.2604859480431,12,16.674784437516465
13.39788958267144,139.46482071751046,0,matrix,88.69412524820859,12,290.52058356533473
262.445662939018,25.30337778185512,0,matrix,136.63318340889774,12,44.171828892637734
245.08761242368303,136.9831879639973,0,matrix,53.41416567285622,12,6.832957641158486
-267.68591916214126,74.33862133144456,0,matrix,90.80773148347087,12,243.5621023404057
171.70586880655082,-52.47840223084094,0,matrix,149.29115501393062,12,169.8348326024799
195.48722411690068,-140.85692021539913,0,matrix,86.6081910181973,12,339.33398134506854
209.565588135035,-82.7622568205353,0,matrix,114.26742955142393,12,340.68729197641113
-252.94483302601736,50.43474115745542,0,matrix,143.76743530123593,12,168.00664863670906
45.89440750927531,-81.33383352777666,0,matrix,43.018325316153,12,217.74984416462266
-289.7932843427881,8.006316213107425,0,matrix,113.56789685262358,12,279.3634498321726
-258.9755743079586,61.9750193169034,0,matrix,40.66321362118505,12,133.91360673700055
-252.58333230903276,41.36212333991344,0,matrix,38.093708685468854,12,331.4897225685046
187.48200033919483,135.05914846501378,0,matrix,60.066832184707266,12,272.38288124755326
103.90289540214303,-107.35057563846533,0,matrix,122.72643182230816,12,280.10839512632634
-263.4648451436258,-37.189959096383205,0,matrix,38.52626345816381,12,278.3562407168354
-41.84853214618062,122.72282538033949,0,matrix,86.68634580059128,12,0.6756392003729372
183.66442224695516,69.318944261072,0,matrix,132.76223833293835,12,164.33652287520655
276.8051243566548,-129.58510084718827,0,matrix,65.2554626892873,12,336.20142051109974
-190.18498571898004,-86.48957815027508,0,matrix,54.30504952281768,12,105.61660626009143
45.167383705534576,-4.349088681031333,0,matrix,52.60056166184315,12,177.42871363592073
158.31801718636848,100.52861777453705,0,matrix,112.65548669308843,12,186.0317604680883
-26.903350396289397,33.75376771712939,0,matrix,82.25559114440806,12,190.80953714804215
118.17173107075786,-132.81218629135816,0,matrix,110.98256520604276,12,213.42177755240058
-15.046609332878745,122.83354859374202,0,matrix,144.75607856393427,12,44.234291291372244
-8.034735874131286,135.09866456488942,0,matrix,37.587210759308064,12,281.85826383971846
83.0189485785034,140.2385385356837,0,matrix,50.18936369599802,12,236.74783886695016
106.6038550741319,-71.33551749069274,0,matrix,67.48618391884415,12,135.62809621276
16.55461271466305,50.96603927405704,0,matrix,126.48534005541126,12,32.0575242051332
-18.07345543046972,-72.68753904922943,0,matrix,93.25684091276364,12,333.2592150402946
86.01955030462176,143.05789793156538,0,matrix,85.79981145563849,12,245.3442322233867
-275.96429003817553,-124.00255057392876,0,matrix,63.79776464769785,12,34.711327838318994
-120.97274323349097,91.29605903898991,0,matrix,91.49719512339846,12,78.55619197890506
-2.15818780330153,7.345809245890024,0,matrix,59.532004354084265,12,31.258285259802562
214.1629930799378,-96.12954596362084,0,matrix,51.45636400425294,12,166.42638053250135
-124.36184225476583,-135.12014766636338,0,matrix,98.43031139517709,12,240.3624558857704
11.825602650714586,59.06548235026611,0,matrix,61.710361677685825,12,257.42266679628455
-177.7422099581082,90.94845227737369,0,matrix,108.95476141749671,12,53.73693619706207
-87.44446391380595,-85.48823240428484,0,matrix,136.24359392953525,12,330.00695528387587
-281.56710838062975,46.63288834266572,0,matrix,56.04623867502583,12,179.47046594736847
-120.87824980028313,-118.76464114480709,0,matrix,77.07688747952211,12,240.18531525257984
81.85888902373631,-13.010077336872598,0,matrix,141.60341320778346,12,338.90461509263054
187.75446297541725,-21.059488764817615,0,matrix,101.27562362566668,12,199.88505540969362
87.01019403145943,-132.3379823911292,0,matrix,73.1311881561823,12,204.78595547552615
-206.50161744342424,68.81039572279508,0,matrix,104.07225608384589,12,346.98549997239417
-116.61335727743034,84.85023441822995,0,matrix,70.25085186437992,12,123.23074987764448
-19.6200218458863,60.95171461033405,0,matrix,140.3027369616526,12,130.10981856403598
252.12602462976338,-109.60423097981018,0,matrix,37.54742524513266,12,253.71183966303357
147.31427772062716,57.51255133286455,0,matrix,90.0949147129536,12,207.77865770180782
-71.69169003699778,105.81817233421907,0,matrix,91.60434343617479,12,105.82223266325045
-155.62129880441674,44.95821264473159,0,matrix,67.20461899372208,12,173.36094848918023
90.36828844584659,-49.680982441506075,0,matrix,39.14850938642259,12,178.58000836454806
-173.46344874788264,31.840951487800936,0,matrix,111.96646804396582,12,2.1934347985748026
164.65836828027557,-60.27327330453129,0,matrix,117.35532188758665,12,339.0527352009881
219.9856004247921,-47.36742092592051,0,matrix,65.15142543393253,12,225.5541285728628
-109.40357987618296,99.57732839297009,0,matrix,66.5496467264351,12,53.04747456463223
112.9951586403946,21.979946048437256,0,matrix,70.56426422419085,12,26.948627757564534
-178.09582484087719,97.58333150225761,0,matrix,88.50655022161585,12,73.81361509669881
-74.66599084561363,88.35900316920439,0,matrix,43.54597859667209,12,70.90271249844236
43.251698689135196,60.055144323561535,0,matrix,104.57031286907078,12,293.03173954645933
206.24239516182308,-32.20108209763228,0,matrix,82.33455261643708,12,39.23800160167234
-269.7871824465919,-71.72342585680124,0,matrix,126.56744148646932,12,65.16541600276376
-216.28514914835205,-66.02831050212463,0,matrix,45.14390890151688,12,132.10459318500665
-242.94774285428088,49.344619774309194,0,matrix,103.23032860657922,12,351.8549072377433
273.10597755142965,-93.90386035463364,0,matrix,82.9206503515283,12,8.152605925244467
16.388674696715555,91.76541877904319,0,matrix,53.58360479458144,12,273.36686788052043
-120.05969450785997,128.07752627127326,0,matrix,114.54150974544949,12,139.93000003658247
-119.5854338978848,39.27248710711086,0,matrix,46.01955980694638,12,47.14563175997164
112.92705672440184,33.96314075204609,0,matrix,136.71666043117864,12,89.00294832127572
-235.2672012166494,-127.51126440382416,0,matrix,53.50268876935931,12,17.54491940243421
58.85203381633568,-145.8610612759123,0,matrix,93.9529339088094,12,82.84202025587177
277.73994127565777,29.9207267752208,0,matrix,101.76132279443654,12,183.09753348149675
-86.01272380426326,49.568513198274104,0,matrix,61.5635144963985,12,173.60390952739584
92.35659149301415,61.802097344139156,0,matrix,126.431283175617,12,93.50180041950395
-107.96804550028588,109.61080168464844,0,matrix,47.968248242151226,12,7.371148534600147
271.0753620441866,13.4817198208342,0,matrix,41.541670330214934,12,9.34689755401271
158.8846880110716,21.24196358421753,0,matrix,110.93856410628058,12,46.74028862854503
289.7821427975334,40.97216541189471,0,matrix,39.187388473379976,12,67.34161818662001
182.20599606279524,-123.98479334702793,0,matrix,81.43932333547406,12,149.0060072924878
-79.9283134509607,-28.56113328941703,0,matrix,70.95642586442226,12,233.43039784613006
234.23253603301453,-69.89411161202071,0,matrix,70.58565805227009,12,61.45998296903076
-136.87433788450733,129.61804983506835,0,matrix,113.12111538996392,12,303.55657436752176
-25.73271273430595,14.274944030672486,0,matrix,145.61687012385596,12,73.53027888147533
-171.76056215437032,-103.47496877088507,0,matrix,95.25008283141828,12,65.05403888915721
-215.35416683011508,-30.680610218271596,0,matrix,100.9078667081704,12,286.85139072699053
111.10439896143254,-124.90211940892945,0,matrix,38.413733220289586,12,353.50987395728333
-95.81158351905466,-86.03795994823356,0,matrix,48.56615739876473,12,22.767096824455045
-119.46670887936003,-61.89795410912393,0,matrix,126.78992357439895,12,47.314132563856745
-281.3481777489331,-133.3018548689127,0,matrix,106.30431206596808,12,27.338811588562354
-193.3541166869588,-24.804103569046404,0,matrix,85.94177924393283,12,70.90200301010786
-37.774570833189046,93.1813215589091,0,matrix,55.12141704881224,12,167.76055479934297
-173.77990107421954,-17.914284664288488,0,matrix,87.59186514372723,12,93.3508711882788
216.01819692794163,52.32414630071099,0,matrix,47.68702247620599,12,208.9500483292232
-280.9992002206543,-19.04261310643463,0,matrix,123.63804179949351,12,140.39342233942378
89.96077460550407,-114.29802384425379,0,matrix,148.41014035606727,12,259.9108941673677
-67.23859677081668,-88.80155444108888,0,matrix,68.07314283962872,12,251.9831926803798
37.03576633128745,114.22622741647581,0,matrix,63.70279637303365,12,355.176984785031
-284.56182846254353,0.30159162044296295,0,matrix,83.92846784140626,12,199.29568937368973
257.6557082754757,-54.929912199831705,0,matrix,143.71251496665184,12,228.76324286929315
17.24569587858025,126.65123780651811,0,matrix,119.04928862294972,12,272.3679212265477
-123.37538952635055,110.55631039715541,0,matrix,94.48543608121601,12,164.20383308424482
126.83355579906521,-32.21847573293948,0,matrix,86.25403658753842,12,241.97746197542907
-124.31943289205662,-81.86506640456369,0,matrix,103.90138956615657,12,214.0580071162971
191.27062588299498,-18.581053491204415,0,matrix,63.357390158090986,12,188.76639311866182
-136.89733409192002,23.14911885843273,0,matrix,59.44016399119689,12,104.1281135173619
247.48762124305745,80.37746715497806,0,matrix,136.5709828107028,12,98.51674487037502
269.4808347617151,73.0940679279989,0,matrix,79.9447768206816,12,190.9925356785839
-182.90420287223043,-72.69471087791541,0,matrix,134.86624087143835,12,338.98496363995406
22.58345550109624,68.88176824706497,0,matrix,47.45177861348811,12,61.58442261416616
23.43347598110762,-67.09949018255368,0,matrix,45.710089127871335,12,112.44901085229262
-193.36737953538258,50.37117216499891,0,matrix,62.91074764460919,12,287.46731576249357
-276.23709325015966,-6.18407061390036,0,matrix,73.88121909359353,12,33.770761652873105
-259.93116303248485,-33.08797070569369,0,matrix,110.41617428087852,12,272.2952197926247
-101.96360449188754,117.914832937614,0,matrix,118.72185122982302,12,315.09485390637235
46.68066683084186,-92.62023770036828,0,matrix,64.07732620345926,12,297.84212354909437
-6.830966750393429,-105.32186789903457,0,matrix,84.97561869974277,12,201.70591523381827
-3.4722601027066844,-8.613580024753873,0,matrix,129.68896900869146,12,278.67207708117587
288.77373179662527,-99.92923189717474,0,matrix,57.255278536778185,12,322.01035273458126
92.54588252032124,-63.2700328706504,0,matrix,64.38134653582011,12,88.2907586558512
-123.50389830571783,0.7225238476756601,0,matrix,51.08059992192888,12,237.97250058475638
164.11634307391301,-9.589069109923884,0,matrix,40.88178124207986,12,27.563322529720807
-230.48936967855835,-97.79755515072662,0,matrix,72.62577615536343,12,295.5224096106855
-245.71068440405327,29.498033627733832,0,matrix,127.008967723042,12,175.1899206973719
196.82829814195736,33.81598004419598,0,matrix,120.39097605884864,12,34.26751031322163
140.68561783244206,-105.30536097979285,0,matrix,107.40421979018566,12,67.66187119013753
187.72820180061825,42.93253909775058,0,matrix,145.53767493700178,12,41.3497155893193
-69.34861042260974,-105.0839028628796,0,matrix,97.53076576099136,12,128.22779595693987
77.09617591252504,122.87899833902844,0,matrix,123.80333841768667,12,61.79521524113991
234.67873715024734,64.16540163127539,0,matrix,99.68331878790438,12,109.12177535334469
-80.85088196871902,-113.88872241124247,0,matrix,84.83806066036206,12,295.1516156866586
64.25847173365611,-118.10554582139619,0,matrix,41.34028432319526,12,23.79253282000159
-288.73444492193494,-103.68739443148586,0,matrix,143.93843422463658,12,91.24299778392707
-280.53609349917656,59.28143203591816,0,matrix,90.77767880801093,12,41.139009247093696
143.58140514784452,104.84059003036998,0,matrix,67.18425040979149,12,224.00013791950323
-170.15961421916617,-98.20500143484063,0,matrix,49.25128929772848,12,253.0858788512597
150.87405932945296,128.5936792710914,0,matrix,140.85714147515634,12,192.0652363518984
-256.9572540950665,108.72314830557639,0,matrix,98.99255389152255,12,285.9167246554818
-65.10950159730663,145.95915309523576,0,matrix,44.41302715487355,12,239.66913385973518
-189.4237620948573,-11.279401774523336,0,matrix,74.22020125500569,12,129.18466232715295
-162.95916885264137,97.25933180509162,0,matrix,147.8329464358776,12,348.5095959913102
-146.82415674111255,103.62426951533789,0,matrix,56.121646110401485,12,234.14955082455177
-96.95386609305768,1.23976601011978,0,matrix,143.85113830978074,12,119.34852924964528
209.84855836969587,-24.093501199537272,0,matrix,111.34943356892477,12,33.053109525025796
-49.14943235734364,-35.08393618752196,0,matrix,93.86700923525842,12,303.7960444411814
-296.17595439754245,-78.73584051131996,0,matrix,60.85920237323819,12,202.52107671903434
-219.28635848769102,-21.573603713124754,0,matrix,113.82507925664991,12,334.6142150945131
148.1528153638974,45.27104292740529,0,matrix,86.85794547179741,12,357.567596369473
122.48757111019393,-9.012713138588339,0,matrix,61.666005005830115,12,125.47169464062874
-282.60345530781194,-73.81057539732352,0,matrix,52.78721845353317,12,340.95302890503325
-237.78284253784722,-46.25213167296245,0,matrix,146.65563838089398,12,256.30118008348387
-88.59054511525244,-77.34109091628125,0,matrix,39.93844222173606,12,98.27453404289348
166.44277163942058,103.19824228946965,0,matrix,38.47807238550441,12,332.474918068139
66.224556935117,-41.248538020689935,0,matrix,93.07481634448781,12,27.449689687123858
256.6826516773684,-117.30100121492924,0,matrix,105.45674283339196,12,324.695095647039
-63.37250991313354,-3.469264597578018,0,matrix,78.84243845812522,12,318.898285446537
-113.69876532329181,-35.77413429839659,0,matrix,122.40955187960905,12,307.8001487338434
-71.1573257996121,63.67807957881283,0,matrix,110.9339598258634,12,293.1503970829089
-36.086395422329986,26.100650019965514,0,matrix,130.9075643543233,12,93.18039580628432
-282.81413208770914,107.7168430297948,0,matrix,100.82593367031265,12,135.301437032138
11.195344393367748,-31.163173250736207,0,matrix,117.10654066742609,12,112.18651154713191
-36.24852541387594,78.77880362240467,0,matrix,78.91326508246436,12,230.36843485909964
-247.56412440950743,38.267356919975924,0,matrix,38.558912340277885,12,138.47037620302825
212.51181186862618,-116.88643233872324,0,matrix,64.66888743604228,12,342.8629569151083
-73.14784571545167,95.80528331649654,0,matrix,115.1347621913438,12,185.41482153258187
-234.99071908946775,20.824362859049643,0,matrix,66.3810382736934,12,273.0362741586516
5.921929567402344,-117.96843551910246,0,matrix,132.94586773058862,12,54.05670665331316
220.51848217188467,-75.22085053181375,0,matrix,60.0871176227153,12,233.56378953570734
158.8374296397687,-19.1551284875799,0,matrix,48.22935294296628,12,312.8461350862514
7.6233233418229815,6.5146230832421566,0,matrix,108.48174722322382,12,335.22163639158987
-146.96875634725848,49.910022546198746,0,matrix,133.89265291227693,12,121.98837036985124
250.40646528196487,89.39384621219338,0,matrix,103.55688781656258,12,226.3274486923347
166.79549650740898,80.11441381681294,0,matrix,50.65005796034143,12,302.72231202837804
-197.67693313826067,139.11703332144936,0,matrix,141.65644545410524,12,47.84528213125381
185.7155282499656,-126.86880526362344,0,matrix,103.74531446620266,12,333.8070983204486
-192.92982037495494,14.273630229165377,0,matrix,59.65495336967934,12,27.95036316371935
-243.179937831397,-118.64441970951479,0,matrix,137.7571681754601,12,77.03732755208031
220.2483834917615,-111.98374740056408,0,matrix,133.27087950293352,12,152.07311325432985
210.6679368206473,68.78185001601105,0,matrix,45.51769645707755,12,54.00701485013334
-121.95943043095755,103.85719377725013,0,matrix,67.74941574673022,12,318.758706870509
-160.38549079688735,1.9137705193322745,0,matrix,113.75081913023669,12,269.5517587912116
31.66351711868549,24.579296232695924,0,matrix,41.855625334294984,12,175.47122300547483
296.00625325250894,-45.96997166195939,0,matrix,70.95020488596346,12,4.304462445185644
-16.359719054404593,23.22143832274702,0,matrix,39.95324997011933,12,17.353835418058065
117.33559601015332,-61.784701043260995,0,matrix,131.91747336044492,12,292.34721290682745
179.00058461615896,-76.87360617359866,0,matrix,138.97761479904696,12,158.18156610351065
25.19925328496589,123.85713767639572,0,matrix,57.57790914734879,12,130.75661760680848
-11.796245608674326,40.79355749476761,0,matrix,144.19417134167148,12,206.13254382413697
53.12572034101038,-139.1232759164811,0,matrix,109.15585865928195,12,294.2111914100738
-165.44783570753665,21.279098244957595,0,matrix,110.21591637368168,12,195.0871495485246
-93.77358384014178,-46.144003895852975,0,matrix,52.94245943981584,12,216.66983730234588
-28.900240774198323,-89.25077852582557,0,matrix,49.628845302022455,12,214.25768497779757
-17.691669379221707,15.527852537698749,0,matrix,82.7579142737293,12,225.6107384061605
-107.70430397494442,12.385637717909475,0,matrix,48.78293034538936,12,245.7640538880248
73.63640783205034,107.74306994224753,0,matrix,142.90662820651704,12,51.43708478538092
29.989887673853104,-25.012705977605364,0,matrix,88.06971470247365,12,359.81415656007295
-89.45834190162213,-15.46944309978744,0,matrix,86.88172466934799,12,94.19708285873494
-1.0779774455497773,-54.94465487520091,0,matrix,72.46276219323009,12,66.30574697505023
152.11387683188497,-28.465029185382704,0,matrix,48.45364060745082,12,261.3243852606138
-254.67800380350988,15.22615042379769,0,matrix,48.33706402988423,12,176.2525118978616
-121.40308065876303,-55.2446481920511,0,matrix,84.6262959067531,12,61.09407654554134
145.3506873113335,-124.98525907239079,0,matrix,41.383481027381876,12,51.690305772308456
-250.65432228956436,10.104967470236062,0,matrix,88.12094816519351,12,2.3891159521294814
-128.49173237473178,34.811594840998,0,matrix,115.96754191926541,12,168.3826921715529
-248.4873622943739,-59.474988117970085,0,matrix,69.58853549974555,12,205.59834049001674
-137.49974595288325,-50.24075460957512,0,matrix,92.18951886459097,12,156.04344250684858
211.3683927628225,75.44832380581559,0,matrix,60.80099405494793,12,66.69529088793226
228.70191678676485,-36.52164174373446,0,matrix,62.55734725034311,12,222.58572435154278
20.937142323886462,137.36413367139414,0,matrix,68.89471422679665,12,329.5144884132766
-9.254486110318737,5.883444137325483,0,matrix,131.601701075199,12,55.532915608316536
227.25996401498946,-98.32459215994436,0,matrix,51.98346386625519,12,64.01396523150294
-35.61541184988636,-66.40097754650375,0,matrix,53.47210066244289,12,259.4945937177275
-289.5496355179102,-136.1715185136465,0,matrix,140.81244121459653,12,146.2013124734292
-24.009559946509455,-59.568269949925465,0,matrix,37.90024033632793,12,105.5158747646853
90.2482607085488,71.11656462561788,0,matrix,131.20675265123694,12,107.55764791629285
139.92286859796087,117.86270178756013,0,matrix,114.91850070304527,12,169.56669296568504
227.51150016172392,47.70588690218048,0,matrix,87.21283815710807,12,128.81489506158024
-288.4141502661109,136.27324487864877,0,matrix,75.9324833144607,12,103.88040014599079
-257.89075894488235,126.49352002110169,0,matrix,77.7235636993076,12,290.78695396631286
18.33627762826717,-127.80144627597303,0,matrix,87.37269971093062,12,39.145469396560074
129.03209540610453,-52.37157800464615,0,matrix,65.45669961564077,12,188.07487618680972
125.77208966234696,-145.68552508652348,0,matrix,122.04570320679034,12,70.02036941669196
-254.08315925087862,-112.05425394654763,0,matrix,39.38363960326626,12,102.44798724831043
-201.3029306591228,81.40286069712312,0,matrix,81.00288929948036,12,139.66482174884382
-277.4487932489109,-48.241234249830725,0,matrix,62.61572264595687,12,142.48582148333702
-114.7586953031009,59.667044737871805,0,matrix,63.13725224305303,12,127.23344527380199
92.0791766724804,49.438558793503006,0,matrix,42.155641753959536,12,48.15946286356059
-55.13654660861141,-145.57196684306058,0,matrix,58.023223430643746,12,258.25604584752176
136.41466509263824,-116.27234465773958,0,matrix,72.79391810551762,12,302.298504372325
-133.4320997492756,46.965006158244165,0,matrix,51.6179046259906,12,333.68264589853044
-291.85866625976576,-97.35167773664952,0,matrix,93.01516319253203,12,277.82836584763123
-249.47806148497168,83.30764787694389,0,matrix,60.96531578064508,12,117.11144923306067
205.49746384356075,-120.68485573641698,0,matrix,81.87069811546951,12,322.564821734057
-158.90324846493473,-36.166063241194166,0,matrix,66.55388581784393,12,56.202118636181005
-178.76677741591232,-60.50637314217403,0,matrix,142.21328789264192,12,329.67602144269057
-284.0373488689486,73.97185044026423,0,matrix,134.32502185227122,12,13.31602559549359
258.586077795969,140.42278926066479,0,matrix,110.93866787031615,12,127.2949093235395
-289.8297588549706,-45.19553324830014,0,matrix,117.30881648887436,12,58.07598026158547
-94.10802303103281,-26.136856229732913,0,matrix,44.98618830725241,12,255.24947714260097
-154.93116976828816,93.1048181429324,0,matrix,91.10295380976672,12,128.9816625395993
153.6824654638437,115.38104972743787,0,matrix,87.74789811523415,12,184.30729043576875
-261.64029677976384,47.40946529734234,0,matrix,61.65315172604586,12,29.21963971778124
150.8456861931627,-106.71211046475823,0,matrix,134.05546096782675,12,193.38519818774193
99.05019917165617,112.98870723014613,0,matrix,147.7274182359263,12,157.26924250937506
-206.8656108700699,89.89784362882264,0,matrix,42.474543372033786,12,95.27125806304058
162.0895690396128,145.01790308694626,0,matrix,122.50206524180184,12,68.34317392574441
8.553409922348635,40.588302406514174,0,matrix,51.01763815137102,12,206.0545754224564
-180.9784911644518,-108.67261813078093,0,matrix,76.75562447174065,12,147.22913174795045
-16.216572293236254,78.76371231210851,0,matrix,66.76612254777504,12,36.95109000118729
-41.01376615826882,-62.10435586702687,0,matrix,39.94220175910165,12,115.63772936911136
292.52253917869757,111.85431182796867,0,matrix,45.3821696782381,12,282.09731405641224
227.2317208682125,-24.500852469929313,0,matrix,120.8727938018822,12,146.9740747813722
270.6273210793761,-28.08796512456459,0,matrix,69.98756803842956,12,226.87540990323012
-182.28282275718635,114.25750621506853,0,matrix,78.71895471995633,12,56.42153913145392
21.801405581988945,-78.49777615893451,0,matrix,120.8041386662414,12,329.77254446711135
85.97348468328238,-16.86850861131478,0,matrix,122.30375928220015,12,167.92895002299383
173.98096773861533,140.79146284771429,0,matrix,128.77590498726516,12,161.6830051595592
112.23894641833914,-29.085845018271456,0,matrix,111.7015976321621,12,223.0028780359698
-86.87602042504133,-41.20251429898644,0,matrix,56.704804521981295,12,277.65524937553477
-151.11545486762103,-98.07701468190069,0,matrix,85.58600271870012,12,111.50862368939303
72.64058255564026,78.47041501952145,0,matrix,73.02665618118148,12,255.67075693977054
97.1197047456476,-38.97340606552929,0,matrix,45.31753632018528,12,183.48712703829028
179.8845980556781,121.78158591267515,0,matrix,137.5221658890522,12,230.13881608269315
-22.577845405770006,-39.31810557695333,0,matrix,50.29498380291143,12,239.0498704915645
-240.81334776028692,88.30538434734169,0,matrix,60.638140437619505,12,352.339394490217
180.1041408758183,-14.446163490483855,0,matrix,43.7432791833263,12,314.1004407967389
7.0970265933272,-62.54702698224273,0,matrix,117.90112606346447,12,159.3842181676445
34.52603683709981,-81.08723518171634,0,matrix,58.291476618748355,12,157.53871510408592
22.473772276236048,110.13964637879872,0,matrix,50.1852476020507,12,258.99002878598884
-81.64289312164985,66.01236758504919,0,matrix,110.46686384216348,12,91.01750248890548
168.82814226215385,-124.98653325613768,0,matrix,135.250802026228,12,135.15801147785018
-57.76115156414508,-19.892900361658178,0,matrix,59.39970591061892,12,204.56998240106424
-11.604634260565263,33.273862163769905,0,matrix,37.43187176077474,12,220.19874905950425
-20.089226632791735,113.4000132960038,0,matrix,97.31348461031591,12,304.86627426071703
98.58691151174634,28.521922374183674,0,matrix,116.550285737579,12,78.60863760459027
293.2044167210745,117.3626497257444,0,matrix,110.88290090418363,12,126.86640710375421
-96.99770083776079,134.37248787858346,0,matrix,58.92402850641031,12,232.4940713257982
32.11287793131413,-51.94660788816712,0,matrix,105.85163435257657,12,162.13852620385762
-254.54595698853979,-21.80745474461756,0,matrix,141.5739609500351,12,114.59693853514067
155.4976975885769,-126.99731560675365,0,matrix,80.6207876396697,12,72.12040832835902
-241.80999817109392,-61.655855660229406,0,matrix,68.05006566443966,12,4.2847234166336845
-88.79064213364634,68.69145000199583,0,matrix,39.111121026951004,12,313.65658922234456
-249.47835700183998,-31.321587385913702,0,matrix,48.41525505603683,12,200.9785312183627
-165.87083578071935,59.855152051845096,0,matrix,84.79765943105107,12,201.82426385491553
-27.762436644852414,53.883344015905806,0,matrix,59.543082209875884,12,47.57342460047569
131.8639029290236,-1.3195128215697878,0,matrix,86.77841046317931,12,229.20046794638358
-188.9846677839967,33.266127021172196,0,matrix,48.01984101074323,12,125.60889714441662
-211.07542012322344,85.99902858928371,0,matrix,56.43539698398047,12,96.46895033276589
145.73132480460424,-65.74340519917392,0,matrix,41.08428949970261,12,359.08992866264475
-108.10935020430477,25.447534963376285,0,matrix,82.60478934032393,12,268.1081216921305
69.5686170370629,-115.23852595161348,0,matrix,135.89687773122355,12,10.988600112779512
-289.24044524261467,-31.43533486902858,0,matrix,73.20938072437144,12,133.56742908112787
287.8370618756858,-108.05688351885135,0,matrix,68.94205786694066,12,135.71307916704083
157.31943547289973,34.873377763582255,0,matrix,71.24638125237999,12,207.13650589696437
-0.9892885256726345,-113.49623274384233,0,matrix,101.79660269644907,12,335.05643858358286
233.02724678900302,-61.340879992642556,0,matrix,55.119093798185055,12,119.91369172474089
282.46308357848545,36.13883390204654,0,matrix,118.26938821544093,12,204.76780713748008
-209.94507309207614,-111.97864660056646,0,matrix,40.02478962580732,12,211.206134101362
59.52483703358229,21.029325489670413,0,matrix,38.44306118421305,12,325.00660605457983
-169.94125275675898,12.638719102392315,0,matrix,88.99992817429514,12,263.2021896484851
106.40230363010437,109.52680001399926,0,matrix,148.77376872072324,12,248.31612508190693
-20.152447562567886,33.49170138002697,0,matrix,128.2132505624405,12,166.63348605792507
-197.4839509545327,-142.24194613968828,0,matrix,66.7791445604129,12,355.3989689246588
-128.8908626084412,142.3330420024352,0,matrix,139.98036310268247,12,195.8406412372284
-75.29579804169,72.41415316916093,0,matrix,46.75879013323161,12,9.564607054477392
-202.14317701019297,-17.71946790998473,0,matrix,53.20457221443313,12,283.74696952881277
-133.91695439894542,4.17257066031496,0,matrix,58.83253420799338,12,295.66417995404584
101.52250318569452,-118.94843327348653,0,matrix,104.95755497784566,12,10.804406396630664
-264.56068201306084,13.485175786296509,0,matrix,54.414330790705975,12,208.93859057684668
-73.55583157067466,45.36929529557787,0,matrix,97.6047473535707,12,117.19007191146378
-184.95057860053242,136.24951693355985,0,matrix,58.131418007904756,12,132.64430443880195
-71.25140744585227,-120.55904540082017,0,matrix,86.82192759353958,12,328.44337699301593
-70.92849635151632,-33.13795945362182,0,matrix,110.8612638219207,12,179.70450228857686
-172.7639465505328,-6.368946379175071,0,matrix,42.087330536402106,12,299.25906493871213
118.79770388965431,54.05778322885138,0,matrix,60.04027657267216,12,94.04500726635703
288.7854953663192,-90.9177253601292,0,matrix,111.44704528146515,12,346.70086048441215
-100.98849439514115,-70.11894755626881,0,matrix,43.19562973808515,12,47.544915489843774
-219.25637512682727,91.71449874881006,0,matrix,38.87112206200111,12,158.0764463831345
-242.18468899067304,-4.157611400610136,0,matrix,58.699549580740076,12,177.12967856788953
76.30694472096201,-35.817997299097144,0,matrix,107.82563656880134,12,114.65930194084017
102.28023336805927,56.064315365892384,0,matrix,53.518056653495215,12,314.60107313313296
-86.11870748553113,106.0202418284714,0,matrix,67.48317387889921,12,343.1107350611548
-278.1901956867122,-104.86906600758198,0,matrix,39.701403314904795,12,173.66197086594707
221.95133706268234,63.53795591747189,0,matrix,130.0446415359875,12,349.0698805867283
32.043013417961674,-41.18789521790694,0,matrix,78.99070257214466,12,163.482692438944
-222.96286582010993,-135.3519750468484,0,matrix,76.6061167719106,12,311.14501053511725
75.43089895050923,-1.6895667235320104,0,matrix,126.18134948326887,12,86.6109095681142
213.59372806185604,121.59426708451804,0,matrix,126.24384201222757,12,117.8527491881219
-70.6892096593642,-45.10743200960236,0,matrix,126.53069869204745,12,261.35079797348476
-197.44664710628976,74.11656460447384,0,matrix,57.81673538462191,12,14.614383459553725
51.62782640180819,55.07635380880376,0,matrix,97.7330729833485,12,167.75179566446437
264.49147966052215,-123.48068677556238,0,matrix,56.776371862280236,12,347.3059734631749
-96.86295193589538,100.20156567517085,0,matrix,39.11945881115444,12,83.48078545031072
-124.192758552588,-39.805650806562824,0,matrix,41.409607662545206,12,128.2804175821902
82.48163858148547,28.69185497287853,0,matrix,39.88496283499818,12,291.81541625770114
140.96412364437555,-0.803067087679608,0,matrix,51.63040063304127,12,33.703411744257544
-130.7250776611983,86.59603644098735,0,matrix,58.2068131508984,12,4.5899875991784445
-146.86706898384682,-113.56725622884574,0,matrix,61.61749818397657,12,333.66056539000203
294.40515942947866,-87.72805415769714,0,matrix,99.04126656572416,12,11.470793460918252
43.168731679377004,134.45360378916774,0,matrix,68.33071971162981,12,62.872172550921206
-200.79267494035668,-60.288568063063934,0,matrix,147.99781985405718,12,238.00288096250475
144.4763987849097,-11.123443538482093,0,matrix,82.52092022005506,12,85.73300635163612
-88.22889935648661,41.17545451114728,0,matrix,70.68990155150173,12,247.6752229889669
91.34589104017329,100.98989825526849,0,matrix,82.85495808913984,12,312.7301952001804
206.5762418744822,144.4231684423038,0,matrix,134.94431443817624,12,50.543982115108065
-173.32209807318247,-71.6386910652688,0,matrix,120.42666999943438,12,250.78305023200468
-240.3111801544099,-13.382916644192647,0,matrix,66.4155140802907,12,145.6061500536108
-104.13763505218233,18.685261227829756,0,matrix,47.63840663430018,12,46.937069499966924
170.62369181398623,-89.60242860777961,0,matrix,68.05815535241364,12,97.19785162257381
-133.4798771969907,103.51400715350394,0,matrix,112.5030701490982,12,207.72026518530083
74.80792018635105,112.03666303835746,0,matrix,74.18984767145952,12,224.55170064931042
-116.5761170334637,-26.116945619188513,0,matrix,123.87235788745335,12,162.53665998401934
205.88759268990975,-60.55603311440795,0,matrix,78.7591374957987,12,9.15415047933449
-82.37612856858001,-88.43545454982541,0,matrix,125.96520684484221,12,130.4123838880924
-251.1919661891459,-138.4704407810487,0,matrix,90.40612076844323,12,329.88752227299744
-295.3459484278971,24.01518645562402,0,matrix,71.93239681259003,12,8.185573243094098
172.04505345550217,-114.76400281241905,0,matrix,128.12080071558543,12,222.81780933697644
157.87797380564172,66.06007611238726,0,matrix,75.09171931693828,12,247.89008983695575
263.8347755140562,119.87984693266645,0,matrix,77.44911586432926,12,60.54010286219165
120.49998238074232,-68.68229698740025,0,matrix,108.1773371582623,12,324.7970663545952
86.38510312685764,-70.4049728881112,0,matrix,92.24412051898626,12,147.85238303708735
119.92071596415093,-4.666133242806524,0,matrix,64.26445952308805,12,317.34456432689524
-122.02310517043412,66.33386574826142,0,matrix,44.98167483911691,12,2.0375907269390403
-264.3029436666373,36.494592623197576,0,matrix,88.54218934017896,12,162.06999452058452
-80.17213276675784,96.55001797946505,0,matrix,144.02452951440756,12,159.3200867739722
251.72653807080417,-84.76679149184329,0,matrix,73.9722254016085,12,8.011341300833998
-100.29057030657432,42.17849456786925,0,matrix,70.47828269017174,12,74.40772357793566
295.1623831966865,96.85574109818154,0,matrix,100.11450826532698,12,34.25536652339335
-101.168466546747,-112.05237581366701,0,matrix,109.14412905614711,12,214.85508232939378
-242.62913400281604,123.44981836014165,0,matrix,122.60891330469968,12,71.54831246137552
86.01981932504458,8.419475829791566,0,matrix,66.31952586485922,12,295.0727617677386
251.48418643958541,33.25896178942773,0,matrix,98.64210952030768,12,57.9810985870129
-166.02572918369574,-132.28856579919528,0,matrix,54.244240242014804,12,264.89752010461774
148.82402668878933,-37.4071404512744,0,matrix,68.47258312832965,12,164.71135532416685
-257.1559222040723,78.70169357186904,0,matrix,65.62467325422212,12,35.088206712507
-177.56374703375204,42.23399292552659,0,matrix,38.12651872471475,12,306.9015156248037
173.58041799539814,-146.7960923473651,0,matrix,53.32401504317157,12,83.60528209014136
-108.13287798603989,139.06051560638952,0,matrix,41.757436154273464,12,264.5834196360719
-54.248914511244806,105.17026200360289,0,matrix,52.73594725004631,12,175.48269392592573
129.0039083424569,-109.29248822546695,0,matrix,78.11174966024676,12,10.927779108050357
33.85175815468631,130.04452151754106,0,matrix,70.87568711466777,12,169.39269724399455
33.802814570461464,-9.264683311585458,0,matrix,57.883919071803525,12,181.92559702528462
143.91116264210712,-133.3066709766764,0,matrix,46.98002854076735,12,89.59924077112252
-286.2128808249153,-57.19158749260454,0,matrix,91.59414587905148,12,113.59396294479207
199.51387476515362,-89.62937577123182,0,matrix,52.94689257258081,12,346.8733314912955
208.44356891320024,-67.45717731854725,0,matrix,39.41004128791936,12,293.17017231086066
97.3270251686522,-131.81899574636864,0,matrix,38.43199627109049,12,146.8329168621221
-46.65759729726554,12.062110950253015,0,matrix,109.50777917226074,12,30.327188790354505
23.44115216494498,-106.05525019822865,0,matrix,60.42725835123369,12,279.11705079235156
-187.20145590760336,-139.42362174526752,0,matrix,78.79466355844845,12,89.58387034446052
-285.80042451234095,-118.71512601253892,0,matrix,84.21620443417555,12,192.2989205614527
26.12561358886046,6.612050755741791,0,matrix,83.7293399568815,12,142.5721043478441
-271.9726456078905,-64.26881481599122,0,matrix,39.81378102481822,12,266.14171447704746
-172.8068966751555,78.32330098100974,0,matrix,55.333266407627804,12,89.03609465103513
34.837132727639016,-0.8006630418588827,0,matrix,128.35513122821453,12,96.5492151128436
248.47879495853897,-118.27944791109303,0,matrix,67.79117006524551,12,112.2905688805568
231.7719570937246,93.6899468261932,0,matrix,128.086896918968,12,162.9432822271067
-108.99625451315003,-120.01301595753458,0,matrix,51.56332923382605,12,179.083250823209
79.6951515111736,47.188045393051425,0,matrix,82.47452285054995,12,115.0863152349242
-49.46525434436316,-129.53750071972235,0,matrix,44.80475802175468,12,78.45391796350339
-197.69127719357758,-36.534927043007386,0,matrix,73.83595923822567,12,314.0052710149186
77.37629487977125,-44.64650771730018,0,matrix,40.58003109537512,12,67.92747222664103
-10.643860484039294,-116.25465688074388,0,matrix,96.7329183304052,12,53.192308625856704
-109.10225674501811,67.84844459190091,0,matrix,147.2983943823923,12,113.45497771749194
28.43895736169469,105.95337146989664,0,matrix,56.92712490298884,12,300.19877926885925
-79.98276175025873,129.56836611955157,0,matrix,72.7794503939418,12,198.55184882102373
-5.7135921748094916,-31.380949290724033,0,matrix,37.98716522108309,12,301.9635205682876
254.8307504002746,72.85137731009041,0,matrix,124.49235650022561,12,4.054601075717339
-226.98807616949074,-46.207666429749565,0,matrix,101.66291740614531,12,229.6091515455288
-202.09720988994331,62.35503585875159,0,matrix,61.30417046161902,12,173.48434489952126
181.46920062856202,-27.359601362611485,0,matrix,70.66920696415232,12,301.8907068561989
274.2185142481427,106.73647860911427,0,matrix,44.46122377686557,12,281.71167323926727
-156.5690784714977,-108.77171616600131,0,matrix,73.7743569830879,12,38.45443084032674
203.60674693254907,-117.4783558335836,0,matrix,54.197696498528934,12,149.1515998542429
211.177858513412,-73.58042973687738,0,matrix,48.16167286810171,12,243.0743835937919
-96.49222755512298,20.013927435985323,0,matrix,119.8926661275003,12,240.3112625236057
150.24420283391072,78.8053996467174,0,matrix,123.47720681680715,12,165.043236854517
0.09830179964546915,18.773270894304574,0,matrix,82.2126841146242,12,314.9314847429213
-243.73473832382737,-126.29434939626563,0,matrix,113.50539731796916,12,118.70135796066421
-63.645253541311575,72.95180818138803,0,matrix,91.63645609635158,12,107.09781018504991
214.26388643474593,-132.61909276881784,0,matrix,59.60492583676016,12,307.3309563558938
187.60889469203897,142.9055371060811,0,matrix,40.63806675833236,12,156.0367309623513
-82.53909153378899,51.28110704768537,0,matrix,110.97476657872204,12,352.7596728523466
-288.1497065221346,22.35806504102598,0,matrix,76.21953386335248,12,32.81361372758737
101.67649514772239,-93.100062208411,0,matrix,76.62128531943559,12,117.98328977861537
282.02853038213436,-72.22179904172243,0,matrix,56.78005560772321,12,233.96965845170166
41.56736261281526,-29.854025130149964,0,matrix,81.89051867716027,12,156.12608854072494
-153.7955394684402,-20.453350297504414,0,matrix,73.8969929527058,12,9.218921821477908
22.517689662338512,40.98480591926841,0,matrix,113.24287141538689,12,305.09483121509595
72.05676958184506,73.34256250781638,0,matrix,44.03898838094707,12,73.11753506895401
-228.51640457026375,142.57218644409494,0,matrix,108.08682658988685,12,199.34002319350066
226.19038247961691,-73.66768135531969,0,matrix,139.12346128305072,12,35.608623018305764
133.80599469324613,-73.4510061430394,0,matrix,41.57237355820478,12,64.12624135165362
-52.59950319079803,68.45827619972937,0,matrix,142.53965699406373,12,55.69949174559499
118.14973404634895,101.2864089018116,0,matrix,47.49206190421746,12,45.365882273635265
-11.889752383663847,-60.87211795615521,0,matrix,74.46767667402641,12,357.64407957203343
145.65824940341184,91.53884583903988,0,matrix,59.200653941197466,12,288.4853227186784
-28.68538801061044,-148.02232921785716,0,matrix,64.46419184206717,12,273.0498664739724
-50.73862472189214,27.266903633203356,0,matrix,80.94401591511632,12,109.37441722430681
-193.7365488443187,-72.61639593654363,0,matrix,51.21298071271161,12,303.48933790058106
-244.06516828502365,62.33048120854028,0,matrix,111.80725003359343,12,130.4242677140721
-160.17683923118005,118.03334209071892,0,matrix,66.27718112053908,12,333.5552073973389
-73.96972442930044,79.58589131004683,0,matrix,38.70465859464054,12,264.34353908989806
39.0671114496933,-100.08238801184064,0,matrix,54.7161205430745,12,275.6393767830412
261.7407656903232,-103.2847059592882,0,matrix,138.01145708472345,12,116.6252866531832
100.48574510609956,69.03920141524713,0,matrix,50.03879930033235,12,21.68139216848192
-92.03586546578546,107.76928831088742,0,matrix,116.37769368093625,12,326.26294812513487
-98.59546395299273,-10.705864113986195,0,matrix,80.94571759341957,12,329.14176677283643
111.67412760192849,139.82116133372637,0,matrix,85.65689445342055,12,351.9211810222087
12.435258301314263,-67.46638863572764,0,matrix,39.30853482562212,12,146.24466583682624
-127.53076344271679,-25.12760816883764,0,matrix,59.65632507410405,12,286.4249177258958
260.1434204707962,147.6472192028466,0,matrix,112.53087137783731,12,266.11529426735456
-113.99490422624666,-6.976132288187131,0,matrix,86.02544212027098,12,56.71831271670908
2.1097349454694836,67.18444805800922,0,matrix,136.17199827187648,12,185.35015724383123
-259.05537162568123,-52.49605880066267,0,matrix,50.28256330575785,12,113.97110710415372
60.38772049544059,108.43539788460674,0,matrix,133.39072968443622,12,126.78486371466863
-118.71966054578797,31.72212727575871,0,matrix,112.4314395116523,12,34.74310940024685
-171.3407087891243,106.77016716872282,0,matrix,69.9252090135591,12,117.41782480805486
-231.6269035572027,-126.58082704507683,0,matrix,86.53948799696632,12,193.12900511157466
287.44110665979144,-41.896496590770795,0,matrix,136.87951225232482,12,213.72324825916346
124.05698059675575,86.07020901469716,0,matrix,69.58072690568284,12,104.47581619119957
-250.11082105339923,0.8934114915344651,0,matrix,59.74292915249662,12,277.41660683337227
250.76450298022098,102.71141857448117,0,matrix,101.71063490006541,12,65.21115174588225
71.58862652503393,34.28541294802042,0,matrix,71.01340376921823,12,137.03501507815815
-25.34614808108779,-26.810245144876006,0,matrix,123.39439464069663,12,178.51258341162637
60.578000395536776,88.1673560944439,0,matrix,43.62823625905237,12,265.03405318786093
96.99230636507349,-102.9928087140224,0,matrix,84.548461795019,12,156.3924854260441
81.88592065980026,-51.51259544764373,0,matrix,118.36995553803854,12,89.71315838144791
-245.94738386157226,112.60022099632124,0,matrix,40.81609284647023,12,345.49769606920745
48.12257982707206,-107.67154712701037,0,matrix,127.58776606699999,12,160.9059629347703
200.06492606012773,25.317566279618262,0,matrix,57.424784297015385,12,296.3941053107233
256.9604355652003,-24.346174269454863,0,matrix,137.94269678483082,12,90.20546119488846
-270.90928931540293,87.90338981458234,0,matrix,44.246829335336336,12,204.74444403645415
-137.5411528771583,-147.13596487113065,0,matrix,110.55617849872765,12,276.0111544161044
239.2193226747131,70.55332585927621,0,matrix,77.02900785308476,12,71.28157477530574
-274.6229811572637,67.68197588102734,0,matrix,53.66858470695956,12,118.90726039693777
189.56357048343642,54.542223874677376,0,matrix,39.05332595752059,12,178.243274845953
3.8269972154942593,27.525925873310797,0,matrix,90.27811247363205,12,288.16322699466275
250.05559974494076,137.06657610199142,0,matrix,96.24860734187543,12,14.268175710367084
-240.60256591726554,-31.487532125958808,0,matrix,76.20502881445029,12,65.12558452863983
-31.06078195971577,-132.26613760157048,0,matrix,104.34723543642463,12,286.6977755335619
-10.490798465750743,110.38945314717222,0,matrix,63.79812059050449,12,62.28978093580138
-90.79456207446731,-110.60260439180365,0,matrix,79.61571147533952,12,194.83601790172858
-262.8266918910184,-18.24228932820273,0,matrix,59.840179793630604,12,307.4220968945695
139.6961179194804,-31.8746642356018,0,matrix,67.41450730288824,12,203.4488944822083
19.810983683802363,-58.957699156939256,0,matrix,100.24718936244173,12,26.099412290317204
-110.56634960547541,143.40822761491302,0,matrix,58.278860429926276,12,268.4287927898823
289.1414758664288,-1.8033758717968738,0,matrix,79.32100900926625,12,322.0285295544782
-110.06702764039315,-56.31075867877556,0,matrix,92.64428086852472,12,55.098406122878096
-39.41244136463803,-117.30012490596971,0,matrix,137.61166314095544,12,124.45329563182635
-98.9805963704695,-52.55330167724668,0,matrix,142.55480938801048,12,96.58761005594107
-107.74971118901266,6.635428969424197,0,matrix,99.50723440822254,12,46.85893745486272
-72.8870204414437,13.630843598466925,0,matrix,46.587541623522355,12,292.1162739781416
-293.81449895723506,128.86843152338594,0,matrix,79.20634040207112,12,118.5440109036775
-81.27412559184651,-3.968044207298135,0,matrix,39.19687439159909,12,53.20052868412
-229.42375211707315,-102.50151871406804,0,matrix,107.44517974310338,12,109.78359345089693
239.33592801290433,130.09240890771582,0,matrix,80.19706572759168,12,189.89443186920744
124.35820405515108,-122.1955544879667,0,matrix,38.20727785032009,12,42.91631337770544
54.80569090408079,47.41186537941138,0,matrix,98.33990529021276,12,177.296139528971
-47.140130179510976,-49.34975864448265,0,matrix,103.57348384467817,12,89.14709669626541
-147.9297792061818,42.56790373632833,0,matrix,38.846327851666125,12,305.3145478631333
60.49805191168741,-22.048641409670736,0,matrix,76.03937875889743,12,176.19283962832833
261.63342360147624,81.9355308244032,0,matrix,73.1581157824069,12,165.31214298711026
-217.32316489962324,75.60177734830714,0,matrix,40.44531089759869,12,71.53604190303986
-253.1123433478772,100.55070207742634,0,matrix,106.66811725242837,12,94.04057210748444
1.0409192598803543,109.57696550029436,0,matrix,80.41557825675496,12,320.92067253347483
66.00567216188097,-140.9217177390103,0,matrix,41.08158914158227,12,74.95869589048685
-227.11395260610712,-116.87124404280026,0,matrix,45.238756520133784,12,339.96270129872295
-4.536773742231844,-83.90578959696946,0,matrix,51.4852516801971,12,245.14873321198434
55.34486381761809,-123.39660842103173,0,matrix,98.38257201046437,12,173.65769475108402
-45.09485020701817,144.71644146951758,0,matrix,78.17068264376469,12,133.6183040951479
17.496235110407895,68.1207980760847,0,matrix,56.6436545688526,12,231.38294816888788
164.08225623745665,-81.01673298951799,0,matrix,99.01002193811281,12,226.86760498955869
-118.97829676777823,20.584233318589412,0,matrix,53.53113652730003,12,48.04053123027734
-202.77923699292526,9.012815871501232,0,matrix,47.27153126588759,12,302.99548473476784
237.24368510514694,-102.58731670444068,0,matrix,47.1374371113408,12,198.85622797046054
-121.28602716894983,-123.33529591269615,0,matrix,149.03560310370477,12,233.04078550515425
-241.12345063856958,-39.4160723771446,0,matrix,104.49915510805822,12,100.57896564814708
-97.70068407806284,-145.77381605644405,0,matrix,37.690276772819935,12,96.93443665892732
-140.59712076469214,-118.7947875060958,0,matrix,38.92754343356761,12,344.5907878700144
29.225100615543113,84.20959491856658,0,matrix,44.451479949095805,12,322.6275326369332
-11.398121372383628,-136.80184650568054,0,matrix,81.87449195648202,12,3.804175442883242
-64.0665093907144,111.59539022963429,0,matrix,108.20163388832557,12,283.33837926076444
275.22483011037536,118.08403386458889,0,matrix,84.73255941825153,12,183.04546538519435
-45.24847319674751,-135.60824109186532,0,matrix,64.45280360763633,12,97.70518003845838
-150.98277341092506,4.022427107844322,0,matrix,62.98946055955092,12,248.82159142129748
13.763477741939198,64.06817832558716,0,matrix,42.312050966520566,12,70.84652321480166
-69.35422834731969,114.54693642256751,0,matrix,89.5258881038722,12,95.51282254917275
234.3232227807133,-19.589258734524407,0,matrix,70.42504602391497,12,13.208931816454914
105.08851245609856,-30.11646397569156,0,matrix,47.75891861970059,12,226.52758097757066
197.9031431053126,128.61600017873872,0,matrix,145.97098558289352,12,87.7202844895716
-143.3657274510802,-42.48227777142809,0,matrix,92.24880411137724,12,268.29069573572866
269.33414580873557,50.03661819279009,0,matrix,122.46977856023952,12,223.77045438661375
-167.85669523036896,-126.5259736393536,0,matrix,74.770183789218,12,265.7410455221753
98.03380259465843,135.06279957054062,0,matrix,55.1673609690979,12,27.49638432721477
-69.35237822362825,-9.280326284597379,0,matrix,62.15289627646157,12,226.93024133498508
-41.70538574493628,-8.490011753951933,0,matrix,131.44273123980562,12,99.10003548841946
-96.14869828597071,-57.92193929129766,0,matrix,65.9637179243269,12,109.29453152834675
-274.3403795994801,-77.28249368886809,0,matrix,104.80749779439876,12,36.224666035496696
-267.21036018637517,-9.068636498489099,0,matrix,51.00944615057535,12,130.43154282949646
-292.8051878174837,142.3707029688037,0,matrix,87.26809934570915,12,128.82958946531318
-82.26172499419721,26.55896422444212,0,matrix,98.8338983995952,12,70.0027035219065
-118.81427186918103,-80.40498499772362,0,matrix,95.11083512911253,12,29.41499057007222
-34.72357785316376,-24.81084582232731,0,matrix,128.49999631946525,12,56.93316215954743
190.52578682536756,-66.48316132651996,0,matrix,49.268961104928955,12,31.100048248384713
-238.3043941493571,-144.55538893914652,0,matrix,47.14966545091606,12,276.6923965609806
-8.717194996486285,-37.13263241689934,0,matrix,69.79448253909437,12,116.25242475867691
77.86003080220661,133.8282148490582,0,matrix,82.33868987083842,12,141.01702251977565
134.38587416459148,-80.98328751643679,0,matrix,51.431687728066976,12,36.34536559359689
-4.401222304485657,-146.00691198710368,0,matrix,145.73435871168846,12,268.8735282875433
-145.69549474479538,66.80739390025946,0,matrix,84.28164974651257,12,196.60054442842318
278.08600033917173,-39.01866008601813,0,matrix,81.42510434035052,12,357.86181920608004
163.43348554803663,12.760353354392493,0,matrix,53.02448725509494,12,95.16585589986808
222.99144531742343,15.788860059147567,0,matrix,108.06697344922233,12,60.33240552861317
-140.79210140346646,-59.6599019589726,0,matrix,76.36014720887572,12,214.05923598625537
19.50646222634947,-94.30330158550237,0,matrix,41.38782328779477,12,224.36926783881887
-229.9896550274986,119.89375532850033,0,matrix,146.33716679568516,12,296.20626728153485
-274.3763098305935,-28.41706382043742,0,matrix,53.21908619829577,12,228.24103324701616
268.92930185794864,28.73504129878509,0,matrix,92.57979120924446,12,80.84282915436792
143.4931473687693,32.35451643075669,0,matrix,121.7466609566497,12,202.16408827312276
-266.3741556765704,-91.02293061063747,0,matrix,47.03439236244331,12,9.905396798818543
145.50375646406098,-79.95183749726863,0,matrix,130.00448315412652,12,261.92088435359966
151.62462326708612,7.753067068912088,0,matrix,133.04531114005792,12,319.71347334835167
-65.39898056290832,30.090696185037473,0,matrix,76.02195405852387,12,323.3469285784303
85.13793807030902,-78.25493183849197,0,matrix,38.071358495063336,12,84.81697980359966
247.287740312751,-55.93234547291665,0,matrix,46.29270105967421,12,277.06652738024474
10.798643366732733,32.275427916572426,0,matrix,77.90254347975693,12,256.612480314643
232.9545565184651,27.068170057260915,0,matrix,69.69092186700423,12,75.02325982187155
-224.69326789658038,42.78799753444258,0,matrix,61.183340652358524,12,88.92039397409819
-260.00029634835255,-109.07942333688915,0,matrix,100.25265039673393,12,285.2571281553847
-110.96293970447715,-144.63000896174057,0,matrix,110.90534789540399,12,66.72365520595919
-272.889940520168,113.13660232251618,0,matrix,138.8477332538465,12,226.52903490013261
30.947697541934758,-101.40832060130478,0,matrix,69.3400785521793,12,199.5699309264882
-180.7467036085908,66.67166500731881,0,matrix,43.83613999748177,12,61.67405281059786
-60.05434715777514,-48.845197933033916,0,matrix,114.18781431214747,12,128.93433058712347
261.71428899441,-63.50442178430335,0,matrix,46.53915401135569,12,237.7340679047786
144.54834738217244,133.0875506936373,0,matrix,39.479736414009665,12,191.28179777883676
-152.46098636478806,-48.988017460221954,0,matrix,107.55178562445244,12,92.54783357326171
55.30416460617954,97.27864938016697,0,matrix,91.9811226715577,12,328.2561211861675
156.21584330840187,75.88758642066793,0,matrix,50.763154996811735,12,187.27297726111348
161.40702790984108,-94.73064464174058,0,matrix,146.22535778036448,12,271.47673151359885
269.2645232013675,-141.91576703945577,0,matrix,72.12402535753681,12,350.18536188852215
25.85327891243287,-143.05541666583122,0,matrix,104.93143666607881,12,186.60728360709496
52.18092772725845,6.734014493750777,0,matrix,113.0617164066389,12,351.6620456507568
22.943914392833904,-43.60414438603472,0,matrix,39.545416981453975,12,146.75189854422953
295.92965243969013,129.4190326126473,0,matrix,38.495600804357785,12,162.21055524193017
240.37473871143618,-68.18187159646516,0,matrix,47.440775141177646,12,214.08294542166152
267.5331726897127,-106.36816777025315,0,matrix,52.082945225140065,12,131.69668451450522
153.37806627899255,60.50463090379202,0,matrix,51.07061544247775,12,246.7487611608472
-195.1917787844206,-79.40255555338305,0,matrix,143.3500793672192,12,286.397913363884
23.530402538100816,13.481029209307849,0,matrix,111.63992868784383,12,345.2995464571656
173.14327514429357,63.87180664474502,0,matrix,74.2917499185036,12,83.04994117471907
117.95052428281787,-22.631475126333157,0,matrix,94.75771386105437,12,223.775370321202
11.737184741558565,-50.93921210989559,0,matrix,79.60399466083274,12,155.88898591227826
-252.03686064051186,-121.178850226988,0,matrix,134.84946986206927,12,13.27982369317477
283.7415614323844,102.91252671291,0,matrix,37.615436274809134,12,245.95820514243022
171.86651470302195,130.56355567635563,0,matrix,90.64584703109904,12,125.65411931638906
-50.26474955594094,-98.1800785761491,0,matrix,65.86173867792064,12,223.33865485057356
-10.444157273668452,98.80356456112702,0,matrix,76.30887263882623,12,142.3122061802861
73.81651837030046,55.9103415257438,0,matrix,112.22955650800094,12,68.50745980791854
263.14250515681306,15.503496860270502,0,matrix,79.77023650797497,12,201.6193201265264
-8.198636981281425,121.72830320567095,0,matrix,68.3667861980471,12,212.64861834710027
8.396531201505297,-25.51840733302619,0,matrix,51.70210889244665,12,112.1397173626422
-243.37150511767845,-22.982083397872017,0,matrix,50.74076761590232,12,88.90288690934608
-12.764574707569864,49.694984247740535,0,matrix,51.27620453939611,12,29.379096317432452
-15.863187376175404,-50.54074046901337,0,matrix,137.3816544631727,12,1.1573073327256145
-101.74664658254352,92.44185523742806,0,matrix,95.71737314421553,12,169.8256894828194
246.68501836563007,-50.20091001702856,0,matrix,65.93972367160578,12,279.4798071272951
-236.62723252633808,94.78497488215984,0,matrix,40.82654138139711,12,184.63012763921475
49.24912631640666,-52.032206313599545,0,matrix,48.6349656758468,12,160.6414779754866
-260.8729528401059,112.36080227631078,0,matrix,112.88066478033284,12,300.6900300389258
5.581603599682467,51.448799878512915,0,matrix,71.93450905826428,12,80.83262485751958
188.69009665769426,-85.9916158177406,0,matrix,52.44779600873955,12,87.34117401568975
173.68925558426594,-66.77945964555032,0,matrix,51.66757920837329,12,229.43302926193937
110.45874202414001,29.738032508077936,0,matrix,74.25165040681887,12,75.91308233010957
-51.872585394296124,-29.260867898632867,0,matrix,147.1465030921226,12,132.14588229241224
29.715034891156108,-38.7796892777782,0,matrix,56.710459568681685,12,342.833339848654
-57.317405658785106,-4.778684309368629,0,matrix,78.38906721548278,12,128.38272283672256
270.0465774615411,1.201697898356258,0,matrix,95.59654864341712,12,177.54499872865063
274.2462421805452,-40.309879302255,0,matrix,56.513493762797104,12,354.58024977741155
190.94665650944506,71.49344452029541,0,matrix,99.0410081303478,12,206.84846133089388
192.1958090783994,59.17476733620214,0,matrix,41.67249927044994,12,354.6566839715605
-162.00404632981562,-47.74587344741623,0,matrix,140.9226239395466,12,192.9925608892936
234.2429022839715,0.8920612778785539,0,matrix,124.7134056959321,12,352.70573029449207
153.86341063499094,-102.13268887186297,0,matrix,84.2760677306044,12,15.799267047844182
-228.81412550390294,-106.654157393468,0,matrix,139.92435881412032,12,112.31795919831721
270.13184679785127,142.3041364240819,0,matrix,109.95507149321234,12,291.02330392063357
-286.0772846404806,-91.78812559973898,0,matrix,134.23083243471814,12,273.67991697570454
188.85663699200705,2.7862931141296485,0,matrix,129.48956793083045,12,122.58465272346068
-283.94858615677873,-142.68757998316238,0,matrix,51.22311975367138,12,183.49286770626136
235.6355012646428,-38.500680362647216,0,matrix,88.45110009733469,12,20.133906307167315
-160.58417339650128,-8.461288646631516,0,matrix,95.73492369625477,12,64.42536392630205
